-2.13747,-8.46966,8.47185,3.58766e-18,66.4946
-2.13747,-8.45966,8.47185,3.60318e-19,69.6921
-2.13747,-8.44966,8.47185,1.00479e-18,71.3836
-2.13747,-8.43966,8.47185,7.97063e-19,75.6415
-2.13747,-8.42966,8.47185,1.82969e-18,78.7281
-2.13747,-8.41966,8.47185,3.89716e-18,82.9499
-2.13747,-8.40966,8.47185,2.96083e-17,88.5137
-2.13747,-8.39966,8.47185,2.69885e-17,90.9111
-2.13747,-8.38966,8.47185,5.22023e-17,96.2827
-2.13747,-8.37966,8.47185,1.30947e-16,99.807
-2.13747,-8.36966,8.47185,1.94955e-16,105.626
-2.13747,-8.35966,8.47185,3.88802e-16,111.194
-2.13747,-8.34966,8.47185,8.48182e-16,117.189
-2.13747,-8.33966,8.47185,1.08778e-19,122.233
-2.13747,-8.32966,8.47185,1.14084e-19,129.577
-2.13747,-8.31966,8.47185,1.17853e-19,133.353
-2.13747,-8.30966,8.47185,1.1263e-19,143.545
-2.13747,-8.29966,8.47185,9.77302e-20,150.819
-2.13747,-8.28966,8.47185,1.13391e-19,158.563
-2.13747,-8.27966,8.47185,1.05915e-19,166.493
-2.13747,-8.26966,8.47185,1.16186e-19,175.999
-2.13747,-8.25966,8.47185,1.35674e-19,187.254
-2.13747,-8.24966,8.47185,1.38121e-19,197.683
-2.13747,-8.23966,8.47185,1.39477e-19,205.654
-2.13747,-8.22966,8.47185,1.4987e-19,216.843
-2.13747,-8.21966,8.47185,9.95694e-19,229.172
-2.13747,-8.20966,8.47185,1.49017e-19,238.858
-2.13747,-8.19966,8.47185,1.04122e-19,251.299
-2.13747,-8.18966,8.47185,1.25053e-19,265.868
-2.13747,-8.17966,8.47185,1.23389e-19,276.881
-2.12747,-8.46966,8.47185,1.02477e-19,59.7376
-2.12747,-8.45966,8.47185,1.42752e-19,61.6244
-2.12747,-8.44966,8.47185,1.37248e-19,64.7262
-2.12747,-8.43966,8.47185,1.72264e-19,67.9932
-2.12747,-8.42966,8.47185,2.89923e-19,69.9191
-2.12747,-8.41966,8.47185,4.37201e-19,72.9309
-2.12747,-8.40966,8.47185,5.69493e-19,76.5415
-2.12747,-8.39966,8.47185,2.01087e-18,79.8368
-2.12747,-8.38966,8.47185,1.32227e-12,83.3441
-2.12747,-8.37966,8.47185,1.55657e-17,86.6634
-2.12747,-8.36966,8.47185,1.49505e-17,91.9438
-2.12747,-8.35966,8.47185,1.46619e-16,97.5083
-2.12747,-8.34966,8.47185,8.5859e-17,102.314
-2.12747,-8.33966,8.47185,1.95924e-16,108.374
-2.12747,-8.32966,8.47185,6.2869e-16,114.239
-2.12747,-8.31966,8.47185,7.37797e-16,118.214
-2.12747,-8.30966,8.47185,1.17589e-19,125.518
-2.12747,-8.29966,8.47185,1.31871e-19,131.852
-2.12747,-8.28966,8.47185,1.19986e-19,140.247
-2.12747,-8.27966,8.47185,1.10743e-19,146.471
-2.12747,-8.26966,8.47185,1.21637e-19,154.324
-2.12747,-8.25966,8.47185,1.11121e-19,161.825
-2.12747,-8.24966,8.47185,1.29345e-19,173.32
-2.12747,-8.23966,8.47185,1.08375e-19,181.576
-2.12747,-8.22966,8.47185,1.31247e-19,189.346
-2.12747,-8.21966,8.47185,1.30934e-19,199.86
-2.12747,-8.20966,8.47185,3.71126e-19,211.573
-2.12747,-8.19966,8.47185,2.52018e-19,223.374
-2.12747,-8.18966,8.47185,2.36857e-19,231.458
-2.12747,-8.17966,8.47185,2.21351e-19,245.81
-2.11747,-8.46966,8.47185,1.22146e-19,52.2606
-2.11747,-8.45966,8.47185,1.00408e-19,54.5395
-2.11747,-8.44966,8.47185,1.05791e-19,56.8445
-2.11747,-8.43966,8.47185,1.23694e-19,59.8885
-2.11747,-8.42966,8.47185,1.25386e-19,61.6258
-2.11747,-8.41966,8.47185,1.29472e-19,65.3134
-2.11747,-8.40966,8.47185,1.4742e-19,68.1118
-2.11747,-8.39966,8.47185,7.89508e-19,71.7772
-2.11747,-8.38966,8.47185,3.41341e-19,73.9759
-2.11747,-8.37966,8.47185,1.60946e-18,76.5599
-2.11747,-8.36966,8.47185,1.2996e-18,80.9295
-2.11747,-8.35966,8.47185,1.07201e-15,86.3357
-2.11747,-8.34966,8.47185,8.01233e-18,90.4566
-2.11747,-8.33966,8.47185,1.44766e-17,94.8889
-2.11747,-8.32966,8.47185,3.47543e-17,98.7391
-2.11747,-8.31966,8.47185,7.28743e-17,104.579
-2.11747,-8.30966,8.47185,1.28839e-15,109.431
-2.11747,-8.29966,8.47185,2.48921e-16,115.41
-2.11747,-8.28966,8.47185,5.69487e-16,123.089
-2.11747,-8.27966,8.47185,9.33469e-20,129.319
-2.11747,-8.26966,8.47185,1.00042e-19,134.595
-2.11747,-8.25966,8.47185,1.17636e-19,142.781
-2.11747,-8.24966,8.47185,1.25422e-19,151.878
-2.11747,-8.23966,8.47185,1.22949e-19,157.506
-2.11747,-8.22966,8.47185,1.31916e-19,165.476
-2.11747,-8.21966,8.47185,1.10501e-19,175.373
-2.11747,-8.20966,8.47185,1.30361e-19,185.228
-2.11747,-8.19966,8.47185,1.06525e-19,195.919
-2.11747,-8.18966,8.47185,1.59163e-19,206.173
-2.11747,-8.17966,8.47185,5.17004e-19,216.94
-2.10747,-8.46966,8.47185,1.12813e-19,45.5135
-2.10747,-8.45966,8.47185,1.07131e-19,47.7371
-2.10747,-8.44966,8.47185,9.65209e-20,49.7677
-2.10747,-8.43966,8.47185,1.32644e-19,51.8941
-2.10747,-8.42966,8.47185,1.21439e-19,54.691
-2.10747,-8.41966,8.47185,1.09907e-19,57.2969
-2.10747,-8.40966,8.47185,1.16586e-19,59.5421
-2.10747,-8.39966,8.47185,1.10413e-19,61.9405
-2.10747,-8.38966,8.47185,1.33416e-19,65.8764
-2.10747,-8.37966,8.47185,1.57871e-19,67.4503
-2.10747,-8.36966,8.47185,1.65143e-19,72.3872
-2.10747,-8.35966,8.47185,3.29939e-19,74.8605
-2.10747,-8.34966,8.47185,4.66242e-19,79.1951
-2.10747,-8.33966,8.47185,1.25189e-18,83.2856
-2.10747,-8.32966,8.47185,9.68294e-17,87.0858
-2.10747,-8.31966,8.47185,4.92257e-18,90.8991
-2.10747,-8.30966,8.47185,1.38747e-17,95.965
-2.10747,-8.29966,8.47185,2.48769e-16,101.153
-2.10747,-8.28966,8.47185,5.13133e-17,106.126
-2.10747,-8.27966,8.47185,2.41809e-16,111.12
-2.10747,-8.26966,8.47185,2.47114e-16,118.499
-2.10747,-8.25966,8.47185,4.68688e-16,123.964
-2.10747,-8.24966,8.47185,9.97473e-20,130.526
-2.10747,-8.23966,8.47185,1.14334e-19,137.803
-2.10747,-8.22966,8.47185,1.1024e-19,146.363
-2.10747,-8.21966,8.47185,1.29183e-19,153.722
-2.10747,-8.20966,8.47185,1.19457e-19,161.927
-2.10747,-8.19966,8.47185,1.33816e-19,172.361
-2.10747,-8.18966,8.47185,1.0989e-19,180.797
-2.10747,-8.17966,8.47185,1.17932e-19,191.207
-2.09747,-8.46966,8.47185,1.19159e-19,39.4052
-2.09747,-8.45966,8.47185,1.24503e-19,41.1896
-2.09747,-8.44966,8.47185,1.22021e-19,43.435
-2.09747,-8.43966,8.47185,1.06484e-19,45.3091
-2.09747,-8.42966,8.47185,1.0483e-19,47.9407
-2.09747,-8.41966,8.47185,1.08269e-19,50.4341
-2.09747,-8.40966,8.47185,1.21759e-19,52.6791
-2.09747,-8.39966,8.47185,2.94409e-19,55.3482
-2.09747,-8.38966,8.47185,1.22795e-19,57.3449
-2.09747,-8.37966,8.47185,1.25254e-19,59.4572
-2.09747,-8.36966,8.47185,1.14586e-19,62.567
-2.09747,-8.35966,8.47185,1.1832e-19,66.2663
-2.09747,-8.34966,8.47185,1.46084e-19,69.0137
-2.09747,-8.33966,8.47185,2.05882e-19,72.7599
-2.09747,-8.32966,8.47185,2.76775e-19,76.6175
-2.09747,-8.31966,8.47185,4.64746e-19,80.7751
-2.09747,-8.30966,8.47185,9.42569e-19,82.9773
-2.09747,-8.29966,8.47185,2.21162e-18,88.1169
-2.09747,-8.28966,8.47185,1.91018e-17,91.8078
-2.09747,-8.27966,8.47185,9.31721e-18,97.1119
-2.09747,-8.26966,8.47185,3.16161e-17,102.85
-2.09747,-8.25966,8.47185,5.51864e-15,109.771
-2.09747,-8.24966,8.47185,1.26816e-16,114.078
-2.09747,-8.23966,8.47185,4.49977e-16,119.71
-2.09747,-8.22966,8.47185,3.89541e-16,128.468
-2.09747,-8.21966,8.47185,1.05992e-19,134.239
-2.09747,-8.20966,8.47185,9.74503e-20,142.347
-2.09747,-8.19966,8.47185,1.23266e-19,149.256
-2.09747,-8.18966,8.47185,1.12648e-19,157.589
-2.09747,-8.17966,8.47185,1.20059e-19,166.512
-2.08747,-8.46966,8.47185,1.06998e-19,32.9815
-2.08747,-8.45966,8.47185,1.00426e-19,34.7445
-2.08747,-8.44966,8.47185,1.37681e-19,37.3727
-2.08747,-8.43966,8.47185,1.19035e-19,38.7363
-2.08747,-8.42966,8.47185,1.06582e-19,41.4416
-2.08747,-8.41966,8.47185,1.2743e-19,43.3054
-2.08747,-8.40966,8.47185,1.22755e-19,45.6608
-2.08747,-8.39966,8.47185,9.39122e-20,47.3573
-2.08747,-8.38966,8.47185,1.10319e-19,50.3927
-2.08747,-8.37966,8.47185,1.3114e-19,53.419
-2.08747,-8.36966,8.47185,1.04249e-19,55.5532
-2.08747,-8.35966,8.47185,1.15611e-19,57.744
-2.08747,-8.34966,8.47185,1.14149e-19,61.3656
-2.08747,-8.33966,8.47185,1.13677e-19,63.5482
-2.08747,-8.32966,8.47185,1.20519e-19,66.0809
-2.08747,-8.31966,8.47185,1.46176e-19,69.5715
-2.08747,-8.30966,8.47185,1.72223e-19,73.1355
-2.08747,-8.29966,8.47185,2.42587e-19,77.4941
-2.08747,-8.28966,8.47185,5.08338e-19,81.2225
-2.08747,-8.27966,8.47185,7.96571e-19,85.8256
-2.08747,-8.26966,8.47185,1.82068e-18,89.9469
-2.08747,-8.25966,8.47185,3.84936e-18,94.6841
-2.08747,-8.24966,8.47185,8.89681e-18,99.7837
-2.08747,-8.23966,8.47185,1.59648e-17,104.698
-2.08747,-8.22966,8.47185,4.20546e-17,109.496
-2.08747,-8.21966,8.47185,8.8729e-17,116.892
-2.08747,-8.20966,8.47185,1.55945e-16,123.989
-2.08747,-8.19966,8.47185,8.58285e-16,129.933
-2.08747,-8.18966,8.47185,4.56644e-15,137.047
-2.08747,-8.17966,8.47185,1.30803e-19,145.506
-2.07747,-8.46966,8.47185,1.15176e-19,27.1617
-2.07747,-8.45966,8.47185,1.21138e-19,28.9209
-2.07747,-8.44966,8.47185,1.30883e-19,30.8287
-2.07747,-8.43966,8.47185,1.13684e-19,32.9885
-2.07747,-8.42966,8.47185,1.19232e-19,34.472
-2.07747,-8.41966,8.47185,1.08824e-19,36.9349
-2.07747,-8.40966,8.47185,8.35716e-20,38.8012
-2.07747,-8.39966,8.47185,1.14564e-19,41.0527
-2.07747,-8.38966,8.47185,1.1922e-19,43.2132
-2.07747,-8.37966,8.47185,1.09544e-19,45.59
-2.07747,-8.36966,8.47185,1.13473e-19,48.1717
-2.07747,-8.35966,8.47185,1.01198e-19,50.3268
-2.07747,-8.34966,8.47185,1.12023e-19,52.8214
-2.07747,-8.33966,8.47185,1.16579e-19,55.5142
-2.07747,-8.32966,8.47185,1.23371e-19,58.567
-2.07747,-8.31966,8.47185,1.15013e-19,60.7619
-2.07747,-8.30966,8.47185,1.39626e-19,63.0931
-2.07747,-8.29966,8.47185,1.17113e-19,66.6094
-2.07747,-8.28966,8.47185,1.21211e-19,70.0326
-2.07747,-8.27966,8.47185,1.85626e-19,73.4475
-2.07747,-8.26966,8.47185,2.27341e-19,78.2067
-2.07747,-8.25966,8.47185,1.66773e-17,81.3495
-2.07747,-8.24966,8.47185,1.77997e-18,86.2405
-2.07747,-8.23966,8.47185,1.45332e-18,90.8798
-2.07747,-8.22966,8.47185,2.90285e-17,96.5786
-2.07747,-8.21966,8.47185,7.51438e-18,102.092
-2.07747,-8.20966,8.47185,1.15349e-17,108.958
-2.07747,-8.19966,8.47185,9.99085e-17,112.482
-2.07747,-8.18966,8.47185,6.51493e-17,119.315
-2.07747,-8.17966,8.47185,2.22255e-16,126.5
-2.06747,-8.46966,8.47185,9.32732e-20,21.7537
-2.06747,-8.45966,8.47185,1.21233e-19,23.0804
-2.06747,-8.44966,8.47185,1.1588e-19,24.9189
-2.06747,-8.43966,8.47185,1.03821e-19,26.5811
-2.06747,-8.42966,8.47185,1.23308e-19,28.4809
-2.06747,-8.41966,8.47185,1.25612e-19,30.6972
-2.06747,-8.40966,8.47185,1.32235e-19,32.594
-2.06747,-8.39966,8.47185,1.13916e-19,34.844
-2.06747,-8.38966,8.47185,1.12687e-19,36.7673
-2.06747,-8.37966,8.47185,1.24015e-19,38.688
-2.06747,-8.36966,8.47185,1.21627e-19,40.9731
-2.06747,-8.35966,8.47185,1.25793e-19,43.374
-2.06747,-8.34966,8.47185,1.24758e-19,45.6744
-2.06747,-8.33966,8.47185,1.21024e-19,48.0937
-2.06747,-8.32966,8.47185,9.86827e-20,50.6592
-2.06747,-8.31966,8.47185,1.29775e-19,52.4768
-2.06747,-8.30966,8.47185,1.23078e-19,56.4654
-2.06747,-8.29966,8.47185,1.0265e-19,59.0564
-2.06747,-8.28966,8.47185,9.50854e-20,61.0709
-2.06747,-8.27966,8.47185,9.28681e-20,64.9297
-2.06747,-8.26966,8.47185,1.19189e-19,68.645
-2.06747,-8.25966,8.47185,1.40046e-19,71.5731
-2.06747,-8.24966,8.47185,1.45319e-19,75.6721
-2.06747,-8.23966,8.47185,2.0416e-19,79.2082
-2.06747,-8.22966,8.47185,4.54254e-19,84.5567
-2.06747,-8.21966,8.47185,5.1098e-19,88.5569
-2.06747,-8.20966,8.47185,1.25184e-18,93.2673
-2.06747,-8.19966,8.47185,8.18058e-18,98.2142
-2.06747,-8.18966,8.47185,9.13133e-18,103.043
-2.06747,-8.17966,8.47185,1.26986e-17,110.553
-2.05747,-8.46966,8.47185,1.15323e-19,16.5907
-2.05747,-8.45966,8.47185,1.22641e-19,17.7673
-2.05747,-8.44966,8.47185,1.05532e-19,19.0192
-2.05747,-8.43966,8.47185,1.01497e-19,20.6044
-2.05747,-8.42966,8.47185,1.09663e-19,22.3605
-2.05747,-8.41966,8.47185,1.12994e-19,24.2015
-2.05747,-8.40966,8.47185,1.13601e-19,26.0482
-2.05747,-8.39966,8.47185,9.70717e-20,28.1542
-2.05747,-8.38966,8.47185,1.13964e-19,29.9842
-2.05747,-8.37966,8.47185,1.21054e-19,32.2764
-2.05747,-8.36966,8.47185,1.14504e-19,34.2
-2.05747,-8.35966,8.47185,1.28578e-19,36.6413
-2.05747,-8.34966,8.47185,1.1279e-19,38.9193
-2.05747,-8.33966,8.47185,1.13554e-19,40.8263
-2.05747,-8.32966,8.47185,9.8369e-20,43.4178
-2.05747,-8.31966,8.47185,1.18681e-19,46.1014
-2.05747,-8.30966,8.47185,1.40438e-19,47.998
-2.05747,-8.29966,8.47185,9.38188e-20,50.8097
-2.05747,-8.28966,8.47185,1.0609e-19,52.9653
-2.05747,-8.27966,8.47185,1.02684e-19,56.8381
-2.05747,-8.26966,8.47185,1.03977e-19,59.2373
-2.05747,-8.25966,8.47185,1.01659e-19,62.6312
-2.05747,-8.24966,8.47185,1.26476e-19,64.8277
-2.05747,-8.23966,8.47185,8.95611e-20,69.3146
-2.05747,-8.22966,8.47185,1.1023e-19,72.1457
-2.05747,-8.21966,8.47185,1.26361e-19,75.0102
-2.05747,-8.20966,8.47185,1.83688e-19,80.2653
-2.05747,-8.19966,8.47185,2.11936e-19,84.771
-2.05747,-8.18966,8.47185,1.58169e-18,88.5902
-2.05747,-8.17966,8.47185,1.07257e-18,94.6835
-2.04747,-8.46966,8.47185,1.00499e-19,13.0697
-2.04747,-8.45966,8.47185,1.11344e-19,13.475
-2.04747,-8.44966,8.47185,1.14207e-19,14.2269
-2.04747,-8.43966,8.47185,9.69374e-20,15.3515
-2.04747,-8.42966,8.47185,1.02719e-19,16.7918
-2.04747,-8.41966,8.47185,9.76589e-20,18.3095
-2.04747,-8.40966,8.47185,9.53195e-20,20.0193
-2.04747,-8.39966,8.47185,1.1367e-19,21.9853
-2.04747,-8.38966,8.47185,1.20856e-19,23.7922
-2.04747,-8.37966,8.47185,1.02821e-19,25.6755
-2.04747,-8.36966,8.47185,1.0598e-19,28.0271
-2.04747,-8.35966,8.47185,9.84799e-20,30.2069
-2.04747,-8.34966,8.47185,1.09568e-19,32.0784
-2.04747,-8.33966,8.47185,1.08367e-19,34.2385
-2.04747,-8.32966,8.47185,1.01009e-19,36.6026
-2.04747,-8.31966,8.47185,9.28778e-20,38.9101
-2.04747,-8.30966,8.47185,1.06194e-19,41.4212
-2.04747,-8.29966,8.47185,1.11945e-19,43.5335
-2.04747,-8.28966,8.47185,1.0768e-19,46.394
-2.04747,-8.27966,8.47185,1.14908e-19,48.6696
-2.04747,-8.26966,8.47185,9.5478e-20,51.2223
-2.04747,-8.25966,8.47185,1.35466e-19,53.9478
-2.04747,-8.24966,8.47185,1.19528e-19,56.3465
-2.04747,-8.23966,8.47185,1.05504e-19,59.5832
-2.04747,-8.22966,8.47185,8.3021e-20,62.7607
-2.04747,-8.21966,8.47185,1.26463e-19,65.7454
-2.04747,-8.20966,8.47185,1.20077e-19,70.1536
-2.04747,-8.19966,8.47185,1.47335e-19,73.6916
-2.04747,-8.18966,8.47185,1.42346e-19,77.272
-2.04747,-8.17966,8.47185,2.06114e-19,81.9786
-2.03747,-8.46966,8.47185,9.07106e-19,11.5428
-2.03747,-8.45966,8.47185,8.75974e-19,11.0113
-2.03747,-8.44966,8.47185,1.08622e-18,10.8678
-2.03747,-8.43966,8.47185,1.4106e-18,11.1442
-2.03747,-8.42966,8.47185,1.19684e-19,11.6712
-2.03747,-8.41966,8.47185,1.17562e-19,12.8406
-2.03747,-8.40966,8.47185,1.00109e-19,14.2461
-2.03747,-8.39966,8.47185,9.69549e-20,15.9085
-2.03747,-8.38966,8.47185,1.21562e-19,17.6775
-2.03747,-8.37966,8.47185,9.82944e-20,19.591
-2.03747,-8.36966,8.47185,1.31978e-19,21.5431
-2.03747,-8.35966,8.47185,1.20388e-19,23.7002
-2.03747,-8.34966,8.47185,1.15445e-19,25.7403
-2.03747,-8.33966,8.47185,1.25105e-19,27.8545
-2.03747,-8.32966,8.47185,1.06398e-19,30.0748
-2.03747,-8.31966,8.47185,1.00747e-19,32.0679
-2.03747,-8.30966,8.47185,1.48513e-19,34.5699
-2.03747,-8.29966,8.47185,1.22986e-19,36.5478
-2.03747,-8.28966,8.47185,1.12975e-19,39.1198
-2.03747,-8.27966,8.47185,1.09958e-19,41.3957
-2.03747,-8.26966,8.47185,1.00559e-19,43.664
-2.03747,-8.25966,8.47185,1.17138e-19,46.3022
-2.03747,-8.24966,8.47185,3.05747e-19,48.4137
-2.03747,-8.23966,8.47185,1.15937e-19,52.1474
-2.03747,-8.22966,8.47185,1.14287e-19,54.8219
-2.03747,-8.21966,8.47185,9.08791e-20,57.0742
-2.03747,-8.20966,8.47185,1.10588e-19,60.8283
-2.03747,-8.19966,8.47185,1.13395e-19,64.2763
-2.03747,-8.18966,8.47185,1.02805e-19,66.211
-2.03747,-8.17966,8.47185,1.13312e-19,70.7672
-2.02747,-8.46966,8.47185,6.24271e-19,12.9513
-2.02747,-8.45966,8.47185,2.33477e-19,11.375
-2.02747,-8.44966,8.47185,1.78066e-19,10.1812
-2.02747,-8.43966,8.47185,1.3928e-19,9.25803
-2.02747,-8.42966,8.47185,1.32823e-19,8.77533
-2.02747,-8.41966,8.47185,1.38295e-19,8.81611
-2.02747,-8.40966,8.47185,1.6952e-19,9.31644
-2.02747,-8.39966,8.47185,2.08008e-19,10.2985
-2.02747,-8.38966,8.47185,1.21688e-19,11.8196
-2.02747,-8.37966,8.47185,8.84064e-20,13.4679
-2.02747,-8.36966,8.47185,1.11406e-19,15.3061
-2.02747,-8.35966,8.47185,1.10029e-19,17.2452
-2.02747,-8.34966,8.47185,1.11748e-19,19.4071
-2.02747,-8.33966,8.47185,9.4632e-20,21.4154
-2.02747,-8.32966,8.47185,8.90378e-20,23.5683
-2.02747,-8.31966,8.47185,1.26318e-19,25.8168
-2.02747,-8.30966,8.47185,1.19456e-19,27.9241
-2.02747,-8.29966,8.47185,1.07659e-19,30.2675
-2.02747,-8.28966,8.47185,1.20581e-19,32.4982
-2.02747,-8.27966,8.47185,1.24441e-19,34.7107
-2.02747,-8.26966,8.47185,9.03629e-20,36.9327
-2.02747,-8.25966,8.47185,1.07469e-19,39.3046
-2.02747,-8.24966,8.47185,1.19977e-19,41.7814
-2.02747,-8.23966,8.47185,1.23971e-19,44.4126
-2.02747,-8.22966,8.47185,1.18044e-19,46.3357
-2.02747,-8.21966,8.47185,1.03163e-19,48.8166
-2.02747,-8.20966,8.47185,1.10481e-19,52.1279
-2.02747,-8.19966,8.47185,1.17211e-19,54.9148
-2.02747,-8.18966,8.47185,1.12242e-19,57.9346
-2.02747,-8.17966,8.47185,1.37747e-18,61.3452
-2.01747,-8.46966,8.47185,1.0127e-19,16.8876
-2.01747,-8.45966,8.47185,1.08865e-19,14.7905
-2.01747,-8.44966,8.47185,3.85059e-19,12.8869
-2.01747,-8.43966,8.47185,1.4781e-19,11.0348
-2.01747,-8.42966,8.47185,1.197e-19,9.30045
-2.01747,-8.41966,8.47185,1.05583e-19,7.9411
-2.01747,-8.40966,8.47185,1.20842e-19,6.95474
-2.01747,-8.39966,8.47185,1.15275e-19,6.58347
-2.01747,-8.38966,8.47185,1.33096e-19,6.84656
-2.01747,-8.37966,8.47185,1.12853e-19,7.76296
-2.01747,-8.36966,8.47185,1.19561e-19,9.27007
-2.01747,-8.35966,8.47185,1.62024e-19,10.999
-2.01747,-8.34966,8.47185,1.10946e-19,13.065
-2.01747,-8.33966,8.47185,1.11826e-19,15.063
-2.01747,-8.32966,8.47185,1.33933e-19,17.1765
-2.01747,-8.31966,8.47185,1.04526e-19,19.2298
-2.01747,-8.30966,8.47185,9.04184e-20,21.5376
-2.01747,-8.29966,8.47185,1.03331e-19,23.7519
-2.01747,-8.28966,8.47185,1.20742e-19,25.8786
-2.01747,-8.27966,8.47185,1.12159e-19,27.9985
-2.01747,-8.26966,8.47185,1.15875e-19,30.5167
-2.01747,-8.25966,8.47185,1.21117e-19,32.8718
-2.01747,-8.24966,8.47185,9.37555e-20,35.1047
-2.01747,-8.23966,8.47185,9.99805e-20,37.6566
-2.01747,-8.22966,8.47185,1.19327e-19,39.8582
-2.01747,-8.21966,8.47185,1.37537e-19,42.141
-2.01747,-8.20966,8.47185,1.01038e-19,44.6128
-2.01747,-8.19966,8.47185,1.11603e-19,46.4657
-2.01747,-8.18966,8.47185,1.30393e-19,49.7084
-2.01747,-8.17966,8.47185,9.84042e-20,52.2585
-2.00747,-8.46966,8.47185,1.19544e-19,22.0241
-2.00747,-8.45966,8.47185,1.29942e-19,19.7089
-2.00747,-8.44966,8.47185,1.12657e-19,17.6628
-2.00747,-8.43966,8.47185,1.00183e-19,15.4872
-2.00747,-8.42966,8.47185,2.49399e-19,13.5231
-2.00747,-8.41966,8.47185,1.25425e-19,11.2789
-2.00747,-8.40966,8.47185,1.2159e-19,9.21489
-2.00747,-8.39966,8.47185,1.08186e-19,7.3624
-2.00747,-8.38966,8.47185,1.10735e-19,5.70936
-2.00747,-8.37966,8.47185,1.22849e-19,4.64491
-2.00747,-8.36966,8.47185,1.06204e-19,4.42974
-2.00747,-8.35966,8.47185,1.1577e-19,5.20137
-2.00747,-8.34966,8.47185,1.15246e-19,6.77077
-2.00747,-8.33966,8.47185,1.17321e-19,8.65095
-2.00747,-8.32966,8.47185,1.27295e-19,10.7247
-2.00747,-8.31966,8.47185,1.21135e-19,12.8932
-2.00747,-8.30966,8.47185,1.15225e-19,15.0258
-2.00747,-8.29966,8.47185,1.38436e-19,17.2766
-2.00747,-8.28966,8.47185,9.91573e-20,19.5607
-2.00747,-8.27966,8.47185,1.09297e-19,21.8623
-2.00747,-8.26966,8.47185,1.45874e-19,23.9521
-2.00747,-8.25966,8.47185,1.25431e-19,26.3012
-2.00747,-8.24966,8.47185,1.06029e-19,28.3089
-2.00747,-8.23966,8.47185,1.40368e-19,30.713
-2.00747,-8.22966,8.47185,1.23013e-19,33.0472
-2.00747,-8.21966,8.47185,1.23331e-19,35.4292
-2.00747,-8.20966,8.47185,1.07441e-19,37.4239
-2.00747,-8.19966,8.47185,1.13187e-19,40.0456
-2.00747,-8.18966,8.47185,1.22863e-19,42.5042
-2.00747,-8.17966,8.47185,1.12755e-19,45.1184
-1.99747,-8.46966,8.47185,1.15092e-19,27.8918
-1.99747,-8.45966,8.47185,1.17512e-19,25.4296
-1.99747,-8.44966,8.47185,1.32199e-19,23.3213
-1.99747,-8.43966,8.47185,1.33154e-19,21.157
-1.99747,-8.42966,8.47185,1.1828e-19,18.7982
-1.99747,-8.41966,8.47185,9.72028e-20,16.5708
-1.99747,-8.40966,8.47185,1.04883e-19,14.4637
-1.99747,-8.39966,8.47185,1.15709e-19,12.2207
-1.99747,-8.38966,8.47185,1.21568e-19,10.0456
-1.99747,-8.37966,8.47185,1.13895e-19,7.84002
-1.99747,-8.36966,8.47185,1.2025e-19,5.67992
-1.99747,-8.35966,8.47185,1.39332e-19,3.6759
-1.99747,-8.34966,8.47185,1.12534e-19,2.32568
-1.99747,-8.33966,8.47185,1.13882e-19,2.60123
-1.99747,-8.32966,8.47185,1.01015e-19,4.30947
-1.99747,-8.31966,8.47185,1.20932e-19,6.43462
-1.99747,-8.30966,8.47185,1.25207e-19,8.65039
-1.99747,-8.29966,8.47185,1.14686e-19,10.8639
-1.99747,-8.28966,8.47185,1.13833e-19,13.0959
-1.99747,-8.27966,8.47185,1.20096e-19,15.4016
-1.99747,-8.26966,8.47185,1.2684e-19,17.5752
-1.99747,-8.25966,8.47185,1.08468e-19,19.8065
-1.99747,-8.24966,8.47185,1.1072e-19,21.9312
-1.99747,-8.23966,8.47185,9.79909e-20,24.3369
-1.99747,-8.22966,8.47185,1.05121e-19,26.5383
-1.99747,-8.21966,8.47185,1.00942e-19,28.7724
-1.99747,-8.20966,8.47185,1.17552e-19,31.1305
-1.99747,-8.19966,8.47185,1.05739e-19,33.1525
-1.99747,-8.18966,8.47185,1.13493e-19,35.5914
-1.99747,-8.17966,8.47185,1.10832e-19,37.9863
-1.98747,-8.46966,8.47185,1.12755e-19,33.8215
-1.98747,-8.45966,8.47185,9.95465e-20,31.5832
-1.98747,-8.44966,8.47185,9.87937e-20,29.4409
-1.98747,-8.43966,8.47185,1.17367e-19,27.0287
-1.98747,-8.42966,8.47185,1.03026e-19,24.8343
-1.98747,-8.41966,8.47185,1.08804e-19,22.5637
-1.98747,-8.40966,8.47185,1.02862e-19,20.3529
-1.98747,-8.39966,8.47185,1.09945e-19,18.1614
-1.98747,-8.38966,8.47185,1.04492e-19,15.822
-1.98747,-8.37966,8.47185,1.81569e-19,13.6602
-1.98747,-8.36966,8.47185,1.07404e-19,11.3431
-1.98747,-8.35966,8.47185,1.1164e-19,9.07325
-1.98747,-8.34966,8.47185,1.15884e-19,6.79389
-1.98747,-8.33966,8.47185,1.03839e-19,4.55313
-1.98747,-8.32966,8.47185,1.2442e-19,2.2789
-1.98747,-8.31966,8.47185,3.27105e-17,0.00325797
-1.98747,-8.30966,8.47185,1.1532e-19,2.27953
-1.98747,-8.29966,8.47185,1.25135e-19,4.55904
-1.98747,-8.28966,8.47185,1.07386e-19,6.84627
-1.98747,-8.27966,8.47185,1.36128e-19,9.13265
-1.98747,-8.26966,8.47185,1.34924e-19,11.375
-1.98747,-8.25966,8.47185,1.02934e-19,13.7123
-1.98747,-8.24966,8.47185,1.09832e-19,15.8137
-1.98747,-8.23966,8.47185,1.04789e-19,18.0476
-1.98747,-8.22966,8.47185,1.21558e-19,20.2868
-1.98747,-8.21966,8.47185,1.09453e-19,22.6969
-1.98747,-8.20966,8.47185,1.24087e-19,24.927
-1.98747,-8.19966,8.47185,1.19602e-19,26.9855
-1.98747,-8.18966,8.47185,8.86864e-20,29.3151
-1.98747,-8.17966,8.47185,9.7462e-20,31.6254
-1.97747,-8.46966,8.47185,1.10414e-19,39.741
-1.97747,-8.45966,8.47185,1.05741e-19,37.5881
-1.97747,-8.44966,8.47185,1.0522e-19,35.6044
-1.97747,-8.43966,8.47185,1.07434e-19,33.2045
-1.97747,-8.42966,8.47185,1.18932e-19,30.8258
-1.97747,-8.41966,8.47185,1.45659e-19,28.715
-1.97747,-8.40966,8.47185,1.21177e-19,26.4978
-1.97747,-8.39966,8.47185,1.1565e-19,24.3951
-1.97747,-8.38966,8.47185,1.29128e-19,22.0893
-1.97747,-8.37966,8.47185,1.12731e-19,19.8485
-1.97747,-8.36966,8.47185,1.12918e-19,17.5763
-1.97747,-8.35966,8.47185,1.29401e-19,15.3835
-1.97747,-8.34966,8.47185,1.70347e-19,13.0705
-1.97747,-8.33966,8.47185,9.34526e-20,10.8478
-1.97747,-8.32966,8.47185,1.15132e-19,8.63624
-1.97747,-8.31966,8.47185,1.23953e-19,6.43131
-1.97747,-8.30966,8.47185,1.09105e-19,4.33691
-1.97747,-8.29966,8.47185,9.69615e-20,2.6134
-1.97747,-8.28966,8.47185,7.68695e-20,2.32411
-1.97747,-8.27966,8.47185,1.18029e-19,3.67862
-1.97747,-8.26966,8.47185,1.02178e-19,5.66771
-1.97747,-8.25966,8.47185,1.17934e-19,7.84999
-1.97747,-8.24966,8.47185,1.25396e-19,10.0321
-1.97747,-8.23966,8.47185,1.6123e-19,12.2259
-1.97747,-8.22966,8.47185,1.23855e-19,14.4552
-1.97747,-8.21966,8.47185,1.25066e-19,16.6433
-1.97747,-8.20966,8.47185,1.33083e-19,18.8993
-1.97747,-8.19966,8.47185,1.14518e-19,21.1209
-1.97747,-8.18966,8.47185,1.30115e-19,23.3759
-1.97747,-8.17966,8.47185,1.06782e-19,25.2946
-1.96747,-8.46966,8.47185,1.24792e-19,45.8233
-1.96747,-8.45966,8.47185,1.06983e-19,44.028
-1.96747,-8.44966,8.47185,1.18156e-19,41.7336
-1.96747,-8.43966,8.47185,1.18909e-19,39.5637
-1.96747,-8.42966,8.47185,1.19414e-19,37.2849
-1.96747,-8.41966,8.47185,1.31368e-19,35.1267
-1.96747,-8.40966,8.47185,1.20715e-19,32.626
-1.96747,-8.39966,8.47185,1.04745e-19,30.5402
-1.96747,-8.38966,8.47185,9.37646e-20,28.2574
-1.96747,-8.37966,8.47185,1.28244e-19,26.1479
-1.96747,-8.36966,8.47185,9.59468e-20,23.9412
-1.96747,-8.35966,8.47185,1.04152e-19,21.7686
-1.96747,-8.34966,8.47185,9.63567e-20,19.5409
-1.96747,-8.33966,8.47185,1.32447e-19,17.1925
-1.96747,-8.32966,8.47185,1.12059e-19,15.086
-1.96747,-8.31966,8.47185,1.08389e-19,12.9045
-1.96747,-8.30966,8.47185,1.04406e-19,10.7879
-1.96747,-8.29966,8.47185,1.11498e-19,8.6631
-1.96747,-8.28966,8.47185,1.27023e-19,6.76779
-1.96747,-8.27966,8.47185,9.71684e-20,5.20306
-1.96747,-8.26966,8.47185,1.01765e-19,4.41505
-1.96747,-8.25966,8.47185,1.11186e-19,4.63538
-1.96747,-8.24966,8.47185,1.1823e-19,5.70628
-1.96747,-8.23966,8.47185,9.86365e-20,7.346
-1.96747,-8.22966,8.47185,1.29751e-19,9.22644
-1.96747,-8.21966,8.47185,1.37865e-19,11.3158
-1.96747,-8.20966,8.47185,1.0631e-19,13.3754
-1.96747,-8.19966,8.47185,1.13408e-19,15.6626
-1.96747,-8.18966,8.47185,1.13515e-19,17.6361
-1.96747,-8.17966,8.47185,1.09271e-19,19.7529
-1.95747,-8.46966,8.47185,1.3749e-19,52.3454
-1.95747,-8.45966,8.47185,1.14e-19,50.1664
-1.95747,-8.44966,8.47185,1.01406e-19,48.1436
-1.95747,-8.43966,8.47185,9.45589e-20,45.75
-1.95747,-8.42966,8.47185,1.11245e-19,43.654
-1.95747,-8.41966,8.47185,1.19977e-19,41.3292
-1.95747,-8.40966,8.47185,1.14701e-19,39.173
-1.95747,-8.39966,8.47185,9.49687e-20,36.8281
-1.95747,-8.38966,8.47185,1.3475e-19,34.8194
-1.95747,-8.37966,8.47185,9.92433e-20,32.3745
-1.95747,-8.36966,8.47185,1.06215e-19,30.4569
-1.95747,-8.35966,8.47185,1.17199e-19,28.0187
-1.95747,-8.34966,8.47185,1.05133e-19,25.7684
-1.95747,-8.33966,8.47185,1.0593e-19,23.7036
-1.95747,-8.32966,8.47185,1.08755e-19,21.5721
-1.95747,-8.31966,8.47185,1.27429e-19,19.2725
-1.95747,-8.30966,8.47185,1.11573e-19,17.303
-1.95747,-8.29966,8.47185,1.20546e-19,15.0579
-1.95747,-8.28966,8.47185,1.13357e-19,13.018
-1.95747,-8.27966,8.47185,1.50466e-19,11.0962
-1.95747,-8.26966,8.47185,1.40156e-19,9.29315
-1.95747,-8.25966,8.47185,1.08087e-19,7.76795
-1.95747,-8.24966,8.47185,9.17478e-20,6.85971
-1.95747,-8.23966,8.47185,1.00849e-19,6.57464
-1.95747,-8.22966,8.47185,1.1637e-19,6.94061
-1.95747,-8.21966,8.47185,1.26588e-19,7.901
-1.95747,-8.20966,8.47185,1.14677e-19,9.25616
-1.95747,-8.19966,8.47185,1.48174e-19,10.9649
-1.95747,-8.18966,8.47185,5.37284e-19,12.8809
-1.95747,-8.17966,8.47185,1.10459e-19,14.8059
-1.94747,-8.46966,8.47185,1.23767e-19,58.6373
-1.94747,-8.45966,8.47185,1.06342e-19,56.1326
-1.94747,-8.44966,8.47185,1.14525e-19,54.3345
-1.94747,-8.43966,8.47185,1.31601e-19,51.9201
-1.94747,-8.42966,8.47185,1.13082e-19,50.18
-1.94747,-8.41966,8.47185,1.20992e-19,47.8946
-1.94747,-8.40966,8.47185,1.24366e-19,45.5201
-1.94747,-8.39966,8.47185,1.09138e-19,43.4308
-1.94747,-8.38966,8.47185,1.07001e-19,41.0741
-1.94747,-8.37966,8.47185,1.42695e-19,38.7936
-1.94747,-8.36966,8.47185,1.05277e-19,37.0733
-1.94747,-8.35966,8.47185,1.23899e-19,34.5694
-1.94747,-8.34966,8.47185,1.02784e-19,31.9355
-1.94747,-8.33966,8.47185,9.91794e-20,30.0702
-1.94747,-8.32966,8.47185,1.31472e-19,27.9132
-1.94747,-8.31966,8.47185,1.05694e-19,25.8246
-1.94747,-8.30966,8.47185,1.32908e-19,23.5575
-1.94747,-8.29966,8.47185,1.30745e-19,21.5038
-1.94747,-8.28966,8.47185,1.1987e-19,19.4281
-1.94747,-8.27966,8.47185,1.21656e-19,17.3743
-1.94747,-8.26966,8.47185,1.10902e-19,15.3243
-1.94747,-8.25966,8.47185,1.14049e-19,13.5463
-1.94747,-8.24966,8.47185,1.11883e-19,11.7929
-1.94747,-8.23966,8.47185,2.06389e-19,10.3007
-1.94747,-8.22966,8.47185,1.63073e-19,9.29956
-1.94747,-8.21966,8.47185,1.48781e-19,8.79111
-1.94747,-8.20966,8.47185,1.6892e-19,8.74913
-1.94747,-8.19966,8.47185,1.37692e-19,9.23103
-1.94747,-8.18966,8.47185,1.83339e-19,10.1548
-1.94747,-8.17966,8.47185,2.67908e-19,11.366
-1.93747,-8.46966,8.47185,9.70574e-20,65.784
-1.93747,-8.45966,8.47185,1.14612e-19,63.7864
-1.93747,-8.44966,8.47185,1.0582e-19,60.9771
-1.93747,-8.43966,8.47185,1.07921e-19,58.4006
-1.93747,-8.42966,8.47185,1.10773e-19,56.1496
-1.93747,-8.41966,8.47185,1.20972e-19,53.987
-1.93747,-8.40966,8.47185,1.15669e-19,51.841
-1.93747,-8.39966,8.47185,1.16758e-19,49.1105
-1.93747,-8.38966,8.47185,1.17107e-19,47.7406
-1.93747,-8.37966,8.47185,1.05484e-19,45.2796
-1.93747,-8.36966,8.47185,1.18693e-19,43.2326
-1.93747,-8.35966,8.47185,8.59591e-20,41.0345
-1.93747,-8.34966,8.47185,1.14329e-19,38.5427
-1.93747,-8.33966,8.47185,1.12877e-19,36.2416
-1.93747,-8.32966,8.47185,1.01352e-19,34.3582
-1.93747,-8.31966,8.47185,1.24036e-19,32.1077
-1.93747,-8.30966,8.47185,1.07789e-19,30.1987
-1.93747,-8.29966,8.47185,1.04824e-19,27.9227
-1.93747,-8.28966,8.47185,1.09267e-19,25.8299
-1.93747,-8.27966,8.47185,1.19676e-19,23.6063
-1.93747,-8.26966,8.47185,1.12548e-19,21.4877
-1.93747,-8.25966,8.47185,1.14672e-19,19.5436
-1.93747,-8.24966,8.47185,1.27037e-19,17.7213
-1.93747,-8.23966,8.47185,1.14659e-19,15.9029
-1.93747,-8.22966,8.47185,1.22504e-19,14.3249
-1.93747,-8.21966,8.47185,1.16254e-19,12.888
-1.93747,-8.20966,8.47185,8.5719e-20,11.8266
-1.93747,-8.19966,8.47185,1.71676e-18,11.0723
-1.93747,-8.18966,8.47185,1.36386e-18,10.8847
-1.93747,-8.17966,8.47185,1.28954e-18,10.9993
-1.92747,-8.46966,8.47185,1.25699e-19,71.9381
-1.92747,-8.45966,8.47185,1.29318e-19,69.5415
-1.92747,-8.44966,8.47185,1.13214e-19,67.1398
-1.92747,-8.43966,8.47185,9.94847e-20,64.6459
-1.92747,-8.42966,8.47185,1.13065e-19,62.4697
-1.92747,-8.41966,8.47185,1.25333e-19,59.895
-1.92747,-8.40966,8.47185,1.133e-19,58.2842
-1.92747,-8.39966,8.47185,1.19938e-19,56.4135
-1.92747,-8.38966,8.47185,1.03256e-19,53.7317
-1.92747,-8.37966,8.47185,9.85895e-20,51.8141
-1.92747,-8.36966,8.47185,1.03703e-19,49.5784
-1.92747,-8.35966,8.47185,1.18058e-19,47.3237
-1.92747,-8.34966,8.47185,1.34266e-19,44.6804
-1.92747,-8.33966,8.47185,1.12982e-19,42.7971
-1.92747,-8.32966,8.47185,1.11798e-19,40.8384
-1.92747,-8.31966,8.47185,1.18075e-19,38.6185
-1.92747,-8.30966,8.47185,1.11374e-19,36.2778
-1.92747,-8.29966,8.47185,1.1349e-19,34.2443
-1.92747,-8.28966,8.47185,1.29265e-19,32.2833
-1.92747,-8.27966,8.47185,1.26055e-19,30.068
-1.92747,-8.26966,8.47185,1.09644e-19,28.1207
-1.92747,-8.25966,8.47185,1.06144e-19,25.8388
-1.92747,-8.24966,8.47185,1.203e-19,24.101
-1.92747,-8.23966,8.47185,1.0997e-19,21.9749
-1.92747,-8.22966,8.47185,9.11266e-20,20.0046
-1.92747,-8.21966,8.47185,1.22747e-19,18.3796
-1.92747,-8.20966,8.47185,1.05853e-19,16.8375
-1.92747,-8.19966,8.47185,1.1404e-19,15.3191
-1.92747,-8.18966,8.47185,1.20327e-19,14.3544
-1.92747,-8.17966,8.47185,1.07206e-19,13.4667
-1.91747,-8.46966,8.47185,1.56826e-19,79.031
-1.91747,-8.45966,8.47185,1.08107e-19,75.6744
-1.91747,-8.44966,8.47185,1.23674e-19,74.2644
-1.91747,-8.43966,8.47185,1.59088e-19,72.0527
-1.91747,-8.42966,8.47185,2.0949e-18,69.3866
-1.91747,-8.41966,8.47185,1.08403e-19,67.104
-1.91747,-8.40966,8.47185,8.82013e-20,64.487
-1.91747,-8.39966,8.47185,1.14278e-19,61.9357
-1.91747,-8.38966,8.47185,1.20801e-19,60.1488
-1.91747,-8.37966,8.47185,1.46072e-19,57.6559
-1.91747,-8.36966,8.47185,1.07531e-19,55.3671
-1.91747,-8.35966,8.47185,1.2704e-19,53.5216
-1.91747,-8.34966,8.47185,1.05865e-19,51.0996
-1.91747,-8.33966,8.47185,9.80911e-20,48.9897
-1.91747,-8.32966,8.47185,1.13591e-19,47.1457
-1.91747,-8.31966,8.47185,1.08278e-19,45.6191
-1.91747,-8.30966,8.47185,1.1688e-19,42.9163
-1.91747,-8.29966,8.47185,1.07801e-19,40.8531
-1.91747,-8.28966,8.47185,1.04817e-19,38.5576
-1.91747,-8.27966,8.47185,1.1388e-19,36.2644
-1.91747,-8.26966,8.47185,1.09859e-19,34.4784
-1.91747,-8.25966,8.47185,9.33837e-20,32.0708
-1.91747,-8.24966,8.47185,1.03491e-19,30.2058
-1.91747,-8.23966,8.47185,1.08628e-19,28.246
-1.91747,-8.22966,8.47185,1.15378e-19,25.8801
-1.91747,-8.21966,8.47185,1.15352e-19,24.1865
-1.91747,-8.20966,8.47185,1.17238e-19,22.5526
-1.91747,-8.19966,8.47185,1.13793e-19,20.7811
-1.91747,-8.18966,8.47185,1.13294e-19,19.1627
-1.91747,-8.17966,8.47185,1.62773e-19,17.6329
-1.90747,-8.46966,8.47185,6.51453e-19,84.8252
-1.90747,-8.45966,8.47185,1.94642e-19,81.4924
-1.90747,-8.44966,8.47185,3.81032e-19,79.9392
-1.90747,-8.43966,8.47185,1.68222e-19,77.9182
-1.90747,-8.42966,8.47185,1.27982e-19,75.3022
-1.90747,-8.41966,8.47185,1.35809e-19,72.629
-1.90747,-8.40966,8.47185,1.05849e-19,70.7051
-1.90747,-8.39966,8.47185,1.08947e-19,68.5763
-1.90747,-8.38966,8.47185,1.15709e-19,66.5242
-1.90747,-8.37966,8.47185,1.40062e-19,64.6612
-1.90747,-8.36966,8.47185,1.0176e-19,62.1844
-1.90747,-8.35966,8.47185,1.17051e-19,59.9654
-1.90747,-8.34966,8.47185,1.13426e-19,57.5316
-1.90747,-8.33966,8.47185,1.15948e-19,55.5849
-1.90747,-8.32966,8.47185,1.47585e-19,52.8255
-1.90747,-8.31966,8.47185,1.3986e-19,51.8321
-1.90747,-8.30966,8.47185,1.14144e-19,49.2117
-1.90747,-8.29966,8.47185,1.32332e-19,47.1515
-1.90747,-8.28966,8.47185,1.25129e-19,44.8294
-1.90747,-8.27966,8.47185,1.22223e-19,42.6741
-1.90747,-8.26966,8.47185,1.2596e-19,40.3674
-1.90747,-8.25966,8.47185,1.14887e-19,38.8387
-1.90747,-8.24966,8.47185,1.01513e-19,36.2913
-1.90747,-8.23966,8.47185,1.12728e-19,34.1358
-1.90747,-8.22966,8.47185,1.03923e-19,32.2114
-1.90747,-8.21966,8.47185,1.09418e-19,30.5173
-1.90747,-8.20966,8.47185,1.15445e-19,28.3167
-1.90747,-8.19966,8.47185,9.51847e-20,26.5443
-1.90747,-8.18966,8.47185,1.26224e-19,24.7625
-1.90747,-8.17966,8.47185,1.21513e-19,23.0465
-1.89747,-8.46966,8.47185,2.7187e-18,91.2046
-1.89747,-8.45966,8.47185,2.03413e-18,88.8824
-1.89747,-8.44966,8.47185,5.94291e-19,85.7301
-1.89747,-8.43966,8.47185,3.42092e-19,84.3108
-1.89747,-8.42966,8.47185,8.12118e-19,81.1922
-1.89747,-8.41966,8.47185,1.00198e-18,79.3944
-1.89747,-8.40966,8.47185,1.20584e-19,77.2052
-1.89747,-8.39966,8.47185,1.93746e-18,75.5327
-1.89747,-8.38966,8.47185,9.88031e-20,71.929
-1.89747,-8.37966,8.47185,1.02323e-19,70.8336
-1.89747,-8.36966,8.47185,1.14854e-19,68.6826
-1.89747,-8.35966,8.47185,9.74773e-20,65.9754
-1.89747,-8.34966,8.47185,9.31809e-20,64.7627
-1.89747,-8.33966,8.47185,1.1654e-19,60.709
-1.89747,-8.32966,8.47185,1.08203e-19,60.5961
-1.89747,-8.31966,8.47185,1.05787e-19,57.4515
-1.89747,-8.30966,8.47185,1.06593e-19,55.7294
-1.89747,-8.29966,8.47185,1.07751e-19,53.8635
-1.89747,-8.28966,8.47185,1.17053e-19,51.1283
-1.89747,-8.27966,8.47185,1.29802e-19,49.0627
-1.89747,-8.26966,8.47185,1.50658e-19,46.7026
-1.89747,-8.25966,8.47185,1.13395e-19,45.2843
-1.89747,-8.24966,8.47185,1.01947e-19,42.7903
-1.89747,-8.23966,8.47185,1.12379e-19,40.6938
-1.89747,-8.22966,8.47185,1.11183e-19,38.9409
-1.89747,-8.21966,8.47185,1.16745e-19,36.6946
-1.89747,-8.20966,8.47185,1.27936e-19,34.6178
-1.89747,-8.19966,8.47185,1.33231e-19,32.5189
-1.89747,-8.18966,8.47185,1.0352e-19,30.7916
-1.89747,-8.17966,8.47185,1.00654e-19,28.7381
-1.88747,-8.46966,8.47185,1.78237e-14,96.9305
-1.88747,-8.45966,8.47185,7.06824e-18,94.3
-1.88747,-8.44966,8.47185,3.78956e-17,92.4681
-1.88747,-8.43966,8.47185,1.07165e-17,89.8191
-1.88747,-8.42966,8.47185,1.58049e-18,87.9429
-1.88747,-8.41966,8.47185,1.06745e-18,85.5114
-1.88747,-8.40966,8.47185,1.11122e-18,82.5746
-1.88747,-8.39966,8.47185,5.64e-19,81.253
-1.88747,-8.38966,8.47185,2.59925e-19,79.4901
-1.88747,-8.37966,8.47185,1.41383e-19,76.9317
-1.88747,-8.36966,8.47185,1.15486e-19,74.73
-1.88747,-8.35966,8.47185,5.28249e-18,71.6936
-1.88747,-8.34966,8.47185,1.19694e-19,69.5278
-1.88747,-8.33966,8.47185,1.00136e-19,68.1036
-1.88747,-8.32966,8.47185,1.0854e-19,64.8893
-1.88747,-8.31966,8.47185,1.14785e-19,63.4793
-1.88747,-8.30966,8.47185,1.21875e-19,61.9947
-1.88747,-8.29966,8.47185,1.12183e-19,59.2471
-1.88747,-8.28966,8.47185,1.22065e-19,57.8292
-1.88747,-8.27966,8.47185,1.01871e-19,55.2381
-1.88747,-8.26966,8.47185,1.22412e-19,53.3591
-1.88747,-8.25966,8.47185,1.07046e-19,50.9477
-1.88747,-8.24966,8.47185,1.02904e-19,48.8946
-1.88747,-8.23966,8.47185,1.11448e-19,46.464
-1.88747,-8.22966,8.47185,1.07094e-19,44.7218
-1.88747,-8.21966,8.47185,8.91825e-20,43.0477
-1.88747,-8.20966,8.47185,1.0882e-19,40.5852
-1.88747,-8.19966,8.47185,1.18952e-19,38.8285
-1.88747,-8.18966,8.47185,1.27534e-19,37.0188
-1.88747,-8.17966,8.47185,1.12178e-19,34.8953
-1.87747,-8.46966,8.47185,6.84166e-17,103.265
-1.87747,-8.45966,8.47185,2.91374e-17,100.034
-1.87747,-8.44966,8.47185,1.63229e-16,97.7366
-1.87747,-8.43966,8.47185,1.37693e-17,94.7269
-1.87747,-8.42966,8.47185,2.4252e-17,92.3595
-1.87747,-8.41966,8.47185,7.54545e-18,91.5848
-1.87747,-8.40966,8.47185,2.96743e-17,89.355
-1.87747,-8.39966,8.47185,1.08257e-17,87.4899
-1.87747,-8.38966,8.47185,6.5314e-19,83.9165
-1.87747,-8.37966,8.47185,4.72955e-19,81.918
-1.87747,-8.36966,8.47185,3.31823e-19,80.258
-1.87747,-8.35966,8.47185,1.90802e-19,77.2319
-1.87747,-8.34966,8.47185,2.81479e-19,75.7771
-1.87747,-8.33966,8.47185,1.23833e-19,74.1997
-1.87747,-8.32966,8.47185,1.39943e-19,72.3292
-1.87747,-8.31966,8.47185,1.0395e-19,69.3426
-1.87747,-8.30966,8.47185,1.44842e-16,66.9375
-1.87747,-8.29966,8.47185,1.07008e-19,65.0451
-1.87747,-8.28966,8.47185,1.28621e-19,64.3221
-1.87747,-8.27966,8.47185,1.00472e-19,61.1398
-1.87747,-8.26966,8.47185,1.04421e-19,59.0216
-1.87747,-8.25966,8.47185,1.33754e-19,56.8215
-1.87747,-8.24966,8.47185,1.00544e-19,54.9737
-1.87747,-8.23966,8.47185,1.06736e-19,53.038
-1.87747,-8.22966,8.47185,1.03521e-19,50.7419
-1.87747,-8.21966,8.47185,8.83586e-20,48.4398
-1.87747,-8.20966,8.47185,1.18617e-19,46.7806
-1.87747,-8.19966,8.47185,1.00736e-19,44.6784
-1.87747,-8.18966,8.47185,1.44224e-19,42.542
-1.87747,-8.17966,8.47185,1.46961e-19,40.6871
-1.86747,-8.46966,8.47185,7.44469e-15,110.206
-1.86747,-8.45966,8.47185,1.47541e-16,105.423
-1.86747,-8.44966,8.47185,3.74928e-16,100.859
-1.86747,-8.43966,8.47185,2.4648e-15,101.524
-1.86747,-8.42966,8.47185,2.75747e-17,99.5229
-1.86747,-8.41966,8.47185,3.31304e-17,96.993
-1.86747,-8.40966,8.47185,2.35813e-17,94.8922
-1.86747,-8.39966,8.47185,1.95236e-17,92.5971
-1.86747,-8.38966,8.47185,5.91782e-18,91.2875
-1.86747,-8.37966,8.47185,2.1821e-17,87.4511
-1.86747,-8.36966,8.47185,1.88113e-18,87.5692
-1.86747,-8.35966,8.47185,9.99132e-19,84.9746
-1.86747,-8.34966,8.47185,2.89821e-18,81.4772
-1.86747,-8.33966,8.47185,1.4246e-18,80.3156
-1.86747,-8.32966,8.47185,3.00973e-18,76.5731
-1.86747,-8.31966,8.47185,1.8264e-19,74.9653
-1.86747,-8.30966,8.47185,6.17477e-19,74.6827
-1.86747,-8.29966,8.47185,1.41671e-19,71.4814
-1.86747,-8.28966,8.47185,1.3487e-19,69.9188
-1.86747,-8.27966,8.47185,1.29199e-19,67.0197
-1.86747,-8.26966,8.47185,1.17072e-19,65.0077
-1.86747,-8.25966,8.47185,8.59066e-20,62.362
-1.86747,-8.24966,8.47185,1.05151e-19,61.6655
-1.86747,-8.23966,8.47185,1.15167e-19,59.7154
-1.86747,-8.22966,8.47185,1.01324e-19,57.0745
-1.86747,-8.21966,8.47185,1.0938e-19,54.6594
-1.86747,-8.20966,8.47185,1.13647e-19,52.9785
-1.86747,-8.19966,8.47185,1.05497e-19,51.3636
-1.86747,-8.18966,8.47185,8.82712e-20,48.858
-1.86747,-8.17966,8.47185,1.33089e-19,47.6038
-1.85747,-8.46966,8.47185,2.4939e-15,113.925
-1.85747,-8.45966,8.47185,2.37345e-15,112.111
-1.85747,-8.44966,8.47185,9.1062e-16,107.922
-1.85747,-8.43966,8.47185,9.0688e-16,105.981
-1.85747,-8.42966,8.47185,7.18163e-16,105.738
-1.85747,-8.41966,8.47185,4.46878e-15,102.347
-1.85747,-8.40966,8.47185,2.43226e-16,100.825
-1.85747,-8.39966,8.47185,1.52109e-16,99.5953
-1.85747,-8.38966,8.47185,6.79682e-17,96.8736
-1.85747,-8.37966,8.47185,2.44765e-17,92.692
-1.85747,-8.36966,8.47185,1.35466e-17,90.5184
-1.85747,-8.35966,8.47185,4.97213e-18,90.0607
-1.85747,-8.34966,8.47185,2.94348e-17,86.5152
-1.85747,-8.33966,8.47185,7.90365e-18,83.9355
-1.85747,-8.32966,8.47185,1.73634e-18,83.003
-1.85747,-8.31966,8.47185,7.62239e-19,81.646
-1.85747,-8.30966,8.47185,5.40862e-19,78.7321
-1.85747,-8.29966,8.47185,3.73886e-19,78.1224
-1.85747,-8.28966,8.47185,3.93692e-19,75.9281
-1.85747,-8.27966,8.47185,2.03019e-19,72.8498
-1.85747,-8.26966,8.47185,9.32637e-19,70.4872
-1.85747,-8.25966,8.47185,1.22686e-19,69.2609
-1.85747,-8.24966,8.47185,1.31144e-19,66.7228
-1.85747,-8.23966,8.47185,1.37517e-19,65.3718
-1.85747,-8.22966,8.47185,1.13655e-19,62.8007
-1.85747,-8.21966,8.47185,1.1637e-19,60.612
-1.85747,-8.20966,8.47185,1.0402e-19,59.0367
-1.85747,-8.19966,8.47185,1.27264e-19,57.154
-1.85747,-8.18966,8.47185,1.39446e-19,54.5559
-1.85747,-8.17966,8.47185,1.13207e-19,53.263
-1.84747,-8.46966,8.47185,1.11455e-19,117.347
-1.84747,-8.45966,8.47185,1.21994e-19,116.029
-1.84747,-8.44966,8.47185,9.21699e-20,113.418
-1.84747,-8.43966,8.47185,1.111e-19,114.658
-1.84747,-8.42966,8.47185,2.22732e-15,108.673
-1.84747,-8.41966,8.47185,6.73993e-15,106.845
-1.84747,-8.40966,8.47185,1.12887e-15,103.945
-1.84747,-8.39966,8.47185,5.48106e-16,102.878
-1.84747,-8.38966,8.47185,1.97234e-16,100.871
-1.84747,-8.37966,8.47185,3.87246e-16,101.534
-1.84747,-8.36966,8.47185,5.2477e-16,97.2573
-1.84747,-8.35966,8.47185,6.18898e-16,94.9808
-1.84747,-8.34966,8.47185,1.61307e-16,94.5552
-1.84747,-8.33966,8.47185,4.7438e-16,90.5049
-1.84747,-8.32966,8.47185,1.55926e-17,87.9337
-1.84747,-8.31966,8.47185,6.64294e-18,87.8463
-1.84747,-8.30966,8.47185,4.36617e-18,84.0252
-1.84747,-8.29966,8.47185,2.48817e-18,83.0033
-1.84747,-8.28966,8.47185,2.76263e-18,81.0111
-1.84747,-8.27966,8.47185,7.2225e-19,78.4377
-1.84747,-8.26966,8.47185,5.9556e-19,77.2248
-1.84747,-8.25966,8.47185,3.12726e-19,75.5459
-1.84747,-8.24966,8.47185,1.93348e-19,71.8754
-1.84747,-8.23966,8.47185,2.33642e-19,70.4946
-1.84747,-8.22966,8.47185,1.22861e-17,69.9876
-1.84747,-8.21966,8.47185,2.18024e-19,66.4919
-1.84747,-8.20966,8.47185,1.23867e-13,64.939
-1.84747,-8.19966,8.47185,2.0853e-19,61.8212
-1.84747,-8.18966,8.47185,1.07588e-19,60.561
-1.84747,-8.17966,8.47185,9.72793e-20,58.7584
