0.672294,-1.69179,-11.8623,
0.653516,-2.09126,-11.4236,
0.183231,-2.95449,-4.2053,
0.0131851,-1.37727,-11.6279,
0.695201,-1.59666,-9.12561,
0.00260133,-2.00538,-9.91,
0.439055,-1.87445,3.72015,
0.263423,-2.44391,-17.6163,
0.726072,-2.57035,-1.13452,
0.619592,-0.773119,-16.74,
0.637394,-1.36501,-9.10973,
0.338687,-0.615526,-12.9055,
0.178551,-0.775632,-9.815,
0.058441,-1.58615,-2.44257,
0.203596,-2.99183,-9.07779,
0.545378,-1.59144,-16.7373,
0.443503,-0.505167,0.403707,
0.106587,-3.0627,-15.683,
0.151574,-1.61304,-14.1766,
0.333002,-1.78537,-17.5501,
-0.0412084,-2.35813,-4.88,
0.740959,-2.78418,2.24633,
0.369695,-2.38035,-16.3648,
0.610145,-1.15784,-15.6778,
0.440942,-2.04233,-8.25733,
0.387887,-0.532689,-7.47269,
0.163785,-0.517623,2.04187,
0.750109,-1.84062,2.02032,
0.0172661,-2.60588,-0.929511,
0.367091,-2.70278,3.19646,
0.0509482,-2.39564,-5.74419,
0.136612,-2.6786,-11.0063,
0.590803,-1.6545,-16.9018,
0.000566072,-2.97692,-7.45235,
0.746963,-2.41497,-17.2147,
0.44438,-1.80567,-10.1758,
-0.000131584,-1.68815,1.30899,
0.155248,-0.925052,-9.16076,
0.698235,-1.10238,0.240519,
0.298255,-2.1688,-5.68696,
0.140597,-2.42031,-5.78664,
0.341469,-2.19379,2.50764,
0.247849,-2.37467,-9.59068,
0.478492,-0.801492,-2.63651,
0.134836,-2.78351,0.131366,
0.417473,-0.989521,-12.1225,
0.742334,-0.99307,-10.4387,
0.643823,-2.44641,-1.68182,
-0.0382184,-2.40345,-7.01852,
0.214271,-0.848743,1.88932,
0.540387,-1.29637,1.46318,
0.331236,-2.47567,-3.47111,
0.613042,-1.32128,-15.6498,
0.176754,-1.34051,-5.32263,
0.423216,-2.59653,2.02131,
0.259082,-2.20537,0.14448,
0.671973,-0.884518,-6.11353,
0.425077,-1.32908,-2.19538,
0.595418,-1.7637,-3.60913,
0.416743,-1.90714,-13.5382,
0.184388,-1.20871,-6.86986,
0.0208543,-2.2857,-10.3705,
0.554264,-2.77848,-3.75872,
0.725652,-1.31552,-12.9668,
0.0283765,-0.550012,-14.849,
0.277821,-2.30956,3.27966,
0.100941,-1.47299,-11.0747,
0.289555,-0.975142,1.20152,
0.622582,-0.551961,-16.0803,
0.629513,-0.751791,-4.89944,
0.733963,-1.28434,-14.1791,
0.0571028,-0.606225,-13.6831,
0.586016,-2.18017,-13.9524,
0.313509,-1.75761,-0.237538,
0.278877,-0.71575,-4.46717,
0.702347,-2.78949,3.16301,
0.395351,-1.34996,-10.6174,
0.521811,-1.94439,0.728935,
0.478489,-1.53947,0.286377,
0.332151,-2.5053,-7.39291,
0.290398,-1.93354,-3.99376,
0.699007,-0.630793,-9.10734,
-0.0287992,-1.25602,-11.5799,
0.547085,-2.77746,-2.55166,
0.29244,-2.29248,-6.87272,
0.720933,-2.47861,-6.08995,
0.740691,-2.02318,-11.3676,
0.274535,-2.79568,3.02943,
0.113691,-2.14113,2.00901,
0.109034,-2.49319,-2.42125,
0.5515,-2.82979,3.22715,
0.599001,-1.42922,-17.5945,
0.0563823,-1.06665,-2.87335,
0.174916,-2.81161,-7.68887,
0.203083,-0.640245,1.07251,
0.57481,-0.882863,-3.28217,
0.173451,-1.49845,-0.844379,
-0.0197669,-1.79995,-2.4831,
0.0672857,-0.859952,-12.3314,
0.679121,-2.8196,-0.545825,
0.161466,-1.56263,2.5168,
0.381764,-2.73639,-12.2812,
0.63301,-2.18989,-7.51426,
0.578096,-1.91399,-0.596677,
0.534838,-1.34577,-13.8471,
0.0918794,-2.89525,-10.4574,
0.509471,-2.068,-15.5605,
0.321705,-1.51688,3.86577,
0.0242908,-1.21092,3.05247,
0.0350052,-1.62789,-7.57802,
0.35255,-2.48259,-15.4196,
0.559272,-1.52555,-14.3366,
0.412775,-2.58573,-6.15073,
0.638079,-1.26634,-11.2968,
0.457023,-2.7833,2.24417,
0.545785,-0.614813,-15.4928,
0.214398,-2.17846,-3.88107,
0.324245,-1.25823,-2.01225,
0.175727,-2.25515,-8.74376,
0.0639345,-2.4267,-9.27237,
0.469027,-2.58554,-16.3422,
0.123758,-0.808141,-1.28309,
0.108922,-2.2416,-11.2079,
0.663481,-0.698838,-2.77413,
0.329121,-0.530117,-0.147717,
0.488338,-1.76443,-16.4775,
0.512032,-2.65785,-10.6079,
-0.0318509,-0.842373,-15.141,
0.374313,-2.38333,-6.1962,
0.69961,-0.878899,-11.2327,
0.237551,-2.16978,-13.929,
0.495515,-1.50616,-0.612146,
0.0236588,-1.99526,-8.2741,
-0.0157318,-1.39709,-17.2147,
0.066432,-2.03175,-12.7305,
0.0446285,-0.887683,-13.5572,
0.343421,-2.68525,-16.3517,
-0.0185884,-1.79006,1.95843,
0.707307,-3.04184,-15.889,
-0.0448983,-1.73417,-4.85087,
0.575137,-1.76171,2.94859,
0.573511,-1.85626,-2.68041,
0.534438,-1.9278,-1.51786,
0.69686,-2.38604,-12.4537,
0.560143,-0.888061,-9.64517,
0.132597,-1.21609,-5.53702,
0.491751,-1.21433,-8.10226,
0.61331,-3.04391,0.119208,
0.199076,-1.17503,-3.76857,
0.693045,-1.41565,-0.0269877,
0.403503,-2.1918,-9.9973,
0.047813,-0.641021,-14.9873,
0.334822,-2.73258,-15.8383,
0.646711,-2.1318,-4.28093,
0.0909278,-0.762172,-11.4954,
0.544016,-1.85078,-16.0723,
0.592791,-0.590742,-13.947,
0.107272,-1.18368,-10.4134,
0.0899957,-1.41156,-4.44212,
0.367607,-1.01198,-12.3983,
0.516556,-0.969563,1.94339,
0.00396616,-0.732784,-2.93075,
0.17089,-1.94241,-3.05972,
0.43418,-0.580111,-8.28578,
0.672455,-2.9193,-7.27036,
0.39322,-2.17834,2.28595,
-0.0123052,-1.64295,-14.9704,
0.122554,-1.67137,-3.83254,
0.0269995,-0.89516,-4.20436,
0.00212229,-0.697079,-14.7613,
0.441109,-2.26939,-8.26717,
0.469585,-1.95823,1.47613,
0.365451,-1.00879,2.18121,
0.28207,-1.5491,-12.3902,
0.0782366,-1.16192,-4.93196,
0.228562,-1.93449,2.20563,
0.0910579,-2.50494,-7.46152,
0.411835,-1.46152,-11.9077,
0.508168,-0.534456,-10.8913,
0.43275,-1.71096,1.60457,
0.317862,-1.83284,-0.257368,
0.278727,-1.20501,-8.46807,
0.387078,-2.92599,-15.1406,
0.00389945,-2.91432,-7.19245,
0.727612,-1.93796,-13.105,
0.471407,-0.675414,-5.25005,
0.289888,-1.06713,-8.44676,
0.272964,-1.01378,-0.964501,
0.572109,-2.18383,-0.468629,
0.730439,-2.68788,-15.6832,
0.571584,-0.647085,2.86097,
0.413849,-2.24435,-2.43474,
0.672971,-1.50104,0.464921,
0.290021,-1.37951,-2.56055,
0.652778,-1.1962,-0.430736,
0.697729,-2.02034,-1.57062,
0.0563002,-1.44101,-15.4714,
-0.031192,-2.12704,-7.08745,
0.0948828,-1.66989,1.87207,
-0.00521244,-2.11046,-14.0978,
0.213743,-2.17482,-8.88289,
0.517788,-2.81079,-3.39465,
0.205321,-1.32832,-6.66946,
0.320768,-2.49817,-12.8544,
0.0763002,-1.32425,2.85203,
0.294928,-0.708964,-14.5678,
0.588336,-3.04248,-10.4962,
0.344109,-1.97315,-5.99922,
0.36446,-0.756588,-8.52729,
0.482169,-1.54559,-17.7539,
0.110217,-1.58584,-3.48621,
0.0157447,-1.19968,-13.5118,
0.532965,-1.15333,-8.47009,
0.263449,-0.827204,-14.8248,
-0.03154,-2.4591,-14.6452,
0.628174,-0.937536,-7.48759,
0.732084,-0.782473,-6.00748,
0.734472,-1.34614,-5.09778,
0.442335,-0.749823,-5.3235,
0.173521,-2.30611,-8.40207,
0.0985025,-2.83716,-12.6476,
0.357988,-1.50209,-9.3993,
0.25078,-1.16846,1.25315,
-0.0237414,-1.90554,-13.3672,
0.056391,-0.503788,-0.733759,
0.338186,-1.27102,-5.6025,
0.350398,-0.722025,-8.78776,
0.151158,-1.07234,-4.30727,
0.621548,-0.95237,0.181764,
-0.035765,-1.85413,0.813235,
0.175274,-3.04234,-12.9161,
-0.0402679,-1.6084,-7.71896,
0.334086,-1.74495,-13.1182,
0.500142,-2.92949,-9.62375,
0.380292,-2.98745,-8.93578,
-0.0354362,-3.04229,-13.7522,
0.374652,-0.801512,-2.26252,
0.489974,-2.74353,-0.528129,
0.334279,-1.94385,-10.3493,
0.254795,-2.32098,0.817432,
0.320504,-0.871916,2.54088,
0.119744,-1.19249,-7.78169,
0.380697,-2.42539,-16.2362,
0.691869,-1.93933,-7.70115,
0.500618,-0.610431,-9.09518,
0.696354,-1.63277,-6.00539,
0.532508,-3.04961,-1.11542,
0.545612,-2.53174,3.6146,
-0.03264,-0.580234,-14.1546,
0.0669532,-1.56482,-9.7844,
0.199523,-0.827464,-17.6842,
0.188414,-1.0103,-5.11134,
0.404525,-0.635341,-6.97854,
0.227966,-0.993268,-14.8553,
0.0569633,-2.17111,-4.68884,
0.530955,-1.85359,0.846681,
0.747979,-2.31919,1.12448,
0.497516,-2.89096,-15.1229,
0.282126,-1.46551,-3.05362,
0.414317,-2.49478,-16.675,
0.213937,-2.99923,-17.5139,
0.263179,-2.79865,-16.5224,
0.10211,-2.64322,-6.03505,
0.385241,-2.3055,-0.234198,
0.422064,-1.33848,-12.0909,
0.179574,-1.49781,-10.863,
0.090044,-1.38688,0.203511,
0.210046,-2.81983,-12.668,
0.293569,-1.3044,-4.69563,
0.137878,-1.23573,-9.53547,
0.025327,-0.718002,-13.1336,
0.373273,-1.35467,-13.0335,
0.291271,-2.75103,-13.51,
0.660687,-1.64451,-11.5135,
0.53834,-1.6435,-2.35083,
0.290658,-1.12595,-13.8603,
0.166296,-0.840298,-16.5034,
0.705672,-1.7129,1.70875,
0.0894853,-0.75425,-8.83611,
0.0986813,-3.0247,-12.2821,
0.515319,-2.57075,-12.4943,
0.00178106,-1.37104,-16.7978,
0.175462,-1.79067,-2.65674,
0.471765,-1.48401,-6.57644,
0.334692,-2.6664,-1.66484,
0.13302,-1.33213,-6.58927,
0.636963,-2.83093,-12.5952,
0.695087,-3.00155,-5.45404,
0.235827,-1.52103,-5.88848,
0.248225,-2.68244,2.26888,
0.0259313,-0.568662,-10.2601,
0.364656,-1.39303,0.961766,
0.343519,-2.50483,-10.5003,
0.144354,-1.42281,0.30168,
-0.0184468,-3.09866,-4.0273,
-0.0223196,-1.24787,-13.6427,
0.0122696,-2.41161,-9.56872,
0.213993,-1.07159,-7.076,
0.257583,-2.32715,-12.2517,
0.168995,-2.14289,2.24052,
0.418105,-1.69113,-8.46704,
0.167902,-2.77294,-16.1895,
0.568707,-0.718417,1.41168,
0.74073,-1.23568,-4.11236,
0.361388,-1.11248,0.137647,
0.716341,-1.5672,-15.7882,
0.245297,-1.65041,-2.22137,
0.0553155,-1.04299,-11.7478,
-0.000753899,-2.85956,-11.1319,
0.569714,-2.30895,-13.373,
0.400479,-0.618447,-13.1156,
0.373398,-1.33856,2.84287,
0.371521,-1.34688,-2.95164,
0.166598,-2.87355,1.25568,
0.702877,-2.13385,-4.55737,
0.192174,-2.02298,-1.60927,
-0.00747222,-1.07485,-8.31788,
0.119614,-2.08419,-15.1406,
0.18915,-1.74341,0.214555,
0.0109463,-1.5009,-1.06773,
0.241618,-2.78611,-15.4387,
0.57968,-1.71016,-4.03668,
0.406082,-3.08914,-14.6225,
0.310498,-3.09918,2.73605,
0.193067,-1.61198,-4.05081,
0.671642,-1.82895,-9.78593,
0.415822,-0.924621,-17.4781,
0.179364,-1.92896,-0.461414,
-0.0203312,-1.91975,-5.37795,
0.661291,-1.57661,2.29033,
0.251001,-2.04573,-16.1033,
0.59259,-1.58815,-6.01528,
0.7036,-2.58108,-0.669802,
0.669198,-1.68044,-6.10475,
0.589823,-0.951379,2.81181,
0.737979,-2.96695,-1.70871,
-0.00749297,-0.983017,-6.11434,
0.520104,-3.08404,-1.55481,
0.251065,-3.01551,-1.33083,
0.135958,-1.09449,-16.6585,
-0.00779478,-1.13046,-6.90981,
0.21349,-2.30306,-14.8279,
0.265727,-2.7059,-2.89982,
0.340166,-2.46533,-12.1171,
0.517786,-1.24496,-0.322261,
0.724224,-3.08713,-6.3584,
0.466578,-2.07293,3.82832,
0.604788,-0.518262,-15.6714,
0.0481872,-1.12888,-1.78198,
0.227292,-2.81866,3.45886,
0.504006,-2.15792,-15.3254,
0.525399,-2.8747,-14.8276,
0.504971,-1.27519,-3.99354,
0.594552,-0.601733,-1.08869,
0.470807,-0.714794,3.51182,
0.0524949,-2.64653,-3.32906,
0.347171,-0.642228,-11.8088,
0.317103,-0.50038,3.30284,
0.374745,-2.51421,-6.39157,
0.202793,-2.20916,-2.71718,
0.129018,-1.44705,-10.0733,
0.633607,-2.72223,-12.0409,
0.442153,-3.03471,-15.6769,
0.732689,-1.77501,-1.67704,
0.334913,-1.0707,-7.72458,
0.222443,-0.913181,-7.39587,
0.691723,-2.25728,-5.6397,
0.551807,-2.12543,0.958063,
0.255443,-0.868512,-4.83383,
0.518969,-2.33658,-9.02498,
0.0935667,-1.30678,0.0236945,
0.357303,-0.663403,-15.0319,
0.341251,-0.550403,-14.5167,
0.0764553,-1.51011,-1.2495,
0.586875,-1.42925,-10.404,
0.698949,-1.31769,-2.72546,
0.533481,-2.61801,-15.0728,
0.619581,-1.70577,-9.21029,
0.736088,-2.58257,-17.1837,
0.214672,-0.573087,2.04986,
0.607213,-2.2204,-9.5444,
0.218877,-2.80192,-8.25839,
0.24748,-1.99191,-15.3504,
0.0277717,-2.75038,-11.5422,
0.112303,-1.34836,-2.15242,
0.57356,-3.05291,-5.8555,
0.31246,-1.56059,2.62113,
0.53793,-2.45487,-17.1566,
0.156545,-1.68345,-3.39618,
0.334466,-3.09949,0.639469,
0.713139,-2.98661,-15.2698,
0.303238,-1.5927,2.88119,
0.747808,-2.41811,-6.06881,
0.292948,-2.20735,-10.3639,
0.0349587,-2.68603,-5.29415,
0.195801,-1.72777,-12.395,
0.732778,-0.948353,-3.5222,
0.617943,-3.06905,0.41007,
0.70084,-1.40067,-16.3112,
0.457219,-1.19019,0.177562,
0.734462,-1.60638,-4.73241,
0.192999,-1.19206,2.38055,
0.614532,-0.919286,-2.96445,
-0.0205007,-2.22972,-3.89755,
0.524947,-2.45188,-17.9727,
0.0774482,-1.28428,-2.32996,
0.0177582,-2.23032,3.70594,
0.0243064,-1.19009,-14.6086,
0.279706,-1.52536,-1.73948,
0.116641,-3.08879,-12.2552,
0.53554,-2.45205,-1.19443,
0.108737,-0.841193,2.83427,
0.155743,-2.55961,-2.82385,
-0.0233239,-0.772314,-15.3957,
0.471366,-0.667885,3.22776,
0.665363,-1.06022,-13.5103,
-0.00710599,-0.747982,0.341995,
0.0880275,-1.62624,0.801078,
0.0929236,-0.900833,2.02293,
0.559424,-2.03146,-3.38685,
0.15257,-1.24677,0.850545,
0.476458,-0.529446,-2.98795,
0.380355,-1.68019,2.32132,
0.0758729,-2.81899,-14.8309,
0.258367,-2.54682,-16.6513,
0.262498,-0.788068,-14.6755,
0.315286,-1.66112,-6.68931,
0.34104,-1.15605,-13.8817,
-0.0112188,-1.68865,-16.0613,
0.0281741,-0.921148,-13.8932,
0.124225,-1.86645,-1.85546,
0.208077,-0.577404,0.584841,
0.0135301,-2.71069,-16.953,
0.0270922,-1.32965,3.163,
0.45649,-0.692279,-11.8266,
0.434868,-0.550138,-1.12332,
0.149915,-1.6143,-17.9604,
0.740694,-3.04006,-16.6191,
0.485277,-1.2745,-8.51547,
0.574307,-1.85859,-8.98969,
0.0266226,-2.02193,-13.7146,
0.353782,-1.41315,-2.38705,
0.338048,-1.0578,-16.4075,
0.152745,-2.47138,-1.05545,
0.128603,-1.58772,-4.22195,
0.672282,-1.36706,-8.20755,
0.0131295,-2.21127,-9.79402,
0.501956,-2.38696,-8.51255,
0.419539,-2.61301,-0.222701,
0.297047,-2.17314,-14.2439,
0.370035,-2.56401,-7.77715,
0.198834,-2.18706,-14.1915,
0.133222,-0.848872,-13.1666,
-0.0283911,-2.17024,-11.788,
0.402724,-1.75516,-15.4517,
0.410992,-1.95419,-8.96718,
0.126535,-2.99619,-16.004,
0.735444,-2.07155,-4.0665,
0.144892,-2.73545,-11.8701,
0.671277,-1.60672,-14.5669,
0.440595,-1.53877,-14.3666,
0.488599,-2.41585,3.58724,
0.6583,-1.7906,-4.39888,
0.538136,-0.850946,-14.0436,
0.330914,-2.03577,3.74986,
0.0434952,-0.844748,0.262599,
0.15859,-1.77105,-12.9715,
0.370873,-1.18288,-14.9552,
0.566285,-0.893966,-0.96696,
0.640259,-0.827044,-5.26182,
0.619711,-1.97954,-10.7628,
0.672783,-2.47094,-11.4361,
0.449824,-1.21957,-5.41148,
0.306411,-2.73818,3.90905,
0.555011,-1.52556,-10.8451,
0.684714,-2.9365,-6.42295,
0.0177351,-1.40441,-15.3723,
0.573464,-0.585049,-13.7871,
-0.0355791,-0.84983,-14.6436,
-0.0481165,-1.66496,-7.66855,
0.74534,-2.8377,1.68023,
0.520592,-2.61542,1.82209,
0.744632,-2.99429,-0.351109,
0.388642,-1.30536,-4.39201,
0.108613,-2.02614,-2.03183,
0.351514,-1.40564,-3.0463,
0.369757,-1.08124,2.02556,
0.443178,-1.17591,-8.944,
0.636148,-2.8119,-7.2786,
0.617787,-2.42314,-9.95975,
0.459712,-2.85909,1.03238,
0.739296,-2.62233,-2.38182,
0.533169,-2.71452,-2.70304,
0.278359,-2.8704,-14.5066,
0.49309,-2.43417,-2.23344,
0.654376,-2.06921,2.20271,
0.0116375,-0.848486,3.52791,
0.0624227,-2.74824,-6.05343,
0.376648,-2.65579,-8.77906,
0.420311,-2.98164,-5.3344,
-0.0270218,-2.55004,-6.93302,
0.549507,-3.00519,-15.7717,
0.272869,-0.958862,-11.0262,
0.209408,-2.8902,-5.98493,
0.075583,-2.1207,-16.9507,
0.0680588,-0.91014,3.80468,
0.619851,-1.05724,-2.6693,
0.00333402,-1.78715,2.2616,
0.222949,-1.47358,-16.4069,
0.468302,-1.97751,-3.98838,
0.19878,-1.83357,-16.633,
0.00530378,-1.10213,-14.7954,
0.497146,-1.81472,-17.3348,
0.297335,-1.02733,-8.89637,
0.661889,-1.31304,-15.4614,
0.40797,-1.28242,-8.69158,
0.61608,-0.617684,-4.2332,
0.236929,-1.93628,-3.3324,
-0.00277359,-0.692889,2.82675,
0.192401,-2.20792,-5.03291,
0.656315,-2.92902,2.12714,
0.517622,-2.49671,2.32518,
0.640817,-1.27443,-3.07041,
0.198722,-2.75909,-6.90985,
0.39167,-0.703139,-10.7911,
0.455452,-0.747003,-17.2203,
0.637176,-0.702866,-7.57386,
0.701683,-1.87199,-13.3031,
-0.0458987,-0.836011,-0.855598,
0.198346,-1.35347,1.46439,
0.620159,-0.616654,-4.30665,
0.578283,-2.8313,-12.4183,
0.682099,-1.45492,1.65766,
0.331878,-0.527152,2.02639,
0.678059,-2.51644,-2.62863,
0.585258,-1.67708,-17.4696,
0.413789,-1.40057,-6.13708,
0.493989,-1.64227,0.66801,
0.595022,-2.23112,-0.715915,
-0.00595617,-1.53492,-8.23118,
0.591441,-2.16588,-9.33315,
0.354478,-2.31998,1.88719,
0.592387,-1.78691,-9.72102,
0.282455,-1.51511,-16.1924,
-0.0169153,-2.88803,-1.02449,
0.595944,-2.9149,-11.5589,
0.429416,-3.07986,-13.2866,
-0.0382755,-1.72661,-12.7145,
0.242703,-0.77849,-4.76732,
0.12322,-2.07359,-3.75911,
0.487175,-2.07345,3.19248,
0.163986,-0.874747,-16.2238,
0.374836,-0.58544,-7.23352,
0.123115,-0.989912,-1.00604,
0.683068,-3.02995,-6.3347,
0.683414,-2.18542,-7.01086,
0.0392478,-1.42387,-15.6446,
0.511502,-2.64242,2.97659,
0.151706,-2.66732,-4.24895,
0.327609,-2.55054,-10.9416,
0.213595,-1.07081,-5.20588,
0.13947,-0.69373,-17.6525,
0.427688,-2.96913,-13.3159,
0.524306,-2.85199,-11.3252,
0.202616,-3.00866,-7.68576,
0.43427,-1.90581,-5.94662,
0.170513,-0.646738,1.12083,
0.352527,-2.56913,-14.0623,
0.0203921,-2.40372,-17.9228,
0.400714,-1.70088,-2.9836,
0.470047,-2.69731,-14.9518,
0.703818,-1.16972,2.71049,
0.404677,-2.08015,-11.8216,
0.642671,-2.98876,-10.8155,
0.60999,-2.04321,-15.7378,
0.25044,-2.36947,-14.3277,
0.251363,-0.589718,-7.24889,
0.099694,-1.92969,2.99929,
0.641778,-1.28613,3.96527,
0.0445002,-0.824521,-14.5767,
0.716722,-1.0749,-7.93531,
0.122645,-1.5894,3.70548,
0.568241,-1.86486,-4.75779,
0.627848,-2.90029,-1.01295,
0.642164,-2.19406,-6.36721,
0.581242,-0.717046,-6.98804,
0.200908,-0.643509,-16.4474,
0.243153,-0.542591,-0.828545,
-0.018486,-2.24796,-8.77967,
0.349351,-1.86388,-16.4849,
0.708456,-1.43411,-15.5912,
0.110031,-1.0017,-8.38477,
0.141422,-0.844223,-16.7892,
0.695038,-2.63889,-1.61454,
0.382812,-2.44319,-15.4086,
0.730898,-0.714814,-10.4765,
0.559602,-1.80546,-15.857,
0.285706,-1.75134,-15.8687,
0.306298,-2.4087,-1.22127,
0.435557,-0.696629,-15.3782,
0.178374,-2.8178,-7.60414,
0.297153,-0.971569,-4.48234,
0.0754655,-2.46233,-5.04142,
0.354472,-3.00757,-17.7779,
0.208045,-1.58097,-8.3885,
0.204678,-1.63471,0.0805225,
-0.0457646,-0.840574,0.246264,
0.195176,-1.41337,2.61707,
0.650233,-1.95768,-10.6379,
0.655507,-2.80377,-8.38652,
0.301707,-2.94413,-17.9895,
0.428802,-0.709241,-4.23395,
0.390604,-2.38102,-8.35511,
0.318799,-1.65273,-0.20726,
0.639938,-2.82083,-10.8235,
0.0898791,-1.82083,-4.15396,
0.439996,-2.72322,-5.11282,
0.202671,-0.960766,0.999019,
0.578671,-0.691729,-17.7372,
0.748077,-0.608106,3.54917,
0.279067,-1.76009,-10.336,
0.312032,-1.12243,0.918863,
0.0450958,-2.21412,-11.9446,
0.610529,-0.874332,-15.707,
0.222295,-2.0725,-6.38561,
0.464102,-2.94408,-0.762855,
-0.0350098,-3.09181,0.159666,
0.389238,-1.00121,-15.498,
0.624591,-0.609576,-11.5183,
0.193803,-2.09204,0.807561,
0.613369,-0.995427,-7.51206,
0.726349,-0.936862,-16.0205,
0.379373,-1.43672,2.65628,
0.417934,-2.05706,-5.45643,
0.669382,-1.57561,-3.87044,
0.0335401,-2.27808,-5.54381,
0.348752,-2.81974,-2.62983,
0.321867,-2.5866,-10.9058,
0.221632,-2.55298,-12.0248,
0.303486,-0.555961,-13.2339,
0.172443,-1.83053,-14.5035,
0.104065,-0.709439,-1.34597,
0.456537,-0.687475,-15.4068,
0.368395,-2.41991,-3.74214,
0.629435,-1.98398,-10.5295,
0.550575,-1.5918,0.336558,
0.249092,-0.718624,-8.08081,
0.136505,-1.75578,-13.9318,
0.102866,-0.820909,-17.1596,
0.332067,-0.729709,2.48695,
0.227849,-0.907403,2.07439,
0.585868,-1.79683,0.186834,
0.564511,-1.92839,-4.27362,
0.692625,-1.02165,-17.7878,
0.149457,-1.85038,-8.77852,
0.21161,-2.28836,-13.6537,
0.0350136,-3.0161,-10.2778,
0.211223,-1.9063,-1.73245,
-0.0265735,-1.76579,-10.6048,
0.602461,-2.85122,-4.71119,
0.00923655,-1.39976,-7.06926,
0.237334,-2.14925,-4.94685,
0.473779,-0.767519,-2.44307,
0.607037,-2.65538,-9.47015,
0.0799023,-1.55094,0.00324609,
0.557645,-0.774309,-0.973996,
-0.000812887,-1.80582,1.85763,
0.398865,-1.27604,-7.69964,
0.655295,-2.2166,-14.3165,
0.391264,-1.58957,0.221329,
0.0308642,-2.17899,-10.2833,
0.401849,-0.97266,-14.0389,
0.0465974,-0.890103,1.742,
0.648588,-1.88705,-11.4557,
0.730525,-1.1948,-4.18322,
0.339421,-1.8524,-10.5371,
0.60268,-2.79447,-7.39824,
0.224436,-1.49279,-8.78634,
0.49487,-1.97723,-0.322421,
0.291955,-1.02856,-0.20394,
0.731175,-2.99462,-14.9251,
0.233763,-0.971119,-11.5551,
0.193434,-2.51609,-11.1059,
0.683686,-2.0572,-12.5545,
0.200196,-2.39078,-13.6818,
0.643672,-1.59505,-1.56847,
0.00529255,-1.94774,-17.6018,
-0.0346273,-1.39161,3.97918,
0.356552,-2.40597,-14.4195,
0.186666,-2.71675,-14.8688,
0.276519,-0.955746,-7.58237,
0.575017,-1.37066,-2.85667,
0.680854,-1.26807,-11.2622,
0.308148,-2.09014,-11.4532,
0.0269008,-1.29507,-4.75772,
0.135125,-2.52437,1.03209,
0.130932,-0.734366,-5.85241,
0.58137,-1.2232,-12.1887,
0.278945,-2.08501,-1.57121,
0.461528,-1.68192,-14.0329,
0.523339,-1.04589,-13.744,
0.341044,-1.14361,-11.4675,
0.104935,-2.6431,-11.3741,
0.0732155,-0.678724,-1.37819,
0.264872,-2.53261,-12.3882,
0.466723,-0.802481,-9.13485,
0.383135,-0.578727,-13.9658,
0.031285,-2.54551,-8.63773,
0.643233,-0.745707,-4.40745,
0.595753,-1.69609,-10.5436,
0.480938,-2.35426,-10.6217,
0.508688,-1.82886,-4.20017,
0.591671,-1.46704,3.4458,
0.164053,-2.22311,-11.795,
0.458024,-2.75491,-6.00443,
0.199642,-0.937146,-0.847987,
0.025709,-1.24682,-12.4177,
0.475736,-2.47752,-8.464,
0.235735,-1.3324,-11.8073,
0.533077,-2.18602,-5.30162,
0.194623,-2.82248,-17.9576,
0.732788,-0.693392,-12.0354,
0.507031,-1.86656,-13.9302,
0.0493572,-1.59693,-1.26239,
0.643249,-1.18185,-5.73712,
0.349622,-1.02274,0.260391,
0.176656,-2.40056,-14.1653,
0.547788,-1.40995,2.05561,
0.460623,-2.30297,-4.78719,
-0.0493928,-2.33177,-15.6082,
0.072784,-1.95182,-16.8713,
0.233406,-1.89321,-10.0954,
0.311399,-1.01409,2.51698,
0.148019,-0.981595,3.40065,
0.417556,-1.62122,-4.46151,
0.0727025,-1.00503,-17.5133,
0.324727,-1.74445,0.212628,
0.18181,-1.13911,-2.92098,
0.35898,-0.671233,-13.4811,
0.593992,-0.523159,-0.295227,
0.169757,-3.03988,-17.3617,
0.692307,-0.564164,-6.71492,
0.13095,-1.48226,-5.06158,
0.249643,-1.53273,-4.04333,
0.656263,-1.75938,-16.645,
0.687392,-0.967383,-2.84115,
0.570541,-1.91841,3.2736,
0.474182,-2.26196,-12.2685,
0.42826,-2.17591,-14.455,
0.31749,-1.11578,-15.4722,
0.482683,-2.50738,-6.14878,
0.587783,-0.758097,3.62284,
0.543947,-2.95576,-14.9608,
0.567296,-1.04491,2.74959,
0.364891,-1.45528,0.0848355,
0.270087,-1.83901,0.200874,
0.599927,-2.38327,-10.1185,
0.505777,-2.00611,-5.59542,
0.280951,-1.14825,-9.79804,
0.369691,-0.704851,-3.63251,
0.0978286,-1.56162,0.183347,
0.729258,-1.37526,-0.802541,
0.605255,-0.890502,3.03106,
0.745637,-1.79579,-17.2846,
-0.0114022,-0.690681,-14.7571,
0.571379,-0.937933,-14.4203,
0.01174,-1.93743,-11.355,
0.0523183,-0.942966,3.48951,
0.319768,-1.08244,-11.2807,
0.295204,-2.87615,-1.73026,
0.254152,-2.82566,-4.93606,
0.445812,-0.909397,-14.8111,
0.193303,-2.31913,-11.2521,
0.742844,-3.04274,-6.65557,
-0.0360616,-1.39726,-7.17769,
0.599792,-2.19523,-5.48327,
0.24766,-2.81314,-7.49337,
0.656922,-1.98627,-16.4948,
0.0299581,-1.1255,-16.9454,
0.570309,-2.91289,-1.20197,
0.155493,-1.76878,-13.2944,
0.730992,-1.42674,-9.02707,
0.686047,-1.0253,-9.31224,
0.383021,-2.26068,2.16557,
0.11275,-2.61719,-17.6988,
0.6834,-2.28589,-8.98945,
0.658293,-1.57419,-0.64594,
0.102485,-1.17802,-3.24901,
0.534653,-0.539121,-12.8599,
0.00910764,-1.35594,-1.09447,
0.600976,-2.43736,-11.8977,
0.428651,-1.56278,3.38101,
0.379805,-1.99085,-10.6013,
0.540287,-1.20805,-3.65582,
0.613281,-1.19136,-11.2018,
0.0288846,-1.5969,-14.6114,
0.489569,-2.72207,-5.5001,
0.165007,-0.804278,-12.6176,
0.595234,-1.77559,-2.92745,
0.294783,-3.05946,1.00757,
0.384454,-2.23187,-5.61408,
0.335316,-0.583245,-2.89623,
0.177268,-2.2734,-2.82816,
0.687035,-1.68703,1.47563,
0.161076,-1.8285,-7.87937,
0.564765,-2.65719,1.14231,
0.483661,-2.71623,-7.85957,
0.271826,-2.9633,0.570191,
0.333304,-2.88949,-12.8514,
0.127025,-2.1509,-8.47011,
0.000721556,-0.93873,-11.1748,
0.208848,-2.07642,3.76289,
0.0427154,-0.669929,-8.58319,
0.210435,-2.24152,-6.6022,
0.0751724,-1.6737,-16.8596,
0.0645452,-2.74062,-12.5089,
0.519966,-2.2025,-15.7398,
0.59418,-1.80804,-5.23551,
0.377104,-3.05893,-10.2405,
-0.0467649,-0.583225,-6.26737,
0.491649,-1.47524,-0.822376,
0.693672,-1.99036,1.5898,
0.199576,-0.944529,0.802574,
0.274195,-2.66018,-9.4828,
0.00935962,-0.720532,-0.932807,
0.597496,-2.55078,-16.3301,
0.278965,-2.96289,-3.0766,
0.62894,-2.7946,2.06864,
0.62218,-2.65314,-8.22872,
0.599709,-1.51927,-5.34757,
0.606827,-2.21854,-7.86212,
0.00706014,-1.02088,-9.74902,
0.355397,-0.532547,-16.9807,
0.0913508,-0.948057,-15.9488,
0.48908,-1.97098,-10.9055,
0.683428,-1.6476,1.74596,
0.715946,-1.96825,-17.7462,
-0.0238355,-2.80204,-0.455917,
0.534517,-2.46173,-11.0237,
0.372349,-2.38021,-12.5071,
0.28193,-1.80347,-7.80454,
0.0532483,-1.31159,-4.53498,
0.391637,-2.0526,-13.5592,
0.539167,-1.71659,-13.8262,
0.0213069,-0.862841,-13.173,
0.508192,-2.30626,-8.20514,
-0.0340419,-1.58902,-1.12254,
0.661486,-2.30307,0.0695374,
0.608314,-0.737304,0.476048,
0.500698,-0.888174,-12.4731,
0.715238,-1.5146,-1.83683,
0.0950087,-2.92968,-9.12398,
0.261304,-1.73064,2.05034,
0.0101476,-2.09842,-6.87118,
0.0129531,-1.96423,-8.19435,
0.607436,-2.73567,-2.6794,
0.0812421,-1.36951,-17.9682,
0.0877249,-2.52807,-7.56787,
0.391939,-2.63342,-5.3266,
0.253281,-2.25723,2.88081,
0.67434,-1.96008,-12.3816,
0.725185,-2.18053,1.39203,
-0.0466634,-2.52374,-13.2453,
0.340515,-2.06184,-16.5654,
0.0711504,-2.22176,-0.926859,
0.461946,-2.00771,-0.927999,
0.4222,-0.548052,-5.5227,
0.0827155,-0.6697,-4.73159,
0.272785,-1.28369,3.00018,
0.224113,-2.07384,-9.89475,
0.558244,-1.69666,-1.79641,
0.748778,-2.98865,-5.20105,
0.653972,-1.59434,-12.8604,
0.66399,-1.35439,-12.9223,
0.560118,-1.66166,-8.39485,
0.258228,-2.25205,1.41914,
0.34079,-1.30558,3.43593,
0.604778,-0.773856,-14.704,
0.0957734,-3.0795,-8.68719,
0.394065,-2.75475,0.520235,
0.706669,-2.00181,2.65279,
0.128668,-2.0816,-11.3564,
0.120179,-2.1272,-6.70893,
0.525455,-1.39161,-15.8265,
0.168372,-1.81291,-0.164021,
0.017065,-2.81828,-10.641,
0.654128,-2.74088,-10.8842,
0.699688,-2.71103,-4.97607,
0.231042,-1.76311,-10.0345,
0.0712005,-0.589045,-14.1771,
0.173526,-3.0987,-5.82466,
0.141238,-1.55236,-2.43845,
0.123872,-1.85757,0.250584,
0.315039,-1.70003,-0.424461,
0.401896,-1.16842,-11.5365,
0.736725,-3.06489,-13.2423,
0.0351992,-1.35694,-2.52877,
0.211324,-1.00878,-12.3309,
0.400161,-1.27746,-7.18583,
0.383705,-0.815706,0.860879,
0.458364,-2.57127,-1.1847,
0.0312075,-0.918506,2.41358,
0.14192,-2.97572,2.76954,
0.582246,-1.29547,-2.92191,
0.451339,-3.07425,-14.5366,
0.0179997,-1.81376,3.61592,
0.249477,-0.689954,-17.9823,
0.0447397,-1.04315,-9.72296,
0.570911,-1.93483,-3.18765,
0.714472,-1.08929,-6.70087,
0.0372831,-2.69558,-9.80903,
0.692983,-3.03757,-17.9236,
0.542189,-2.7924,-0.386165,
0.346238,-1.18795,-14.9629,
0.528783,-1.86996,-8.66795,
0.622484,-0.634267,-3.61397,
0.388807,-1.26126,-17.9425,
0.465349,-0.531931,-16.2439,
-0.0211009,-1.52553,2.19115,
0.335923,-1.274,-2.36664,
0.181848,-2.38784,-15.9861,
0.35322,-1.76819,-2.31905,
-0.00257946,-0.793201,-12.7107,
0.0584479,-1.64457,-15.688,
0.15732,-2.08174,2.1942,
0.216144,-3.0269,-1.70756,
0.273904,-0.613174,-1.15408,
0.105515,-1.46219,1.83339,
0.517265,-2.18411,-4.38337,
0.732979,-2.75616,-13.6187,
-0.0392568,-1.41276,-1.04213,
0.420143,-1.13729,-12.7036,
0.265076,-0.518261,-3.04982,
0.169418,-2.69803,-10.2594,
0.302192,-1.83903,-15.3307,
0.0259914,-2.19811,1.56715,
0.628779,-1.00389,0.438181,
0.359357,-1.86615,1.30322,
0.644836,-1.04865,2.33298,
0.332582,-0.871105,-9.85118,
0.687124,-2.31094,2.1202,
-0.0123864,-1.24274,0.394437,
0.399199,-1.43393,-11.7095,
0.53886,-1.83896,-5.10955,
0.530901,-2.17486,-7.02734,
-0.0411023,-2.93906,-14.072,
0.421191,-1.77788,1.67424,
0.425569,-3.02828,1.73036,
-0.0337155,-1.04496,-0.303561,
-0.00308251,-1.02623,-1.69991,
0.455494,-2.29611,2.73164,
0.0311044,-1.58662,-6.38701,
0.725965,-1.05449,-9.98832,
0.517301,-0.805342,-13.2869,
0.375554,-2.89672,-13.2596,
0.0321773,-2.53409,-14.0417,
0.543426,-1.71401,-12.9084,
0.560139,-2.03859,-6.6029,
0.436333,-2.47643,-5.04419,
-0.038109,-1.53637,-9.34089,
0.220831,-1.44483,-12.1936,
0.064236,-1.97615,-15.7391,
0.525591,-2.99598,-2.9721,
0.560767,-2.53396,2.60016,
0.226852,-0.506171,-4.19105,
0.631222,-2.9588,3.75425,
0.523083,-1.87796,-14.1236,
0.0346185,-1.90652,-15.2693,
0.147733,-0.886714,1.28934,
0.608172,-0.813029,-12.421,
0.19742,-1.65593,-5.11985,
0.41728,-0.77059,-4.66578,
-0.000922571,-1.45728,-13.0593,
0.091307,-2.677,-2.2781,
0.0981942,-2.02848,3.11998,
0.444084,-1.34603,-3.13931,
0.540266,-2.16335,1.10224,
0.739404,-2.86488,0.608601,
0.421928,-0.872172,-4.39905,
0.590319,-2.03039,-4.90834,
0.0865818,-1.30681,-7.24014,
0.556661,-1.41401,0.931694,
0.576927,-1.13887,-6.24013,
0.708309,-3.01528,0.970476,
0.519007,-1.80014,-0.776264,
0.568329,-1.31444,-8.14598,
0.45136,-2.69729,-13.2937,
0.277797,-2.55021,2.50833,
0.319754,-1.72939,-12.9474,
0.393631,-1.34901,-17.4541,
-0.0254491,-2.783,2.2124,
0.093489,-1.6782,-0.356611,
0.358031,-0.78231,-12.4994,
0.676609,-0.534851,-8.22661,
0.346511,-0.555301,-16.9316,
0.684148,-1.67417,-1.73339,
0.339172,-1.50417,-14.2159,
0.236577,-1.99731,-13.7724,
0.452862,-1.50624,-9.34736,
