0.638549,2.20895,1.70244,4.46033,9.01027,1.74762e-05,4.60929e-06,2.71949e-06,8.56189e-06,3.33669e-05
1.1466,0.727908,1.04046,1.29956,4.21454,1.56235e-05,1.31424e-06,6.92729e-06,2.77626e-06,2.66413e-05
0.985084,2.46389,2.54179,6.04272,12.0335,6.95911e-06,1.01416e-06,7.72893e-07,2.31786e-07,8.97795e-06
1.75644,1.11064,0.752114,1.21221,4.83141,2.39642e-06,6.70218e-07,1.50976e-05,6.40537e-06,2.45696e-05
1.24131,4.47084,3.64713,1.24928,10.6086,6.06114e-06,4.37641e-06,5.02858e-06,9.55507e-06,2.50212e-05
1.22702,1.06632,1.54997,8.38412,12.2274,1.97327e-05,3.50223e-06,8.51552e-06,7.7321e-06,3.94826e-05
1.60036,0.760166,1.87694,3.94288,8.18035,3.99447e-06,9.63847e-06,8.04001e-06,2.54711e-06,2.422e-05
0.642092,5.93166,0.859226,2.54167,9.97465,6.16686e-06,9.05772e-07,6.34996e-06,1.05347e-06,1.44761e-05
0.72435,4.39092,1.66138,3.76098,10.5376,2.30465e-06,9.90558e-06,1.91825e-06,4.193e-06,1.83215e-05
1.47917,5.71043,1.6515,3.5941,12.4352,2.39721e-05,8.44391e-06,8.50022e-06,9.91068e-06,5.08269e-05
0.947886,0.573698,7.81524,5.06731,14.4041,3.82457e-06,1.04079e-06,9.77876e-06,4.22411e-07,1.50665e-05
0.70589,3.04878,0.433447,5.3447,9.53281,5.05906e-06,6.88631e-06,4.05846e-06,2.75093e-06,1.87548e-05
0.775411,0.544853,0.416393,1.40582,3.14248,1.07278e-05,5.39352e-06,1.32072e-05,1.61371e-06,3.09423e-05
1.69561,1.76018,1.7415,1.14569,6.34298,8.63154e-06,6.08922e-06,4.17748e-06,1.04505e-06,1.99433e-05
1.62421,4.25869,1.05002,5.28912,12.222,1.09242e-05,4.07288e-06,2.60026e-06,3.96299e-06,2.15604e-05
0.912337,2.79754,5.65486,3.01925,12.384,5.03601e-06,7.45572e-07,1.74913e-05,4.34492e-06,2.76178e-05
0.862603,5.72003,3.47175,5.96828,16.0227,5.9964e-06,7.37048e-06,2.61531e-06,4.24136e-06,2.02236e-05
1.96163,3.99903,2.0578,0.384828,8.40329,2.60083e-05,2.69953e-07,1.20909e-06,2.63614e-06,3.01235e-05
0.575471,5.21423,3.05253,1.77014,10.6124,6.52973e-06,2.46314e-06,5.75475e-06,4.31888e-07,1.51795e-05
0.935938,3.47867,1.62407,3.35766,9.39633,2.45346e-06,1.04958e-06,5.04754e-06,1.05546e-06,9.60604e-06
1.06894,3.9807,1.78755,3.30412,10.1413,2.33887e-05,2.94219e-06,9.99159e-06,6.17781e-06,4.25003e-05
2.24038,6.84119,4.68241,1.5777,15.3417,7.23542e-07,1.67234e-06,4.28047e-06,4.73188e-06,1.14082e-05
1.53447,1.49683,1.24742,1.05769,5.33641,1.2441e-06,8.3579e-06,1.08601e-05,2.00796e-06,2.24701e-05
0.905946,3.63887,2.21447,1.47972,8.23901,4.83626e-06,9.47421e-06,2.32076e-06,8.54942e-06,2.51806e-05
1.7685,5.31378,3.23773,4.4278,14.7478,1.83418e-06,2.37905e-06,6.16552e-07,8.12827e-07,5.64261e-06
1.49674,5.3625,0.31192,2.48742,9.65858,1.01464e-05,4.05523e-06,9.16927e-06,6.84074e-06,3.02117e-05
1.5418,7.39784,0.639801,1.47623,11.0557,1.34373e-05,6.10936e-06,3.41458e-06,6.28817e-06,2.92494e-05
1.90432,3.27312,2.03571,1.74439,8.95753,4.59087e-06,5.97411e-06,7.78058e-06,1.49669e-06,1.98422e-05
0.734244,3.25889,3.6542,7.11737,14.7647,7.19587e-06,7.16213e-06,1.08531e-05,4.77711e-06,2.99882e-05
2.21408,2.46837,2.00912,7.57588,14.2674,7.09132e-07,9.59203e-06,1.07127e-05,1.13906e-05,3.24045e-05
1.02497,4.43746,0.970269,7.32071,13.7534,7.37881e-06,4.67404e-06,4.22964e-07,5.91363e-06,1.83894e-05
0.501439,1.23149,3.44094,1.4271,6.60097,1.05458e-06,8.52672e-06,2.20002e-05,1.42475e-05,4.58291e-05
1.39482,4.28276,2.95288,3.82397,12.4544,3.16878e-06,7.23531e-06,1.2078e-05,5.46471e-06,2.79468e-05
2.07786,3.02555,2.56315,6.92564,14.5922,9.35753e-06,9.65232e-06,1.93838e-05,3.67913e-07,3.87615e-05
1.32066,1.71432,3.71888,5.16623,11.9201,1.27979e-05,6.95143e-06,6.75053e-06,4.50165e-06,3.10015e-05
1.19272,3.91581,0.294049,4.07106,9.47365,1.8477e-05,2.63494e-06,3.80419e-06,1.21221e-07,2.50373e-05
0.812349,3.2409,0.805446,4.21525,9.07394,2.94406e-06,6.97767e-06,1.49477e-05,6.99945e-07,2.55694e-05
0.536969,2.96799,1.34741,5.8645,10.7169,2.70583e-07,3.38378e-06,2.813e-06,3.40411e-06,9.87147e-06
2.15851,0.397858,5.90523,3.08834,11.5499,1.50966e-06,4.15333e-07,1.22836e-05,5.7878e-06,1.99964e-05
1.69905,3.30206,4.94717,6.7192,16.6675,1.14405e-05,4.14327e-06,1.67528e-05,1.71119e-05,4.94484e-05
2.02104,1.39874,2.95865,7.29986,13.6783,5.4557e-06,1.89641e-06,3.55995e-06,1.16886e-06,1.20809e-05
2.44859,0.268686,1.87312,2.50519,7.09559,6.52166e-06,6.02667e-06,1.49203e-05,4.11305e-06,3.15817e-05
1.29543,2.90303,1.61921,0.324563,6.14223,1.8915e-05,7.15158e-06,2.94344e-06,1.10467e-05,4.00567e-05
1.00142,4.39294,3.89058,2.70965,11.9946,7.19138e-06,1.00009e-05,4.48707e-06,3.74274e-06,2.54221e-05
2.15833,2.94207,4.59713,5.16396,14.8615,1.51222e-05,3.01408e-06,1.67558e-05,1.41163e-07,3.50332e-05
1.52878,4.3899,2.46201,5.38294,13.7636,4.13355e-06,3.72873e-06,6.07274e-06,4.23769e-06,1.81727e-05
0.599815,5.61433,2.24017,3.74175,12.1961,1.28339e-05,1.8173e-06,1.42545e-05,6.70287e-08,2.89727e-05
1.87616,3.19762,2.64903,4.27898,12.0018,9.81606e-06,9.66097e-06,3.10559e-06,1.01461e-05,3.27287e-05
0.62093,2.23226,3.19305,1.80406,7.8503,1.18203e-05,6.58951e-07,5.5542e-06,5.67409e-06,2.37076e-05
2.54783,5.07776,4.40392,1.47276,13.5023,8.98067e-06,4.30627e-06,1.60357e-05,4.24897e-06,3.35716e-05
2.10329,5.07058,1.42103,4.79487,13.3898,7.86291e-06,1.87715e-06,1.7257e-06,1.62461e-06,1.30904e-05
0.747144,4.77745,6.61499,4.63965,16.7792,2.75032e-06,2.88816e-06,1.64705e-06,2.22556e-06,9.51108e-06
1.00947,9.01098,3.48204,1.93699,15.4395,3.37389e-06,1.05071e-05,1.53851e-05,5.59046e-06,3.48565e-05
1.50371,0.850875,2.91987,2.07409,7.34855,2.2601e-06,1.3743e-05,7.77999e-06,1.30229e-05,3.6806e-05
2.01261,5.80824,0.927141,1.34539,10.0934,1.96404e-05,5.32041e-06,5.46366e-06,4.6688e-06,3.50932e-05
0.29579,5.86448,3.27008,0.538188,9.96854,1.26068e-05,1.17607e-05,6.89287e-06,5.47925e-06,3.67396e-05
1.76097,2.40044,1.71101,2.51494,8.38735,4.69236e-06,1.27992e-05,1.41091e-05,6.87299e-06,3.84737e-05
1.22957,3.10277,2.97834,5.34774,12.6584,8.02229e-06,4.97249e-06,5.2951e-06,2.4057e-07,1.85304e-05
1.21694,3.94017,0.808286,2.98131,8.9467,4.3303e-06,3.40962e-06,5.27792e-06,2.83466e-06,1.58525e-05
1.51059,0.484858,1.28637,3.40679,6.68861,2.08825e-06,2.14421e-06,8.21024e-06,7.30171e-06,1.97444e-05
1.857,4.5639,2.16341,2.66878,11.2531,7.11613e-06,3.30997e-06,3.76288e-06,3.96433e-06,1.81533e-05
1.63357,2.11761,1.1732,0.762626,5.687,2.9482e-05,6.83457e-06,1.11651e-05,8.33224e-06,5.5814e-05
2.16589,3.23012,0.409285,2.4924,8.29769,9.65936e-06,5.44008e-06,1.79703e-05,9.10818e-06,4.21779e-05
0.832959,3.34731,1.45516,3.69027,9.3257,4.03682e-06,1.89356e-06,4.19584e-06,1.08166e-06,1.12079e-05
1.58086,0.852815,4.6304,1.5806,8.64467,1.04024e-05,1.22546e-05,9.31354e-06,8.97872e-06,4.09492e-05
3.32852,8.31015,2.03558,2.71024,16.3845,1.07269e-06,4.99962e-06,1.49664e-05,1.70823e-05,3.8121e-05
2.72724,1.87062,3.338,2.90369,10.8395,6.14509e-06,4.11007e-06,6.08694e-06,1.00456e-06,1.73467e-05
1.74785,1.28026,2.994,3.08356,9.10566,4.08211e-06,7.59134e-07,6.25682e-06,5.98687e-06,1.70849e-05
1.65228,5.56907,3.62417,3.3432,14.1887,3.0539e-06,1.68447e-06,5.35458e-06,4.67108e-06,1.4764e-05
1.14167,1.48134,3.25682,2.59998,8.47981,1.16691e-05,4.81191e-06,1.42009e-05,7.80882e-06,3.84907e-05
3.09069,1.26681,1.82808,2.60664,8.79222,1.41536e-05,1.12646e-05,1.85277e-05,5.3535e-06,4.92994e-05
0.993232,6.57428,0.358558,1.65841,9.58448,7.83014e-06,1.32591e-06,2.76379e-06,2.55839e-07,1.21757e-05
2.34683,7.92292,1.82388,2.66857,14.7622,3.75158e-06,2.76544e-06,7.53444e-06,6.36511e-06,2.04166e-05
1.70877,1.83013,0.452809,1.34493,5.33663,1.10493e-05,1.0912e-05,4.4986e-06,1.33927e-05,3.98526e-05
2.20797,1.81741,2.04431,4.63797,10.7077,2.16172e-05,4.96205e-06,4.55237e-06,4.10895e-06,3.52406e-05
1.84177,2.8057,0.8223,4.40417,9.87394,4.19995e-06,5.98338e-07,1.24247e-06,9.85698e-07,7.02645e-06
0.926808,0.80805,1.86196,2.75027,6.34709,1.17867e-05,5.05009e-06,9.53095e-07,5.22492e-06,2.30148e-05
1.2747,8.31947,3.09924,4.6773,17.3707,1.92491e-06,1.38111e-06,2.20207e-06,6.67464e-07,6.17555e-06
0.988467,0.319379,2.73921,2.34556,6.39262,1.0076e-05,5.00722e-06,9.19415e-06,1.07675e-05,3.50449e-05
2.07447,2.31528,3.23832,0.62368,8.25175,9.34259e-07,2.5533e-06,1.15643e-05,3.93132e-06,1.89832e-05
1.12711,0.859494,4.39607,0.301236,6.68391,4.33177e-06,8.13432e-06,4.4431e-06,1.02476e-05,2.71568e-05
1.53527,7.14785,6.35368,1.62858,16.6654,7.63251e-06,1.46838e-05,8.42095e-06,7.45939e-06,3.81967e-05
0.885217,3.91701,4.03883,4.40037,13.2414,3.17124e-06,9.1933e-06,8.31044e-06,9.41082e-06,3.00858e-05
1.52324,6.6552,1.18966,12.4556,21.8237,1.275e-05,6.77235e-06,2.57281e-06,6.58043e-07,2.27532e-05
0.911368,0.665174,1.78726,0.855838,4.21964,2.85869e-06,1.95935e-06,4.31662e-07,1.0788e-06,6.32851e-06
1.68233,2.5355,1.59294,1.34327,7.15404,1.971e-07,6.70406e-07,1.2238e-05,4.90085e-06,1.80064e-05
1.50234,2.12611,2.53127,3.44615,9.60586,2.6854e-05,4.13194e-06,1.27868e-05,6.94828e-06,5.07211e-05
1.38021,4.83275,2.6091,2.30475,11.1268,1.45209e-05,5.36248e-07,2.58333e-06,1.49585e-06,1.91364e-05
2.41376,2.29161,1.61189,1.29,7.60725,3.8204e-06,3.95541e-06,2.66013e-05,5.12964e-06,3.95068e-05
3.04961,2.68715,0.945632,3.12893,9.81132,1.53839e-05,1.21959e-06,2.33727e-06,3.74486e-06,2.26857e-05
2.13028,0.816666,2.28234,0.117665,5.34696,1.66523e-05,4.6097e-06,1.0323e-05,2.26409e-06,3.38492e-05
0.789434,3.34817,2.72864,1.17176,8.03801,5.49223e-06,7.42305e-07,1.15757e-05,4.73322e-07,1.82835e-05
1.70335,0.979846,5.33396,3.92529,11.9424,1.57552e-05,5.63124e-06,7.53251e-06,1.04251e-06,2.99614e-05
1.0317,1.7219,6.19176,1.30669,10.252,7.28088e-06,4.90682e-06,1.40298e-05,1.82132e-06,2.80388e-05
1.63172,3.09711,1.47031,7.7862,13.9853,2.78442e-06,1.04684e-05,6.40384e-06,1.26096e-05,3.22663e-05
0.259757,3.98172,3.2276,4.24841,11.7175,2.72465e-06,7.14395e-06,1.00011e-05,3.64051e-06,2.35102e-05
1.72659,8.7785,2.20419,3.84171,16.551,1.46276e-05,4.2392e-06,1.88169e-07,3.12027e-06,2.21752e-05
1.71015,2.94188,0.857644,5.29666,10.8063,8.76136e-07,2.7362e-06,6.73419e-06,2.61226e-06,1.29588e-05
0.63956,3.05593,1.80833,2.49433,7.99814,1.13353e-05,6.18735e-06,1.05842e-05,1.07044e-05,3.88112e-05
2.82926,5.32103,4.10921,0.73664,12.9961,1.53736e-05,1.11332e-06,1.04578e-05,1.15107e-07,2.70598e-05
1.1526,3.4254,2.794,0.741378,8.11338,5.39235e-06,2.48748e-06,3.52206e-06,4.72194e-06,1.61238e-05
1.29339,3.72565,1.74209,4.41753,11.1787,3.78591e-06,4.57756e-06,7.52822e-06,6.0716e-06,2.19633e-05
0.519087,3.47062,5.11147,1.55397,10.6551,1.43561e-06,9.02225e-07,6.48914e-06,3.29816e-06,1.21251e-05
1.54748,0.883198,1.94564,1.99957,6.37588,8.28313e-07,5.62461e-06,3.10252e-07,1.85784e-06,8.62102e-06
1.85186,4.86467,1.29213,0.684025,8.69269,2.59125e-06,3.59621e-06,1.88069e-05,1.6329e-06,2.66273e-05
0.703934,2.57137,1.4243,5.21569,9.9153,2.272e-07,8.41332e-06,5.86912e-06,7.96009e-06,2.24697e-05
1.29153,3.4145,2.67795,2.12293,9.50691,6.74997e-06,6.32934e-07,1.13026e-05,4.84181e-06,2.35273e-05
1.46386,1.47669,0.661835,4.92188,8.52426,1.52541e-06,3.87957e-07,2.86054e-06,6.73451e-06,1.15084e-05
2.05636,3.69709,2.50045,4.67614,12.93,5.15896e-06,8.77134e-06,1.26303e-05,2.6646e-06,2.92252e-05
0.226649,2.32232,1.29694,1.61727,5.46318,1.38232e-05,6.29386e-06,1.21788e-05,5.2689e-06,3.75648e-05
3.09664,3.78443,4.19306,2.74515,13.8193,1.96089e-06,2.9846e-06,2.51375e-05,4.74117e-07,3.05571e-05
2.22599,3.28137,1.41938,6.73199,13.6587,5.83171e-06,4.00237e-07,7.14515e-06,3.39892e-06,1.6776e-05
2.87224,3.80374,2.27018,1.43505,10.3812,2.30984e-06,3.50308e-06,6.1896e-06,1.5085e-06,1.3511e-05
1.00767,1.70403,4.72655,1.01497,8.45322,9.80653e-06,6.37207e-06,2.75112e-06,9.86515e-07,1.99162e-05
0.475346,1.54552,1.11141,4.31275,7.44503,9.49662e-06,2.46712e-06,1.59473e-06,1.07364e-05,2.42949e-05
1.15398,5.17279,0.596974,5.09881,12.0226,2.78945e-05,1.30192e-05,7.20446e-06,9.37408e-06,5.74923e-05
1.74715,2.97449,3.04562,6.55105,14.3183,1.58707e-06,5.30747e-06,5.83633e-07,3.34336e-06,1.08215e-05
1.45845,8.65933,3.1649,2.42993,15.7126,1.34497e-05,3.4509e-06,6.19272e-06,1.36796e-06,2.44613e-05
1.5791,3.66349,4.50543,0.37605,10.1241,1.22282e-06,5.10138e-07,4.06895e-06,1.4139e-06,7.2158e-06
1.22626,1.02678,2.72515,1.67421,6.6524,7.09181e-06,4.26862e-06,6.6764e-06,9.11065e-06,2.71475e-05
2.49459,1.80797,2.56307,2.68989,9.55551,6.14287e-06,6.25942e-06,1.00869e-05,1.09862e-05,3.34754e-05
1.25951,1.26923,0.139282,1.60418,4.2722,1.87251e-05,9.02989e-06,2.89449e-06,5.81568e-07,3.1231e-05
1.10895,5.20181,4.6811,1.31414,12.306,2.45167e-06,5.31464e-06,1.38612e-06,2.48728e-06,1.16397e-05
2.46128,1.95343,3.11043,4.34907,11.8742,3.85762e-06,1.70672e-06,3.23863e-06,7.11025e-06,1.59132e-05
1.12181,1.8412,2.11795,2.7969,7.87786,1.06941e-05,1.33996e-06,1.51203e-05,2.65104e-07,2.74195e-05
1.67034,3.62999,5.28669,2.13062,12.7176,7.14271e-06,8.73341e-06,3.51317e-06,5.45738e-06,2.48467e-05
1.06455,2.80148,2.59548,3.21969,9.68121,3.65019e-06,4.17258e-06,3.97853e-06,5.10447e-06,1.69058e-05
0.886898,3.15164,1.80605,1.33011,7.17469,1.4998e-05,1.3849e-06,7.93165e-06,4.51425e-06,2.88288e-05
0.832844,4.15194,3.05335,1.79096,9.82909,1.87771e-06,1.5671e-05,9.53042e-06,8.87397e-06,3.59531e-05
1.73892,1.36436,0.923563,0.580864,4.60771,2.38736e-06,6.00554e-06,1.69991e-05,7.50564e-06,3.28977e-05
1.08538,3.7939,2.49604,4.06224,11.4376,5.01783e-07,2.83431e-07,5.66588e-06,2.17783e-06,8.62893e-06
0.375377,4.30499,6.49248,5.99289,17.1657,6.03063e-06,4.67333e-06,1.29065e-05,3.07938e-06,2.66898e-05
0.796252,6.71644,2.54985,4.43118,14.4937,6.84233e-06,2.70528e-06,5.54158e-06,6.2386e-06,2.13278e-05
1.69363,1.54062,0.814705,3.00191,7.05087,5.20077e-06,1.02353e-05,7.99667e-06,5.78455e-06,2.92173e-05
2.11286,3.24369,1.57549,1.04344,7.97548,7.60307e-06,6.93157e-07,1.07774e-05,4.49727e-07,1.95233e-05
2.16351,3.33355,2.80404,2.97466,11.2758,1.06723e-05,5.33657e-06,1.9506e-05,8.74256e-06,4.42575e-05
0.991016,4.07413,2.45193,3.56823,11.0853,4.97219e-06,1.04604e-05,1.31527e-06,5.88691e-06,2.26348e-05
1.0607,0.708805,1.25731,7.33809,10.3649,4.38171e-06,1.12046e-07,9.79337e-06,1.42347e-06,1.57106e-05
0.768952,2.58017,4.69176,1.83644,9.87732,4.87264e-07,7.9874e-06,9.40661e-06,9.26752e-06,2.71488e-05
0.470822,5.56244,3.81,2.60249,12.4458,7.89356e-09,4.50073e-06,1.85919e-05,9.16175e-07,2.40167e-05
1.17165,0.351765,5.46167,1.39344,8.37853,1.92292e-06,2.88474e-06,1.20622e-07,1.77707e-06,6.70535e-06
1.43123,5.41158,1.98135,1.48306,10.3072,1.04685e-06,2.69639e-06,1.20077e-05,2.98951e-07,1.60499e-05
1.02086,2.28074,0.327616,4.50604,8.13525,1.14641e-05,6.64984e-06,2.11155e-05,1.90178e-07,3.94196e-05
2.3407,6.64175,3.65551,1.40571,14.0437,1.1833e-06,4.86767e-06,9.06771e-06,2.27422e-06,1.73929e-05
1.20366,4.04384,0.998263,1.81676,8.06252,1.70738e-06,1.84096e-06,3.79925e-07,8.37934e-06,1.23076e-05
1.89642,0.50437,1.86299,6.33071,10.5945,1.55767e-05,8.65617e-06,1.81407e-05,4.16335e-06,4.65369e-05
1.81721,3.26923,1.98593,1.86452,8.9369,4.77465e-06,3.09984e-06,7.28332e-06,2.82876e-06,1.79866e-05
1.9832,2.86799,5.13224,4.35488,14.3383,3.39002e-06,6.21206e-06,8.41193e-06,1.32925e-05,3.13065e-05
0.879455,2.47399,3.67563,3.51382,10.5429,3.37172e-06,2.59024e-06,5.40365e-06,4.71241e-06,1.6078e-05
2.18996,2.92646,3.94506,4.15119,13.2127,1.78787e-06,4.64445e-06,5.32845e-06,2.71119e-06,1.4472e-05
1.75433,1.66076,0.483993,2.66878,6.56786,1.00264e-05,2.04033e-06,3.30503e-06,9.17511e-07,1.62892e-05
0.947358,3.47315,4.49876,1.2563,10.1756,5.20311e-06,6.30663e-06,1.28155e-05,3.83583e-06,2.8161e-05
1.65901,1.19611,2.70441,0.458747,6.01829,7.83095e-06,4.30572e-06,4.04727e-06,8.22318e-06,2.44071e-05
1.98861,2.64252,7.48446,0.999803,13.1154,2.92289e-06,1.74155e-06,1.64377e-07,2.43138e-06,7.2602e-06
1.67733,3.40748,3.86944,4.08271,13.037,4.62591e-07,2.69279e-06,1.08439e-05,2.994e-06,1.69932e-05
2.09485,2.18587,2.74928,3.78241,10.8124,4.26015e-06,1.24892e-05,3.76445e-06,2.00566e-05,4.05704e-05
1.68839,1.70185,5.38161,2.16437,10.9362,1.16011e-06,8.40774e-06,4.39461e-06,3.43836e-06,1.74008e-05
2.81984,1.16077,1.55624,2.96973,8.50657,4.6693e-06,4.15596e-06,6.28441e-06,7.49741e-06,2.26071e-05
1.84649,2.28148,5.45286,2.0996,11.6804,1.81881e-06,9.19066e-07,1.15007e-05,8.78059e-07,1.51166e-05
1.54382,10.2855,0.653142,4.05024,16.5327,1.62667e-06,4.47679e-06,5.32644e-06,2.43326e-06,1.38632e-05
1.40053,0.893135,2.17941,4.17431,8.64739,7.36896e-06,3.25234e-06,4.28497e-07,5.96803e-06,1.70178e-05
1.25987,8.30962,4.15637,1.78914,15.515,4.77491e-06,3.20855e-06,1.43501e-07,6.05094e-06,1.41779e-05
0.397693,2.88035,5.26121,2.01646,10.5557,2.61168e-06,3.93851e-07,6.92019e-06,1.92623e-06,1.1852e-05
1.32828,1.1998,6.92339,1.35583,10.8073,2.51098e-08,9.59389e-06,2.4949e-06,9.50609e-06,2.162e-05
0.531751,5.3249,1.24051,1.8475,8.94466,6.66479e-06,1.63634e-06,4.92313e-06,2.68169e-06,1.5906e-05
1.67137,2.61229,1.05826,0.654263,5.99619,9.2059e-06,7.7917e-06,1.37112e-05,7.46203e-07,3.1455e-05
1.98428,2.51728,2.84913,1.26424,8.61492,1.86851e-05,1.39344e-06,1.41424e-05,5.31808e-06,3.95391e-05
2.05148,2.07249,4.70165,6.37202,15.1976,5.39349e-06,1.66321e-06,1.01544e-06,9.68966e-06,1.77618e-05
1.41353,0.83684,4.18638,2.61725,9.054,1.43149e-05,1.72084e-06,6.0257e-06,2.4147e-06,2.44762e-05
1.24725,1.37751,1.94363,1.81247,6.38087,1.30778e-05,7.67797e-06,4.368e-07,9.69517e-06,3.08878e-05
0.808653,2.20046,1.59487,1.73533,6.33931,1.11295e-05,7.78309e-06,5.99035e-06,9.87775e-06,3.47807e-05
1.61597,5.5405,2.75481,5.43312,15.3444,2.62375e-06,3.65767e-06,6.1074e-06,7.97593e-07,1.31864e-05
2.01996,2.43803,0.712326,4.72327,9.89359,4.7142e-06,1.12979e-06,8.5213e-07,4.25409e-06,1.09502e-05
1.73812,3.9527,4.90036,4.29115,14.8823,3.84346e-06,3.52171e-06,1.32033e-06,5.47854e-06,1.4164e-05
1.89292,5.62325,0.849195,4.52577,12.8911,5.28068e-06,4.73407e-06,1.85664e-05,4.10376e-06,3.26849e-05
1.92815,6.66116,1.92351,7.21634,17.7292,1.01852e-05,4.99278e-06,7.8138e-06,8.34849e-06,3.13403e-05
0.421709,4.49835,1.91412,6.01477,12.8489,1.6456e-05,1.11493e-06,4.84261e-06,9.96885e-07,2.34105e-05
1.85442,3.59055,0.893579,8.82317,15.1617,1.04271e-05,7.51042e-06,1.61459e-05,1.17459e-05,4.58294e-05
1.98411,4.56236,0.774279,7.09293,14.4137,6.69438e-06,1.27153e-05,9.11785e-06,8.33574e-06,3.68633e-05
1.75898,6.84283,2.59897,1.2199,12.4207,4.06903e-06,1.95019e-06,1.916e-05,6.45124e-06,3.16305e-05
2.02504,4.21791,5.62039,6.88522,18.7486,1.10637e-05,4.42948e-06,1.15316e-05,5.93577e-08,2.70842e-05
1.32543,3.90255,1.77904,1.00523,8.01226,7.89225e-06,2.53317e-06,2.53724e-06,6.76263e-06,1.97253e-05
0.12947,2.28056,2.71068,2.96418,8.08489,1.03351e-05,1.33726e-05,5.95562e-06,1.31651e-05,4.28285e-05
1.1871,2.84889,1.18831,4.42176,9.64606,2.02943e-05,4.27837e-06,1.09983e-05,4.56429e-06,4.01353e-05
1.22694,3.25213,1.9621,2.81079,9.25196,2.01986e-05,1.32197e-05,1.5551e-07,8.4618e-06,4.20356e-05
0.710626,1.02472,2.74006,1.47937,5.95478,1.38336e-05,2.13303e-06,1.55775e-06,1.02904e-05,2.78147e-05
1.39352,1.82559,0.472565,3.35225,7.04393,4.67728e-06,1.48169e-05,5.12844e-06,1.03611e-05,3.49837e-05
2.02882,7.73803,4.41535,2.46407,16.6463,5.60852e-06,2.96332e-06,2.44514e-06,4.16313e-06,1.51801e-05
1.88087,4.60904,0.677631,3.88392,11.0515,2.0068e-05,8.7281e-06,8.55658e-06,4.1486e-06,4.15012e-05
1.34435,2.59768,4.01325,1.96953,9.92482,3.78608e-06,4.70194e-06,1.25029e-05,4.07529e-06,2.50662e-05
0.623898,5.77424,1.86351,4.24323,12.5049,1.2713e-05,6.00057e-06,2.29038e-06,3.07599e-06,2.408e-05
1.78333,4.82128,1.29241,1.3152,9.21222,2.37152e-06,4.90409e-06,1.20259e-06,1.13073e-06,9.60892e-06
1.47312,9.75121,1.98852,4.24362,17.4565,9.67018e-06,9.25503e-06,6.13797e-07,5.85047e-06,2.53895e-05
1.14777,5.58251,5.42699,1.27529,13.4326,1.04182e-05,5.70683e-06,6.02398e-06,8.96032e-06,3.11093e-05
1.65096,8.8146,0.495048,4.60333,15.5639,1.39199e-05,1.19395e-05,1.99131e-05,1.88471e-06,4.76572e-05
2.50768,1.08128,3.27571,0.478952,7.34363,1.51885e-05,5.23131e-06,9.30276e-06,3.17305e-06,3.28956e-05
1.48005,0.685266,2.12162,4.59793,8.88486,1.83114e-05,8.49325e-06,5.62123e-06,9.52783e-06,4.19537e-05
1.05343,5.88748,2.18915,0.480748,9.6108,9.20751e-06,3.55024e-06,1.89348e-06,6.27993e-06,2.09312e-05
2.19863,3.33933,2.90072,5.45091,13.8896,1.08877e-05,2.23755e-06,8.20102e-07,5.47743e-08,1.40001e-05
1.69831,2.06106,5.14048,3.00012,11.9,1.93888e-05,1.03246e-06,1.28802e-05,4.12746e-06,3.74289e-05
0.711797,0.498349,1.59099,4.34092,7.14206,3.65436e-06,9.30339e-06,8.2251e-07,2.35889e-06,1.61391e-05
2.80349,0.510592,3.24149,2.53211,9.08768,7.16874e-06,3.60249e-07,2.3483e-06,2.35743e-06,1.22347e-05
0.485879,12.3702,1.69529,5.4874,20.0388,6.82181e-06,5.66874e-06,9.90896e-06,5.20319e-06,2.76027e-05
2.15906,0.892962,0.811241,3.94457,7.80784,1.5637e-05,3.12755e-06,5.16492e-06,6.64923e-06,3.05787e-05
0.838944,4.14387,3.28984,5.85466,14.1273,1.1142e-05,2.49245e-06,1.00847e-05,1.66904e-06,2.53881e-05
1.31469,6.16844,2.36999,3.22138,13.0745,1.65237e-05,2.83114e-06,4.14249e-06,1.10489e-06,2.46023e-05
1.89842,2.02939,1.34128,4.15676,9.42585,7.38206e-07,2.76263e-06,4.83039e-06,4.16912e-07,8.74814e-06
0.276488,2.38249,2.22637,4.10678,8.99213,1.922e-05,5.03874e-06,6.57169e-06,2.80305e-06,3.36334e-05
1.28338,0.497575,4.16631,2.02716,7.97442,4.94386e-06,4.81877e-06,6.63631e-06,2.14223e-06,1.85412e-05
0.873412,1.7862,2.19074,0.955129,5.80548,5.08171e-06,5.01487e-06,8.29309e-06,8.37347e-06,2.67631e-05
1.33455,5.06973,1.00238,0.985903,8.39255,2.33555e-05,5.42174e-06,1.23247e-06,7.59606e-06,3.76058e-05
2.03774,1.49598,3.20111,5.79357,12.5284,4.51945e-06,1.52261e-05,1.21168e-05,9.15912e-06,4.10215e-05
1.91896,2.11191,2.68653,2.53024,9.24764,5.06818e-06,1.48376e-06,9.15144e-07,3.78922e-06,1.12563e-05
0.940792,3.98422,3.37477,0.885978,9.18576,6.07466e-06,9.04077e-06,1.91301e-05,5.76288e-06,4.00084e-05
1.14436,5.63342,4.62488,1.08826,12.4909,4.46017e-06,7.47323e-06,1.33907e-05,5.06124e-06,3.03854e-05
1.07081,3.95159,0.996579,1.97765,7.99662,1.19166e-05,4.10962e-06,1.86275e-05,1.83879e-06,3.64925e-05
1.56888,4.61933,3.25505,1.44108,10.8843,1.6189e-05,9.63879e-06,6.6286e-08,1.77643e-05,4.36583e-05
2.02935,4.16708,1.2782,4.52821,12.0028,6.98338e-07,2.69297e-06,7.75268e-06,6.4104e-07,1.1785e-05
1.89279,5.58346,1.23867,3.02829,11.7432,1.5416e-06,6.01598e-06,8.98976e-06,2.05697e-06,1.86043e-05
2.59027,2.20003,2.08621,1.15404,8.03056,4.07571e-06,5.77709e-06,1.28294e-05,2.2221e-06,2.49044e-05
0.199924,5.1886,1.57007,0.642005,7.6006,1.70171e-05,2.96054e-07,7.92446e-06,2.175e-06,2.74126e-05
1.25809,1.3807,3.19636,6.24231,12.0775,4.38704e-06,1.24217e-06,4.81196e-06,7.8898e-06,1.8331e-05
0.838516,2.91401,2.25824,1.65579,7.66656,7.36339e-06,8.70016e-07,5.41297e-06,3.2066e-06,1.6853e-05
0.492878,3.01515,3.12389,6.88002,13.5119,9.23968e-06,4.02009e-06,1.23372e-05,1.57651e-06,2.71734e-05
1.83153,3.82688,4.6858,2.12258,12.4668,7.12786e-06,1.44197e-06,1.21198e-05,3.45085e-06,2.41405e-05
0.964434,1.24957,5.3387,1.22356,8.77626,3.03697e-07,4.69188e-06,6.10082e-06,6.49457e-06,1.7591e-05
0.883416,8.56446,1.78182,3.3974,14.6271,1.6563e-05,2.40821e-06,9.87397e-06,4.79075e-06,3.3636e-05
0.412382,5.77118,1.15453,4.23016,11.5682,1.14021e-05,1.12037e-05,2.64068e-05,6.8665e-07,4.96992e-05
0.430302,4.89971,1.23237,3.88381,10.4462,5.72506e-06,3.77514e-06,1.57055e-05,5.18956e-06,3.03953e-05
0.818227,3.66259,6.17796,4.01738,14.6762,1.52458e-05,3.8309e-06,3.53181e-06,3.88482e-06,2.64934e-05
2.54925,1.73316,5.73689,4.12725,14.1466,1.31368e-06,1.72394e-07,6.75268e-07,5.84843e-06,8.00978e-06
1.80763,2.54692,4.99137,5.97393,15.3198,5.6825e-06,5.7771e-06,8.36276e-06,5.07457e-07,2.03298e-05
1.30873,1.08544,2.45299,3.02283,7.86999,7.07702e-06,7.56537e-07,7.26945e-07,3.73315e-06,1.22937e-05
2.67171,1.46813,3.99554,3.48886,11.6242,8.51856e-06,6.82705e-06,9.82121e-06,1.48017e-06,2.6647e-05
0.71143,1.28714,4.57122,4.55907,11.1289,1.3469e-05,5.07635e-06,1.05849e-05,3.8851e-06,3.30153e-05
1.2534,1.85012,1.35883,0.58662,5.04898,6.65151e-06,1.53219e-06,2.06817e-05,2.14228e-06,3.10077e-05
2.96706,0.907517,6.28545,3.98008,14.1401,5.51278e-06,4.08473e-06,3.3072e-06,2.72493e-06,1.56296e-05
1.59912,4.80168,1.01054,6.49276,13.9041,8.98063e-06,2.39575e-06,1.05389e-05,4.39653e-06,2.63118e-05
3.15831,6.22922,3.1636,4.01548,16.5666,1.59901e-05,6.03308e-06,1.83793e-06,1.59178e-06,2.54529e-05
1.06645,7.16286,0.379686,3.87717,12.4862,2.02903e-06,4.20454e-07,5.6489e-06,2.87007e-06,1.09685e-05
1.05295,5.55082,5.52186,3.92029,16.0459,3.73328e-06,3.80862e-07,2.88123e-06,2.05693e-06,9.0523e-06
1.39712,2.38676,0.270489,5.12114,9.17552,1.93301e-05,6.57091e-06,7.75629e-06,4.76669e-06,3.84239e-05
0.209533,1.41498,5.64396,5.51557,12.784,8.58025e-06,1.53293e-06,8.54736e-06,8.14417e-08,1.8742e-05
0.151872,2.40878,1.86674,2.20903,6.63642,3.38388e-06,2.25362e-06,1.53156e-05,1.12848e-05,3.2238e-05
2.53288,1.14791,1.79298,5.41852,10.8923,3.38311e-07,6.3115e-06,2.28507e-06,9.78378e-06,1.87187e-05
1.2067,2.51739,4.32267,6.25211,14.2989,5.34165e-06,8.73246e-06,1.33981e-06,9.31446e-06,2.47284e-05
1.51915,2.01543,1.24847,3.18259,7.96563,7.50738e-06,9.83914e-06,2.23864e-06,4.56577e-06,2.41509e-05
2.36184,1.95848,0.731464,4.6631,9.71488,1.23023e-05,9.08783e-06,3.59902e-06,1.54455e-05,4.04347e-05
1.64719,2.6106,1.25924,1.6833,7.20033,6.8299e-06,8.75038e-06,2.02989e-06,1.11839e-05,2.87941e-05
2.13245,2.96638,1.8156,2.69178,9.60621,5.24434e-06,8.93312e-07,8.12514e-06,3.99726e-06,1.82601e-05
1.90729,1.59047,3.13717,5.36119,11.9961,4.99278e-06,1.82368e-06,9.26396e-06,6.39373e-06,2.24742e-05
1.16436,4.03208,1.3639,2.53089,9.09124,6.62286e-06,2.28462e-06,7.73304e-06,1.42547e-06,1.8066e-05
0.98248,3.68529,0.38682,1.35963,6.41422,7.71926e-06,6.37485e-06,9.40644e-06,5.58205e-06,2.90826e-05
1.94576,2.65972,1.54832,5.10962,11.2634,2.66062e-05,8.47649e-06,5.14905e-06,1.82673e-06,4.20584e-05
0.972814,1.47443,0.609693,2.07683,5.13376,3.22641e-06,8.44642e-06,1.27785e-07,4.64012e-06,1.64407e-05
0.241278,2.22333,1.77055,2.38478,6.61993,6.2974e-06,8.57117e-07,5.35573e-06,1.39271e-06,1.3903e-05
1.4447,2.65156,1.93523,7.31028,13.3418,3.12127e-06,4.90893e-06,1.14566e-06,3.40727e-06,1.25831e-05
1.22475,3.67594,0.351566,0.744392,5.99665,1.50117e-05,2.05563e-06,4.97382e-06,3.32595e-06,2.53671e-05
1.491,3.49061,3.31203,1.48643,9.78006,9.67199e-06,3.06736e-06,6.83621e-06,2.45845e-06,2.2034e-05
3.34098,8.57235,2.04718,3.87952,17.84,1.62184e-06,1.5686e-06,6.60883e-06,1.4646e-06,1.12639e-05
1.40852,4.49384,2.54348,0.492496,8.93834,1.85435e-06,9.30582e-06,2.47412e-06,8.66566e-06,2.22999e-05
1.41018,1.89189,1.32917,6.80151,11.4327,1.50291e-05,1.21527e-06,9.33634e-06,1.82701e-06,2.74077e-05
2.4494,1.70919,0.836102,1.54026,6.53495,7.6354e-06,3.00173e-06,7.00599e-06,5.32612e-06,2.29692e-05
2.30698,1.95786,1.58766,8.97588,14.8284,1.16018e-05,6.45545e-06,8.52276e-06,5.85775e-06,3.24377e-05
1.55503,1.62724,1.47693,7.2317,11.8909,1.09459e-05,8.98684e-06,2.43952e-06,1.04158e-05,3.27881e-05
0.518937,3.99032,1.77476,3.98334,10.2674,2.17725e-05,5.35981e-06,1.42907e-05,9.84142e-07,4.24071e-05
0.267005,4.5594,0.765499,3.83593,9.42783,8.42369e-06,1.10084e-05,2.76694e-06,1.20521e-05,3.42511e-05
0.637551,3.17844,2.9078,5.87197,12.5958,9.58235e-06,5.68825e-06,1.52748e-05,7.23309e-06,3.77785e-05
2.04859,2.48689,1.7417,9.1873,15.4645,5.88151e-06,1.05057e-06,8.74131e-06,6.7745e-06,2.24479e-05
0.746311,0.201142,2.81801,7.32284,11.0883,4.53455e-06,7.43932e-06,5.2456e-06,4.08669e-06,2.13062e-05
1.18372,2.19428,2.58628,4.93948,10.9038,3.4755e-06,7.89478e-06,2.91823e-06,1.08608e-05,2.51494e-05
2.00404,7.12136,0.313687,1.76431,11.2034,1.37e-05,4.54256e-07,3.96727e-06,1.85105e-06,1.99726e-05
0.8013,3.04345,2.76031,7.74507,14.3501,5.48332e-06,6.61858e-08,1.18219e-05,3.82194e-08,1.74096e-05
1.87236,6.37801,4.16916,1.84414,14.2637,3.92241e-06,2.70291e-06,1.09192e-06,2.32078e-06,1.0038e-05
2.19903,4.25333,1.38164,5.55123,13.3852,1.08163e-05,2.00187e-06,5.13089e-06,2.11276e-06,2.00618e-05
1.47771,4.74681,2.92234,2.88903,12.0359,1.17298e-05,4.6783e-06,6.18625e-06,9.41775e-06,3.20121e-05
1.5674,1.98749,3.12018,1.5413,8.21637,1.06105e-05,7.74661e-06,6.28215e-06,3.7696e-06,2.84089e-05
0.732075,11.3769,3.30164,1.07483,16.4854,3.65041e-06,2.01998e-06,1.92333e-06,6.392e-06,1.39857e-05
0.903546,3.89247,0.680924,4.51616,9.9931,3.50344e-06,1.30053e-05,9.46109e-06,7.85429e-06,3.38242e-05
2.50239,6.32989,1.4686,1.64865,11.9495,1.10911e-05,1.46964e-06,9.8083e-06,8.93456e-06,3.13036e-05
0.659305,2.62819,4.66263,4.47289,12.423,5.72173e-06,2.94839e-06,2.60385e-06,2.30807e-06,1.35821e-05
0.459279,1.27278,6.53062,6.86214,15.1248,9.60548e-06,1.25271e-06,2.70092e-06,2.26078e-06,1.58199e-05
1.21241,4.90543,2.26131,5.34145,13.7206,1.64797e-05,1.3349e-06,4.03607e-06,2.24119e-06,2.40918e-05
0.916676,3.35351,2.2385,3.51216,10.0208,1.36065e-05,6.90544e-07,1.38684e-05,2.35718e-06,3.05227e-05
1.15301,2.68673,1.20094,1.81936,6.86004,1.02587e-05,4.3063e-06,6.20298e-06,9.92481e-06,3.06928e-05
1.06309,1.24607,3.80373,4.27013,10.383,2.8423e-07,8.95413e-06,9.28292e-06,4.919e-06,2.34403e-05
2.90942,2.65948,2.53658,2.64572,10.7512,7.05316e-06,2.66088e-06,1.1737e-05,9.56704e-07,2.24077e-05
0.404372,0.674335,5.19348,2.70977,8.98195,2.47586e-06,4.74334e-06,1.32873e-05,7.11538e-06,2.76218e-05
0.604452,4.33153,0.410652,6.77754,12.1242,2.69222e-05,4.58235e-06,1.47976e-05,4.46187e-06,5.07641e-05
2.32185,4.62924,3.44025,3.70025,14.0916,2.73468e-06,6.70331e-06,2.48992e-06,6.66698e-06,1.85949e-05
1.36094,2.98568,2.83346,5.11486,12.2949,3.26851e-06,6.42927e-06,9.0781e-06,4.75921e-06,2.35351e-05
2.36084,5.05142,2.65324,1.81002,11.8755,1.08711e-05,6.70527e-06,6.27616e-06,1.92374e-07,2.40449e-05
1.09161,3.79037,4.05542,2.42242,11.3598,8.76225e-07,5.92443e-06,2.74942e-06,8.48157e-06,1.80316e-05
3.95581,6.68924,5.16697,2.01617,17.8282,2.04883e-05,1.61045e-05,8.9799e-06,1.04973e-05,5.60699e-05
1.39985,2.75011,2.14981,1.89095,8.19072,6.18713e-06,1.75313e-06,8.75241e-06,5.24518e-06,2.19378e-05
2.29542,3.673,0.469861,7.40752,13.8458,7.4154e-06,1.67174e-07,4.02898e-06,6.79749e-06,1.8409e-05
1.38996,2.1402,3.55688,3.8924,10.9794,7.23483e-06,3.72836e-06,8.6068e-06,6.61828e-06,2.61883e-05
1.54171,1.83319,1.53592,5.02644,9.93726,2.14029e-06,5.18199e-06,5.23542e-06,1.9087e-06,1.44664e-05
2.53605,4.02103,1.04817,3.55644,11.1617,1.0894e-05,7.5516e-07,1.02922e-05,4.47906e-07,2.23892e-05
0.806348,0.899512,3.81001,3.88761,9.40348,1.90237e-05,7.14777e-06,6.787e-06,4.70048e-06,3.76589e-05
2.16397,4.84647,0.572751,2.52653,10.1097,6.32306e-07,1.18034e-06,6.72113e-06,2.08033e-06,1.06141e-05
3.13565,0.523987,3.12311,2.20489,8.98764,1.59947e-06,1.31927e-05,2.14519e-06,9.69737e-06,2.66347e-05
1.32277,6.72232,1.02861,7.16728,16.241,7.53078e-06,2.92669e-06,6.99155e-06,5.75823e-06,2.32073e-05
1.14379,4.00787,2.15639,0.990189,8.29824,1.04876e-05,3.35349e-06,1.62391e-05,3.45843e-06,3.35387e-05
3.15703,2.79048,5.14212,4.23161,15.3212,2.55406e-05,5.97777e-06,3.88407e-06,2.16255e-07,3.56187e-05
2.33383,3.01086,2.34492,1.31735,9.00696,1.96629e-06,3.69345e-06,1.76901e-05,1.10629e-06,2.44561e-05
0.556505,5.62304,1.99388,7.25275,15.4262,7.39267e-06,1.4364e-06,6.07594e-06,1.02565e-06,1.59307e-05
1.79242,7.04449,1.38797,5.70569,15.9306,1.22573e-05,7.39192e-09,6.46114e-07,7.88108e-06,2.07919e-05
2.07892,8.2945,3.43646,0.496558,14.3064,1.15562e-05,8.71582e-07,1.34274e-05,6.54621e-06,3.24015e-05
1.47116,3.08618,0.95828,4.32264,9.83825,1.53271e-05,4.78588e-06,1.0707e-05,4.92623e-07,3.13127e-05
1.46656,1.92128,1.53464,3.44445,8.36694,1.23711e-05,1.98345e-06,1.41475e-05,4.5338e-06,3.30358e-05
1.45677,0.345419,2.74596,2.30352,6.85167,5.19333e-06,5.07745e-06,1.81071e-05,5.26446e-06,3.36424e-05
0.831781,0.908923,1.06133,5.02132,7.82336,2.67862e-06,4.71422e-06,5.78385e-06,4.01838e-06,1.71951e-05
0.967744,1.15691,3.24829,6.20444,11.5774,7.93241e-07,7.36397e-06,1.10451e-05,4.86206e-06,2.40643e-05
3.0682,0.544671,6.19714,2.78423,12.5942,1.63087e-06,9.70498e-07,1.48693e-05,2.74802e-07,1.77454e-05
1.55049,9.75008,2.06915,1.05189,14.4216,6.42724e-06,5.11147e-06,1.05952e-05,3.35723e-06,2.54911e-05
2.31896,6.69927,0.449941,4.89263,14.3608,6.98297e-06,4.07178e-06,4.37479e-06,5.38166e-06,2.08112e-05
1.93935,9.15508,0.853554,1.96355,13.9115,1.45357e-06,4.87106e-06,1.25755e-06,4.10686e-06,1.1689e-05
2.22872,4.0715,0.978914,4.80951,12.0886,1.75469e-06,7.91238e-07,1.14622e-05,3.71845e-06,1.77265e-05
0.33332,5.76123,0.315785,4.34123,10.7516,9.75597e-07,6.31251e-06,9.27489e-06,4.84737e-06,2.14104e-05
1.49664,0.831386,4.71133,1.80369,8.84305,5.98092e-06,8.28312e-06,1.26594e-05,2.3309e-06,2.92543e-05
1.34391,4.26017,6.69931,0.590904,12.8943,3.42259e-06,9.40855e-06,6.00725e-06,1.14189e-05,3.02573e-05
2.35009,1.3681,2.64129,6.39066,12.7501,3.915e-06,2.32165e-06,8.25911e-06,1.25295e-06,1.57487e-05
0.716318,1.8082,1.65478,5.93618,10.1155,1.1666e-08,2.45073e-06,3.765e-06,3.77449e-06,1.00019e-05
1.86888,0.538871,5.39532,6.40371,14.2068,8.92343e-06,7.44723e-06,7.18727e-06,6.7047e-06,3.02626e-05
1.54835,1.73042,0.473942,1.4871,5.23982,7.46974e-07,5.17614e-06,1.30549e-05,5.52954e-06,2.45075e-05
1.51036,1.24438,1.31935,2.5745,6.6486,1.69005e-06,6.70866e-06,4.28705e-06,1.83655e-06,1.45223e-05
0.531879,3.27791,6.012,5.46849,15.2903,9.86315e-06,9.03923e-06,1.80285e-05,9.26586e-06,4.61967e-05
1.71348,6.27917,0.439644,0.890771,9.32307,1.07607e-05,3.51193e-06,2.3847e-06,2.93607e-06,1.95934e-05
1.57162,2.67535,0.89348,0.229939,5.37039,1.51729e-05,1.11535e-06,7.99436e-06,7.10926e-06,3.13919e-05
1.49971,3.85094,2.84089,1.35532,9.54686,7.09988e-07,1.83835e-06,1.48535e-05,5.50563e-06,2.29074e-05
2.43495,1.25462,3.57733,2.44895,9.71585,4.34803e-06,3.15359e-06,9.08854e-06,1.05017e-05,2.70919e-05
0.494679,4.13532,2.16879,3.24582,10.0446,4.7814e-06,2.92549e-06,4.84028e-06,4.56802e-06,1.71152e-05
2.10679,1.98106,2.45115,4.50498,11.044,3.39303e-06,3.9268e-06,2.83498e-06,3.86797e-06,1.40228e-05
0.833775,1.8961,0.227957,2.66855,5.62638,1.47404e-05,3.79169e-06,6.12666e-06,2.0847e-06,2.67435e-05
2.23656,3.55281,2.5519,2.00447,10.3457,3.33145e-06,2.34028e-06,1.08012e-05,1.64043e-07,1.66369e-05
1.36982,0.776973,6.37764,0.350802,8.87524,7.06681e-06,5.89304e-06,9.79326e-06,3.39057e-06,2.61437e-05
1.41198,2.8518,3.41425,2.54911,10.2271,8.98626e-06,2.06195e-06,1.5215e-05,9.93578e-07,2.72568e-05
1.55145,2.92748,2.00581,5.36534,11.8501,2.89236e-06,1.86215e-06,9.63714e-06,7.30237e-07,1.51219e-05
1.03109,3.72356,2.35396,3.20485,10.3135,4.66854e-06,9.48112e-06,6.30534e-06,7.26416e-06,2.77192e-05
1.16931,5.3551,2.3234,1.77699,10.6248,8.6387e-06,2.75655e-06,1.93993e-06,1.24822e-06,1.45834e-05
0.676784,2.98802,2.87289,3.27719,9.81488,5.44388e-06,4.02807e-06,1.75488e-05,9.23868e-06,3.62595e-05
1.24616,3.73483,2.7959,3.4877,11.2646,2.8734e-10,1.04111e-05,1.38353e-05,1.13037e-05,3.55504e-05
1.3978,2.70301,4.02638,1.58461,9.71181,5.94862e-06,6.57809e-06,3.18408e-05,3.38354e-07,4.47059e-05
1.26793,3.04625,6.32523,2.74412,13.3835,4.95113e-06,9.88717e-06,1.28737e-05,1.11985e-05,3.89105e-05
2.48163,1.06832,3.9486,5.22427,12.7228,8.20522e-06,1.94917e-06,2.72466e-06,9.90661e-08,1.29781e-05
1.22869,5.4015,5.1485,2.64201,14.4207,4.49813e-07,1.69705e-06,1.41842e-06,3.704e-06,7.26929e-06
0.601575,3.47787,4.57887,4.58151,13.2398,1.83568e-06,1.3294e-05,2.36447e-06,6.58481e-06,2.40789e-05
1.22859,2.05385,0.893313,1.071,5.24675,1.89607e-05,4.23573e-07,6.50668e-06,3.82519e-06,2.97161e-05
2.11486,1.41368,2.37926,3.63158,9.53937,1.11831e-06,4.50324e-07,9.14112e-06,3.66171e-06,1.43715e-05
1.79048,2.36362,1.68787,1.54664,7.38862,3.39387e-07,1.424e-05,1.40739e-06,1.28599e-05,2.88466e-05
1.35387,2.6945,6.42824,1.15171,11.6283,5.32187e-06,3.28731e-06,3.47539e-06,1.98458e-06,1.40691e-05
0.925298,8.49318,1.04513,1.17036,11.634,5.80123e-07,1.17373e-05,1.00872e-06,9.37396e-06,2.27002e-05
0.721138,2.85573,3.1722,2.82244,9.5715,2.69771e-06,3.17114e-06,1.54231e-05,6.33407e-06,2.7626e-05
1.18763,5.32867,2.77753,2.32413,11.618,9.31754e-06,5.04617e-06,1.45711e-05,5.07785e-07,2.94426e-05
0.787699,1.35719,3.54754,3.55928,9.2517,1.45392e-05,1.43154e-05,1.00433e-05,1.03475e-05,4.92454e-05
2.73481,1.54695,1.00705,1.20273,6.49154,6.14714e-07,2.67487e-06,6.33761e-06,2.03484e-06,1.1662e-05
1.20712,7.48978,0.955922,4.97714,14.63,9.183e-06,2.48347e-06,1.03541e-06,8.14944e-06,2.08513e-05
4.07046,0.778828,2.27826,2.28633,9.41388,9.606e-06,1.32022e-06,2.38512e-06,5.46389e-06,1.87752e-05
1.95221,0.302944,6.67622,5.88855,14.8199,1.68588e-06,3.90958e-06,9.18614e-06,5.92827e-07,1.53744e-05
1.62061,3.9897,1.98868,4.91053,12.5095,3.28289e-06,5.31065e-06,1.07495e-06,1.85163e-06,1.15201e-05
1.52402,4.84759,1.10627,1.79157,9.26945,1.72707e-06,1.34897e-06,1.16063e-05,1.83893e-06,1.65213e-05
0.649968,7.91526,0.914078,0.12343,9.60273,3.78769e-06,4.8466e-06,4.53998e-06,4.55221e-07,1.36295e-05
1.60987,6.11445,4.83918,1.49858,14.0621,1.32601e-06,9.03914e-06,3.15153e-06,9.9853e-06,2.3502e-05
3.54038,0.604354,2.80402,0.877503,7.82626,1.05001e-05,3.40184e-06,1.22829e-05,2.2827e-06,2.84675e-05
2.38656,4.50129,0.639896,4.14932,11.6771,3.95624e-07,8.07543e-07,5.59033e-06,2.25305e-06,9.04655e-06
1.69404,3.24371,2.65388,0.50481,8.09645,1.54456e-06,4.93398e-06,5.39208e-06,7.14968e-06,1.90203e-05
1.5294,5.86163,4.10583,3.54189,15.0388,4.37069e-06,5.38544e-06,8.69103e-06,2.43404e-06,2.08812e-05
2.52095,1.83003,3.50757,3.00255,10.8611,9.0925e-06,3.60177e-06,9.29983e-07,3.67599e-06,1.73002e-05
1.55177,7.44013,5.25512,1.49943,15.7464,6.10783e-06,8.07699e-06,5.72351e-06,6.95298e-06,2.68613e-05
0.684921,5.22689,0.616829,5.93456,12.4632,3.6573e-06,5.48127e-06,6.06e-06,4.5932e-06,1.97918e-05
1.2779,8.46817,1.52149,5.77213,17.0397,1.11414e-05,3.71439e-06,5.33768e-06,2.69126e-06,2.28847e-05
1.6851,4.08816,1.55973,4.4088,11.7418,7.26244e-06,6.20454e-06,2.66001e-06,3.94415e-06,2.00711e-05
0.776861,4.50719,1.03355,2.74541,9.06301,1.71019e-05,2.40106e-06,1.00793e-05,6.40025e-06,3.59825e-05
0.839971,2.08617,2.12638,5.87158,10.9241,9.95051e-07,2.9602e-06,8.06554e-06,4.64277e-06,1.66636e-05
0.852729,1.18462,5.46775,3.58776,11.0929,6.50196e-06,3.3356e-06,1.26915e-05,1.28502e-06,2.3814e-05
0.598253,1.96197,5.22787,1.15098,8.93907,7.23404e-06,3.23797e-06,4.49122e-07,6.45426e-06,1.73754e-05
2.6113,0.63449,2.52769,5.35164,11.1251,1.70614e-06,2.76454e-06,1.46434e-05,9.26056e-06,2.83747e-05
1.04838,2.50489,0.802423,6.64649,11.0022,9.12562e-06,1.87484e-05,1.09368e-05,1.61227e-05,5.49336e-05
0.815329,4.03078,3.37938,6.15254,14.378,1.0322e-05,1.48369e-05,1.30758e-06,7.66445e-06,3.41309e-05
2.25676,3.08437,2.99582,4.733,13.0699,2.42691e-05,3.67656e-06,3.57491e-06,3.66397e-06,3.51845e-05
2.99052,3.89727,3.51708,0.968232,11.3731,7.86037e-06,5.08505e-06,1.84423e-05,2.5151e-06,3.39028e-05
0.0657774,5.899,1.92395,2.99865,10.8874,7.82563e-06,2.55993e-06,6.31849e-07,7.31078e-06,1.83282e-05
2.80513,2.4337,4.10618,6.66829,16.0133,2.24018e-06,2.09025e-06,9.43822e-06,3.03615e-06,1.68048e-05
0.182411,4.91389,2.01778,0.568087,7.68217,3.86358e-06,8.7666e-07,1.60192e-05,4.06797e-06,2.48274e-05
1.45581,9.48215,1.29462,2.92589,15.1585,1.6601e-06,1.50907e-05,5.84714e-06,1.04717e-05,3.30696e-05
0.581817,1.66834,4.80008,2.49716,9.5474,4.92039e-06,7.50812e-07,3.3648e-06,2.61202e-06,1.1648e-05
2.45416,4.08712,0.672494,7.85613,15.0699,2.87754e-06,1.70116e-05,2.60847e-06,1.09202e-05,3.34177e-05
2.13943,7.49572,2.04045,3.44897,15.1246,2.07185e-06,7.19596e-06,4.58801e-06,3.34596e-06,1.72018e-05
0.706032,9.51677,2.17313,4.67259,17.0685,3.02675e-05,6.44135e-06,3.0106e-07,2.70329e-06,3.97132e-05
0.524537,5.49069,3.22894,3.99243,13.2366,2.06945e-05,1.86286e-06,4.92528e-06,1.11073e-05,3.85898e-05
2.52826,3.89403,1.75548,3.3552,11.533,3.30402e-06,1.32806e-06,3.63773e-06,1.16336e-05,1.99034e-05
2.41253,3.67983,4.094,0.234732,10.4211,1.4148e-05,6.73159e-06,4.01011e-06,9.80386e-06,3.46935e-05
1.12341,1.56202,0.919284,5.23474,8.83946,8.93135e-06,4.47927e-06,2.63268e-06,1.50483e-06,1.75481e-05
0.926612,0.707767,2.01542,4.02918,7.67898,1.54379e-05,1.65417e-06,3.15421e-07,7.77908e-06,2.51866e-05
1.87498,4.72345,2.06822,1.36505,10.0317,4.76221e-06,9.66355e-06,4.36638e-06,8.42049e-06,2.72126e-05
1.99555,1.63583,2.15432,2.95063,8.73633,1.70756e-06,1.69476e-06,1.00457e-05,1.87593e-06,1.53239e-05
1.61852,8.10367,0.930223,2.8577,13.5101,1.47168e-05,5.01294e-06,4.08954e-06,6.26132e-06,3.00806e-05
0.716626,3.23207,5.39222,7.58585,16.9268,7.66625e-06,2.53169e-06,5.72466e-06,5.70353e-06,2.16261e-05
0.800495,2.60494,2.06204,5.05771,10.5252,2.69179e-06,5.22856e-06,6.56179e-06,1.57868e-06,1.60608e-05
0.763198,3.14513,1.49058,3.31075,8.70967,2.68669e-06,4.91975e-06,1.21586e-05,6.5585e-06,2.63235e-05
1.25043,1.91861,1.98634,5.93117,11.0865,2.13214e-05,2.44994e-06,8.9201e-06,2.46397e-06,3.51555e-05
2.05387,4.33627,6.4506,3.78072,16.6215,1.4287e-07,9.21504e-06,1.95495e-05,6.8026e-06,3.571e-05
0.676146,1.22615,5.96525,3.93141,11.799,1.74173e-05,9.00791e-06,7.74508e-06,2.28545e-06,3.64557e-05
0.933863,4.1427,0.802466,2.56271,8.44174,1.16394e-05,6.00204e-06,7.49129e-07,8.70635e-06,2.7097e-05
0.736673,1.12641,4.75914,0.745562,7.36779,9.09255e-06,3.2051e-06,3.31016e-06,2.46962e-06,1.80774e-05
1.37913,4.05135,3.34807,3.58856,12.3671,2.13863e-06,4.24372e-06,1.26242e-05,7.55457e-06,2.65611e-05
0.824254,6.15668,0.893908,2.30089,10.1757,1.12818e-05,7.30991e-06,7.6644e-06,4.19344e-06,3.04495e-05
3.1763,2.15173,3.12574,2.63542,11.0892,5.07017e-06,2.59733e-07,1.25983e-05,1.14049e-07,1.80423e-05
1.08314,4.23183,3.88893,1.87083,11.0747,5.04384e-06,1.43901e-06,1.23659e-05,1.46231e-06,2.03111e-05
1.30537,3.19049,3.67313,1.06434,9.23333,1.35957e-05,1.08376e-05,4.99152e-06,8.89452e-06,3.83193e-05
1.2124,6.37587,2.16119,4.12255,13.872,5.59784e-06,1.15295e-05,6.87151e-06,1.57779e-05,3.97767e-05
1.65332,2.30464,3.05939,3.65232,10.6697,7.53512e-06,5.67648e-07,8.72547e-06,3.48833e-06,2.03166e-05
1.52201,3.85198,1.00165,0.379583,6.75522,7.46562e-06,1.0462e-05,7.87634e-07,5.56155e-06,2.42768e-05
2.31505,0.138987,2.41017,0.80761,5.67182,1.15889e-06,5.49636e-06,2.10661e-06,5.17491e-06,1.39368e-05
1.27346,2.52532,3.2086,5.13857,12.1459,3.49356e-08,7.38912e-06,1.52348e-05,6.59851e-06,2.92574e-05
1.2745,1.80359,4.40419,8.47324,15.9555,8.52662e-06,2.01308e-06,2.17784e-05,5.98872e-06,3.83068e-05
2.08345,6.22898,2.91611,2.07035,13.2989,6.99846e-06,5.93373e-06,2.22517e-05,2.01788e-06,3.72018e-05
1.96941,8.05812,2.11133,3.21998,15.3588,2.70402e-06,3.89447e-06,2.33788e-06,8.29093e-07,9.76547e-06
0.943983,1.09276,4.41104,1.89578,8.34356,9.58281e-06,2.00009e-06,2.75819e-06,2.14595e-06,1.6487e-05
1.91913,1.13162,2.02501,10.1134,15.1891,1.37588e-05,8.42199e-06,3.02185e-06,2.92485e-06,2.81275e-05
1.53749,3.13315,1.14898,4.4604,10.28,1.50819e-05,5.88714e-06,2.98431e-08,6.84791e-06,2.78468e-05
1.48462,1.66512,1.43752,4.39728,8.98455,1.59299e-05,1.79339e-06,1.21952e-05,3.61309e-07,3.02798e-05
1.74656,1.51674,2.20516,3.21967,8.68813,1.10396e-05,9.16718e-06,1.05075e-05,2.6326e-06,3.33469e-05
2.91567,6.35688,4.18271,2.63784,16.0931,1.06257e-05,6.75172e-06,1.26432e-07,1.43648e-05,3.18686e-05
0.723704,0.959199,2.29568,5.66821,9.6468,2.36253e-06,3.71391e-06,5.38556e-06,6.41047e-06,1.78725e-05
0.363055,3.42971,4.12451,1.25019,9.16747,4.43252e-06,1.09955e-05,6.16127e-06,8.80847e-06,3.03978e-05
2.29287,5.2504,4.79753,7.21765,19.5585,8.78475e-06,8.00242e-07,1.00311e-06,7.3874e-07,1.13268e-05
0.828419,4.73965,5.8613,2.81429,14.2437,1.89767e-05,1.83406e-06,2.07119e-06,4.44851e-06,2.73304e-05
1.00805,7.53944,1.98017,3.57028,14.0979,6.14237e-06,9.36258e-06,7.1975e-06,9.202e-06,3.19044e-05
3.29092,2.02809,1.01679,4.79523,11.131,2.28821e-05,3.05103e-06,5.31746e-06,3.74259e-06,3.49931e-05
0.48741,1.84661,2.80035,1.41451,6.54887,4.00392e-06,1.12497e-05,4.85592e-06,7.66576e-06,2.77753e-05
1.12642,1.0605,3.32466,1.72939,7.24097,1.37752e-05,7.48614e-06,1.00866e-05,5.63571e-06,3.69837e-05
1.29177,7.37158,2.55857,1.33169,12.5536,1.26025e-06,1.90221e-06,1.62456e-05,2.10727e-06,2.15153e-05
1.57775,2.23708,3.12164,0.903086,7.83955,6.54453e-07,3.63524e-06,4.34051e-06,1.35178e-06,9.98198e-06
1.47802,4.18616,2.28675,5.56679,13.5177,1.60177e-05,2.4416e-06,2.61182e-06,6.90029e-08,2.11401e-05
2.08763,6.54838,0.443382,2.89021,11.9696,5.72231e-06,9.3287e-07,3.82142e-06,1.00308e-06,1.14797e-05
0.96169,1.29743,1.14148,5.91488,9.31547,6.46066e-06,5.72252e-06,9.78657e-06,2.03381e-06,2.40036e-05
0.817796,4.65796,1.62935,8.19322,15.2983,1.44311e-05,3.09645e-06,1.94706e-06,5.6666e-06,2.51412e-05
0.772193,7.04267,2.17304,0.745514,10.7334,8.50831e-06,7.08399e-06,7.36749e-06,4.38625e-06,2.7346e-05
1.5209,2.0443,0.845213,4.7395,9.14991,2.27223e-06,5.7416e-06,1.509e-05,9.21448e-07,2.40253e-05
0.502124,2.91498,0.926398,8.863,13.2065,7.97242e-06,2.19844e-06,1.92313e-06,5.58554e-06,1.76795e-05
2.94944,5.6297,0.806893,3.19688,12.5829,1.21433e-05,7.40213e-07,1.13614e-05,7.15302e-06,3.1398e-05
0.570284,1.93682,3.17149,2.42049,8.09908,2.18754e-05,6.50099e-06,3.01283e-06,1.04454e-05,4.18346e-05
0.892113,3.35934,4.44021,9.93581,18.6275,5.47049e-06,2.91592e-06,7.78049e-06,6.29133e-07,1.6796e-05
0.477828,6.50243,1.83309,1.38132,10.1947,5.52307e-06,1.2905e-05,7.5087e-06,1.10453e-05,3.69821e-05
1.02123,8.85785,1.31749,5.16615,16.3627,2.63823e-06,3.76306e-06,6.2313e-06,6.26433e-07,1.3259e-05
2.84472,4.81296,2.05222,5.81455,15.5244,2.80684e-05,4.10867e-06,6.91678e-08,7.12061e-06,3.93669e-05
2.04221,7.31386,3.0447,5.24208,17.6428,1.19857e-05,3.04338e-06,9.88349e-06,3.92216e-06,2.88347e-05
1.57232,3.91408,1.40207,7.50615,14.3946,1.45462e-05,2.10506e-06,3.51938e-07,1.79616e-06,1.87994e-05
2.25872,6.86948,0.30331,6.29332,15.7248,5.02443e-07,6.55322e-08,7.83295e-06,5.27473e-06,1.36757e-05
0.842377,2.74042,3.77854,0.809669,8.171,8.26572e-06,1.12995e-05,5.33917e-06,9.11664e-06,3.40211e-05
1.33231,4.04038,5.40844,1.37899,12.1601,4.3307e-06,8.07897e-06,1.122e-06,8.77257e-06,2.23042e-05
1.03234,5.22972,1.39756,6.24382,13.9034,6.93713e-06,2.69994e-06,1.0101e-05,8.84997e-06,2.85881e-05
0.384729,0.563801,2.24034,5.147,8.33587,1.68915e-05,8.89939e-06,3.81828e-06,1.00128e-05,3.96221e-05
0.984333,2.01468,1.29158,1.30748,5.59807,1.45228e-05,4.92089e-06,5.29215e-06,3.73337e-06,2.84692e-05
1.24043,0.316971,1.26372,2.14567,4.96679,1.49572e-05,4.07835e-06,9.24774e-06,7.61809e-06,3.59013e-05
0.822787,7.9269,3.95886,7.46695,20.1755,1.32267e-05,2.84944e-06,1.05651e-05,3.05594e-06,2.96972e-05
0.633723,1.617,0.143677,2.7984,5.19281,6.20504e-06,2.59862e-06,1.57809e-05,1.54601e-06,2.61305e-05
1.62743,3.6033,1.55617,3.27114,10.058,4.24266e-06,1.27234e-06,1.78825e-06,3.37883e-07,7.64113e-06
1.59832,3.79455,3.43697,2.23196,11.0618,9.33084e-06,2.93941e-06,1.09326e-05,7.03109e-06,3.02339e-05
0.344203,4.74654,2.89604,2.62942,10.6162,9.97178e-06,6.19612e-06,2.83542e-06,1.38402e-05,3.28435e-05
0.60057,1.16942,2.9233,1.41821,6.1115,4.17154e-06,1.17762e-06,1.26631e-06,1.71838e-07,6.78731e-06
0.626026,6.37258,2.04215,6.16357,15.2043,6.82101e-06,2.00946e-06,2.27161e-06,1.67342e-06,1.27755e-05
1.0594,1.18969,0.814076,7.74088,10.804,4.35781e-06,1.95028e-06,1.60132e-05,4.90765e-06,2.72289e-05
0.437492,2.19758,2.17451,7.20927,12.0188,3.0832e-05,2.99951e-06,1.31256e-05,1.92357e-07,4.71495e-05
0.956127,1.71778,2.71425,4.23381,9.62196,1.0542e-06,7.0669e-06,1.20387e-06,4.19022e-06,1.35152e-05
0.787425,5.66241,2.47569,2.52809,11.4536,1.15216e-05,1.13663e-06,4.46771e-06,3.30055e-06,2.04265e-05
0.747731,0.865743,2.43147,1.76266,5.80761,1.26029e-05,4.46258e-06,7.59534e-06,2.80154e-06,2.74624e-05
1.56336,0.717339,2.82769,6.42483,11.5332,6.67793e-06,4.94967e-06,8.35599e-06,2.92436e-06,2.29079e-05
0.750129,2.6845,3.14316,2.30519,8.88298,1.83896e-05,1.98016e-06,1.1991e-05,2.36183e-06,3.47225e-05
0.617851,6.07892,2.88788,1.14713,10.7318,2.69398e-06,4.54604e-07,1.78992e-06,2.94776e-06,7.88626e-06
2.27634,4.38317,2.33862,7.79809,16.7962,1.38471e-05,3.3699e-06,2.71868e-06,1.33916e-06,2.12748e-05
2.69089,8.42599,3.27939,0.509075,14.9053,5.12341e-06,1.05307e-05,1.02824e-05,2.28851e-05,4.88217e-05
1.78544,1.41577,1.99579,9.03556,14.2326,8.91397e-07,5.77966e-06,1.04517e-05,2.66163e-06,1.97844e-05
0.379806,4.59466,3.22109,2.13912,10.3347,1.59502e-05,1.0133e-05,4.41523e-06,8.56481e-07,3.13549e-05
0.829717,3.49406,1.02843,5.63712,10.9893,1.92564e-05,5.43799e-06,1.20918e-06,6.00187e-06,3.19054e-05
0.258707,1.93665,0.422844,6.33209,8.95029,1.03045e-05,1.2692e-05,4.05188e-06,1.44981e-05,4.15464e-05
0.753955,2.38604,1.86943,3.75727,8.76668,3.21076e-06,4.32706e-07,5.72418e-06,4.55746e-06,1.39251e-05
2.10704,3.1621,2.43454,5.78673,13.4904,7.3487e-07,4.11487e-06,3.61192e-06,7.91829e-06,1.638e-05
3.17934,2.83371,2.38237,1.22166,9.61707,3.86366e-06,2.23275e-06,1.28308e-05,1.00398e-06,1.99312e-05
0.625993,1.98395,3.65829,3.80094,10.0692,2.00482e-05,6.85396e-06,8.91486e-07,1.4284e-05,4.20777e-05
0.418534,6.0452,5.22345,3.46267,15.1498,8.35942e-07,1.59764e-06,4.86866e-06,2.96097e-06,1.02632e-05
0.836035,3.21562,3.11353,3.21154,10.3767,8.87365e-06,1.03604e-05,1.18682e-05,7.8311e-06,3.89333e-05
0.718977,2.07995,1.77689,2.54451,7.12032,5.99468e-06,1.80488e-06,1.42467e-05,4.32118e-06,2.63675e-05
1.04448,2.54554,2.33439,3.93199,9.8564,8.97767e-06,1.03066e-06,7.13891e-06,3.75267e-06,2.08999e-05
1.79054,5.46491,1.27457,2.93664,11.4667,1.49395e-05,1.13093e-05,3.77572e-06,8.2691e-06,3.82937e-05
3.89762,4.71752,2.96767,4.86281,16.4456,1.61616e-05,8.80371e-06,3.72444e-06,6.57479e-06,3.52646e-05
0.998554,3.67964,1.55438,1.22402,7.4566,1.66858e-05,1.64669e-07,1.05163e-05,8.50958e-07,2.82177e-05
1.29568,1.49898,2.11219,1.9572,6.86406,1.53834e-05,1.43917e-05,4.71395e-06,1.04738e-05,4.49629e-05
1.19156,2.66065,2.60249,2.01688,8.47158,1.12449e-05,5.89145e-06,1.05619e-05,1.18787e-05,3.9577e-05
