4.60705,2.42136,3.09557,4.04178,14.1658,4.59751,1.74678,0.977599,2.42016,9.74204
7.44044,6.09985,4.58155,8.0849,26.2067,7.34216,5.90518,4.39504,7.92032,25.5627
9.05693,6.96365,6.0442,8.15007,30.2149,8.63045,6.81568,5.65548,7.59104,28.6926
0.993423,2.79305,8.21167,4.11182,16.11,0.426394,1.39262,7.52073,3.88043,13.2202
3.30497,1.45413,1.22544,1.56044,7.54498,1.08171,1.1134,0.905463,0.807629,3.90821
4.42835,1.3469,2.29517,3.21719,11.2876,4.28639,1.24246,1.23667,1.96836,8.73389
5.96185,4.51307,2.05267,8.18851,20.7161,5.86833,4.48609,1.99755,8.0152,20.3672
5.22173,5.26885,5.50757,6.76083,22.759,3.57501,4.93271,0.318024,3.42343,12.2492
2.88497,2.48736,3.49097,7.76238,16.6257,2.74623,2.22747,3.41173,7.33997,15.7254
0.893383,1.81241,0.848889,4.07474,7.62941,0.515364,1.75625,0.357151,2.61643,5.24519
4.46875,3.42094,1.26724,3.12582,12.2827,4.16014,0.366041,1.17466,2.94237,8.64321
3.11425,4.25344,6.80613,3.67556,17.8494,2.05198,3.55083,3.36759,2.12019,11.0906
1.34594,2.80483,3.60649,3.0688,10.8261,0.952677,0.453189,2.8499,2.89474,7.1505
5.55449,4.11122,6.76259,6.49153,22.9198,5.54052,4.0984,4.33104,6.14047,20.1104
2.83991,4.00016,2.58058,3.66095,13.0816,1.53166,1.4988,0.845199,0.568069,4.44373
4.91452,0.848433,4.40578,2.69878,12.8675,4.69163,0.840779,2.28218,1.02291,8.8375
4.5981,2.19604,0.928665,6.22484,13.9476,3.99304,1.97421,0.714142,3.54619,10.2276
9.21402,5.97239,5.12688,7.16015,27.4734,9.20967,4.87988,4.75177,6.04896,24.8903
0.666227,0.416429,1.94343,2.10923,5.13531,0.698635,0.143574,0.239111,1.68386,2.76518
5.65775,3.24049,3.86648,2.40409,15.1688,5.66831,3.16215,0.777937,1.46622,11.0746
10.759,10.7727,6.95905,7.86208,36.3528,10.2606,10.3825,6.59447,7.78029,35.0178
2.62993,2.71806,0.918708,2.51645,8.78315,1.51187,2.62936,0.581096,1.77352,6.49585
5.40884,1.44525,2.03946,2.36996,11.2635,2.39842,1.60985,0.0249075,1.32861,5.36179
2.43756,2.95536,2.34194,3.60435,11.3392,1.294,1.57385,2.45219,2.71588,8.03592
3.18723,1.80924,2.50994,4.40095,11.9074,1.64984,1.6066,0.246946,2.35886,5.86225
1.32841,4.66243,2.64578,1.83548,10.4721,1.5361,2.7689,2.64172,0.0529695,6.99969
3.406,1.91668,4.00105,3.59791,12.9216,2.70729,0.653731,3.62162,1.65901,8.64166
2.57091,3.45423,1.7176,2.64424,10.387,2.06383,2.05461,0.951287,0.749057,5.81878
3.59668,3.99306,2.68315,2.96423,13.2371,1.98022,3.97177,2.46643,2.64602,11.0644
1.15928,2.39588,3.44212,3.6257,10.623,1.19346,2.32304,2.75665,2.64183,8.91497
4.30749,1.00834,2.46721,5.79151,13.5746,4.21719,0.69151,0.0836524,5.64259,10.6349
2.47972,1.95181,2.69048,1.98239,9.10441,2.5013,1.19328,2.54821,1.8576,8.1004
7.15713,3.15871,2.30814,1.63697,14.261,5.22785,2.38473,2.19954,0.974782,10.7869
10.1695,7.99536,8.11712,4.25676,30.5388,9.96458,7.30479,7.53708,3.89946,28.7059
1.75331,3.24327,2.52983,1.5095,9.03591,0.822638,3.18487,0.0599885,0.0673522,4.13485
3.56173,2.05594,5.3126,6.47245,17.4027,3.16351,1.66686,5.49666,0.57713,10.9042
4.09096,2.7142,1.76157,4.01251,12.5792,3.61493,2.60432,1.61417,3.8335,11.6669
2.58819,4.11523,7.59144,2.6723,16.9672,2.14403,3.03003,6.9119,0.322455,12.4084
3.27263,3.59357,0.524397,2.48269,9.8733,1.7186,0.522421,0.134691,1.73907,4.11478
5.23836,4.38988,1.03967,8.02078,18.6887,5.07242,4.29336,0.561289,6.52812,16.4552
1.12957,3.46886,1.71028,3.18504,9.49375,0.249869,2.3435,1.58988,1.5069,5.69015
4.26146,0.396055,1.81147,1.49998,7.96897,2.53456,0.0788571,1.76013,1.3243,5.69785
0.829577,1.72558,2.80425,1.76033,7.11974,0.253212,1.46414,1.19675,1.80523,4.71933
6.3786,7.12805,4.52045,12.3432,30.3703,6.22917,6.11378,2.7842,10.0853,25.2125
3.1202,2.95563,2.08086,1.36246,9.51916,3.10856,0.386886,1.90594,1.18274,6.58413
5.23312,3.87835,1.82084,2.95822,13.8905,4.78077,3.98421,0.769845,2.61049,12.1453
3.1809,5.24623,0.902308,4.01749,13.3469,2.41584,5.15409,0.643808,4.10574,12.3195
4.51065,7.35923,6.48669,3.2681,21.6247,3.98567,5.67637,0.556051,2.22021,12.4383
3.11864,7.07901,4.08988,2.17478,16.4623,1.8284,3.42725,3.00862,1.51332,9.77759
4.2809,2.94695,5.57002,4.21286,17.0107,2.24828,0.369054,4.5167,0.235559,7.36959
4.94831,1.49255,7.75196,2.98623,17.1791,3.51828,1.19428,7.69211,0.270134,12.6748
5.22734,2.68874,1.73403,3.60327,13.2534,3.34074,1.69489,1.31062,3.54753,9.89378
1.27368,5.01808,1.62448,5.50617,13.4224,0.843326,4.55841,1.45869,4.00454,10.865
3.65808,2.01349,5.45542,3.35975,14.4867,3.5382,0.783769,0.521435,0.656079,5.49948
4.03174,3.40883,2.85824,3.29538,13.5942,3.12318,3.09009,1.80902,3.23545,11.2577
3.30369,1.31922,1.21171,7.00509,12.8397,2.69992,0.8372,0.5247,5.74338,9.8052
1.07115,3.98543,3.7189,4.90013,13.6756,0.594912,2.81872,3.30982,0.624262,7.34772
3.36838,8.51768,1.65758,5.49201,19.0356,1.23833,8.32936,1.61583,5.21934,16.4029
2.46411,3.114,3.78553,6.08415,15.4478,1.42938,2.81622,3.92558,4.79887,12.97
2.83458,6.69696,2.44693,1.503,13.4815,2.9305,6.7041,2.19706,0.920327,12.752
2.66947,4.38781,2.63848,1.83723,11.533,1.84576,2.86134,0.225673,1.51801,6.45077
5.07096,2.46827,5.90614,0.836827,14.2822,5.00738,1.76754,0.660461,0.512135,7.94751
2.28006,3.34458,1.28258,4.6697,11.5769,0.353906,3.3687,0.877262,1.07689,5.67676
1.05767,4.07437,1.27254,3.65567,10.0602,0.659286,3.12016,1.27516,3.3661,8.42071
2.63379,2.54331,6.57877,2.78343,14.5393,0.99858,1.78035,6.4178,0.706305,9.90303
2.18115,0.596022,3.64038,1.09048,7.50803,2.15504,0.689101,2.90357,0.868124,6.61584
1.20467,1.25233,6.50211,1.62296,10.5821,0.333041,0.997457,6.37816,1.26184,8.9705
5.676,1.60138,4.80418,2.27659,14.3581,5.38066,1.05424,2.92846,0.441851,9.8052
4.74319,4.30098,4.15119,6.44941,19.6448,4.65383,3.72175,4.10647,6.04834,18.5304
1.38294,3.41795,2.42288,0.323157,7.54693,1.27475,2.05693,0.618578,0.279718,4.22998
7.81198,6.5917,1.54603,4.67743,20.6271,6.77451,3.68457,0.947635,4.63232,16.039
1.88746,2.85915,1.20973,1.07316,7.0295,1.75554,2.60499,0.146961,0.964699,5.47218
1.86053,1.33726,2.27878,0.911308,6.38787,1.79212,0.997811,1.43645,0.830713,5.0571
6.40747,7.20657,6.3055,1.34474,21.2643,6.64982,4.66573,3.42202,0.389701,15.1273
4.11062,1.24487,1.99441,2.42739,9.77728,1.01371,0.951786,1.21949,1.58075,4.76573
2.95015,6.11803,5.99054,5.78203,20.8407,2.76032,5.35726,5.91902,5.66625,19.7028
0.733937,5.90233,1.80419,2.29075,10.7312,0.0690248,2.46726,1.83061,2.29525,6.66215
2.16795,3.61211,4.25931,8.1719,18.2113,0.00301129,3.58879,3.99449,7.82511,15.4114
1.92399,1.51918,1.9823,3.01682,8.4423,0.132621,1.14685,1.12674,2.17607,4.58228
2.88719,3.0511,2.81166,6.41747,15.1674,1.31288,2.56229,2.2301,3.86133,9.9666
9.79294,5.22511,3.83513,6.57848,25.4317,9.42633,3.45428,3.66243,6.65802,23.2011
4.13941,1.8732,5.31016,1.17465,12.4974,3.27741,1.32406,4.21382,0.839812,9.6551
1.87461,1.82065,3.74675,1.97148,9.4135,1.8686,0.244517,2.23835,1.71531,6.06678
6.57573,3.69678,4.28132,1.42155,15.9754,5.74273,1.67003,2.46575,0.855616,10.7341
3.64599,2.3459,2.57122,6.39957,14.9627,0.0980784,1.46349,1.64163,2.24482,5.44802
1.70029,1.24853,2.88879,1.59805,7.43566,1.25031,1.06834,2.57963,1.42469,6.32298
5.91461,5.07439,4.91765,2.87614,18.7828,5.44564,4.9898,4.4835,0.760077,15.679
5.31473,4.69909,5.80725,5.33191,21.153,2.64054,1.725,4.69328,1.82482,10.8836
4.83172,1.71409,4.48999,2.57203,13.6078,4.47839,1.41691,4.46299,2.53354,12.8918
4.31502,9.26915,4.16358,3.18274,20.9305,2.80296,8.90848,3.077,2.05147,16.8399
5.28938,5.30157,4.51222,1.28166,16.3848,4.89785,2.96297,4.35186,1.26004,13.4727
4.01143,0.761256,1.34309,3.41643,9.53222,4.0914,0.560171,0.93591,2.20755,7.79504
4.50646,1.81769,4.77441,5.36495,16.4635,3.07508,0.324367,4.27858,3.96713,11.6452
257.218,97.2414,447.413,382.959,1184.83,45.6157,64.9215,333.902,99.6779,544.117
2.83463,1.27662,7.04594,4.78072,15.9379,2.57899,1.2082,6.72769,4.61401,15.1289
2.89432,3.45405,0.844058,3.61133,10.8038,2.73669,1.9477,0.191084,1.08954,5.96502
5.79772,4.01197,4.01999,3.06994,16.8996,3.59338,1.93332,3.27478,2.50782,11.3093
3.17342,4.68721,2.05318,1.31747,11.2313,2.53342,2.89115,1.58319,1.29029,8.29805
3.62793,5.11885,3.58957,7.66635,20.0027,0.00889222,4.03964,2.09819,7.28284,13.4296
3.31781,7.19709,3.81824,7.62126,21.9544,2.9674,6.49009,3.04928,7.64779,20.1546
163.544,197.626,219.672,260.337,841.179,147.651,147.847,217.303,190.447,703.248
5.94905,4.33177,1.68683,3.97448,15.9421,5.7349,1.47185,1.44332,1.56395,10.214
3.16412,2.41576,1.41161,1.07509,8.06657,2.67674,2.46193,0.416517,0.903491,6.45868
2.61248,4.43769,3.81988,4.48268,15.3527,1.8024,3.75833,0.890926,3.92786,10.3795
1.92901,5.95083,0.673814,0.526402,9.08005,0.600931,5.41077,0.46242,0.320777,6.7949
3.94602,6.09331,6.0975,3.91364,20.0505,4.05806,2.50641,3.84376,3.45885,13.8671
5.60944,3.42796,1.35285,1.56823,11.9585,5.3661,0.523089,0.406386,1.5752,7.87078
4.80775,4.52916,3.33875,2.00166,14.6773,4.70815,1.18069,0.106334,1.40123,7.3964
4.95851,1.7322,2.39875,1.72699,10.8165,2.8727,1.06013,1.91021,1.43628,7.27932
6.02008,0.686815,3.27819,3.36004,13.3451,5.8016,0.0215525,3.16466,3.50926,12.4971
2.90675,1.78327,7.13648,2.61657,14.4431,0.87791,1.64724,5.44753,0.296771,8.26945
2.54303,6.40243,4.92304,5.62311,19.4916,1.71055,3.60093,3.41604,5.38259,14.1101
0.508354,3.90511,4.71968,2.65212,11.7853,0.12276,3.154,3.15456,2.3619,8.79322
3.10989,2.93656,1.62114,2.86465,10.5322,2.21888,2.98275,1.07634,0.88022,7.15819
7.51676,1.39541,6.0729,4.10322,19.0883,6.85624,0.302209,6.13195,1.64588,14.9363
4.62921,7.37798,7.98279,10.9904,30.9803,4.42065,6.39824,7.69946,9.98319,28.5015
3.52577,2.95829,2.82034,1.07431,10.3787,3.32271,2.0701,2.572,0.175597,8.14041
3.72677,2.8469,1.96248,2.74124,11.2774,1.99861,2.33522,0.814357,1.70092,6.84911
3.89257,3.466,3.74085,3.25199,14.3514,3.87146,3.41997,2.49083,2.88427,12.6665
3.56352,3.35331,5.26399,1.8226,14.0034,2.57904,0.870369,0.619578,0.667409,4.73639
5.19042,1.57952,3.31104,1.17329,11.2543,4.6004,1.40046,2.88591,0.549639,9.43641
5.32826,4.69281,2.88733,3.6312,16.5396,3.82532,2.27635,1.99461,3.03749,11.1338
2.02609,2.1464,1.20882,0.523512,5.90483,0.155894,1.83585,0.367161,0.362457,2.72136
4.43546,3.85846,5.00827,2.74761,16.0498,4.38747,3.79007,4.65522,1.7484,14.5812
2.56838,3.7197,6.89212,7.64293,20.8231,2.20191,3.2367,6.30769,7.54734,19.2936
3.89897,2.78776,8.9688,2.11759,17.7731,3.21944,2.89241,7.87563,0.00212626,13.9896
5.6424,2.68536,5.86955,3.87709,18.0744,0.206786,2.21173,2.08327,3.68654,8.18833
4.68031,0.904368,4.53862,6.81071,16.934,1.77158,0.686042,4.00281,6.59988,13.0603
4.57051,2.38685,1.59595,2.55216,11.1055,3.44096,2.20565,1.51447,2.3525,9.51358
3.24572,0.759433,3.09429,3.39997,10.4994,3.20915,0.522926,2.53528,0.232878,6.50024
2.44173,2.86874,4.54137,3.51129,13.3631,2.14193,1.49638,4.30516,3.44263,11.3861
2.56547,4.52345,2.5108,2.81208,12.4118,2.50313,3.8474,2.47261,2.44174,11.2649
7.46283,4.20012,4.66266,2.83992,19.1655,7.56499,0.474653,3.37277,2.30022,13.7126
0.872812,1.21571,0.593256,2.61062,5.29239,0.570604,1.12896,0.502583,2.41365,4.6158
0.341441,1.95428,4.31913,5.90744,12.5223,0.0909792,1.74816,2.23265,2.84158,6.91336
1.16871,3.39107,1.56162,2.22085,8.34225,0.925193,1.25398,0.767829,2.26992,5.21692
3.53335,3.84026,1.77368,2.86505,12.0123,3.49212,0.343998,0.139241,1.44804,5.42341
6.67102,3.98258,2.27558,1.73355,14.6627,2.30338,1.57427,1.3747,1.04528,6.29762
1.87889,3.8567,3.98547,1.94237,11.6634,1.77176,3.89884,0.100735,1.66324,7.43458
4.47976,3.85941,3.23241,0.809434,12.381,4.28755,2.11659,2.7847,0.652394,9.84123
2.62041,2.9979,7.10615,6.29475,19.0192,2.41095,2.56478,6.33181,5.87691,17.1845
1.32271,9.43735,4.74841,2.60478,18.1133,1.26784,9.21778,4.56992,2.36967,17.4252
2.60816,2.28478,0.48281,6.78633,12.1621,2.3052,1.00587,0.616933,5.37777,9.30578
6.76532,9.09268,4.82117,5.64689,26.3261,4.30281,9.29133,3.89974,0.720287,18.2142
1.89146,3.06178,1.097,2.68757,8.73781,0.0389352,2.87808,0.166155,2.261,5.34417
8.01543,7.04255,7.95375,6.36179,29.3735,7.25872,6.91969,7.59798,6.11551,27.8919
1.54921,5.84528,5.40589,2.03381,14.8342,0.953734,5.43512,2.22556,1.64401,10.2584
2.87234,2.24733,3.73285,3.38912,12.2416,2.56793,0.529459,2.96493,1.86908,7.93139
1.96734,3.94475,1.77226,0.772801,8.45715,1.25313,2.06822,1.05038,0.177933,4.54966
6.84314,3.25803,3.93562,2.02565,16.0624,2.29222,3.47955,2.36091,1.43899,9.57166
3.09869,2.03246,2.83207,5.36771,13.3309,2.46175,0.525166,3.10046,2.37826,8.46565
4.66824,0.653854,1.89684,2.66332,9.88225,1.82386,0.01511,1.67358,1.87814,5.3907
5.86916,2.86153,3.75501,6.47164,18.9573,5.52107,2.39293,3.90257,0.643857,12.4604
4.57452,2.30458,3.02829,3.34146,13.2488,3.30744,1.29411,2.95154,3.18734,10.7404
2.28835,2.70921,2.56078,2.53217,10.0905,1.97495,1.18441,0.597472,1.04973,4.80656
3.95296,4.19259,5.90416,2.34481,16.3945,3.10917,3.86434,2.43874,0.617629,10.0299
5.82182,3.26122,3.37965,0.900372,13.3631,5.42441,2.94491,3.31526,0.396566,12.0811
2.64134,0.689106,5.08972,7.93984,16.36,0.162663,0.262169,3.3782,5.92159,9.72463
2.78628,2.92591,0.486087,1.37872,7.577,0.412858,2.70302,0.064499,1.26962,4.45
4.79907,5.15438,6.04412,7.23598,23.2336,4.75052,5.10999,6.01399,7.16884,23.0433
6.80827,8.36786,2.89899,4.57071,22.6458,6.49435,8.28728,2.62078,4.09516,21.4976
2.47095,2.3773,6.34758,2.08988,13.2857,1.81416,2.08468,5.20005,1.54747,10.6464
6.10876,3.8296,1.31454,3.26203,14.5149,3.05611,3.16056,0.0505683,2.36527,8.63251
8.85409,8.53749,6.07663,5.44643,28.9146,8.71559,7.75048,6.05439,5.05396,27.5744
4.86925,2.46331,1.58132,3.95774,12.8716,4.46048,0.0163203,0.408878,3.58531,8.47099
2.15312,1.89561,2.03616,2.27681,8.3617,0.387141,0.84174,0.276663,1.61235,3.11789
3.34661,4.85616,3.0221,4.05271,15.2776,2.97342,4.60562,2.85705,3.12153,13.5576
4.84028,8.8008,8.64248,6.86269,29.1463,4.63081,8.51452,8.31089,6.92239,28.3786
1.93654,2.78445,1.88616,1.17534,7.78249,1.83605,2.75473,1.74426,1.02334,7.35838
3.2792,4.48727,2.70882,0.760969,11.2363,2.40232,4.10611,1.59026,0.00131841,8.10001
7.56451,2.4672,4.58849,2.55809,17.1783,7.38158,2.40141,2.1253,1.23172,13.14
2.25632,2.24711,0.701817,0.82294,6.02819,1.92941,1.39645,0.548894,0.715368,4.59012
0.837321,0.997713,1.6321,3.06392,6.53106,0.61633,0.780065,0.918893,0.363992,2.67928
7.00607,3.96283,5.34384,4.60598,20.9187,7.00964,3.93917,3.95182,4.27269,19.1733
5.62885,4.39998,9.85304,4.50602,24.3879,5.61328,4.37882,8.97976,4.26831,23.2402
2.09321,1.42322,5.62784,5.5599,14.7042,0.139156,0.758802,5.18351,5.63035,11.7118
10.1881,2.788,3.53616,3.09781,19.6101,9.85161,0.62272,3.59241,0.182646,14.2494
4.29287,1.92659,1.87172,3.55535,11.6465,0.854704,1.64414,1.03339,3.03313,6.56537
3.66017,3.66162,3.71131,4.99121,16.0243,3.09686,3.35183,1.04009,3.73006,11.2188
1.35266,1.40292,5.4943,3.3283,11.5782,1.2523,1.08855,3.24891,1.84779,7.43755
4.6765,6.52394,6.9544,6.37214,24.527,3.34449,6.21309,6.99864,6.22983,22.786
4.13337,5.63295,4.31287,6.88949,20.9687,3.74445,3.93589,4.1834,5.75765,17.6214
1.03825,2.7566,5.03037,3.44518,12.2704,0.874305,2.60866,4.94585,3.46106,11.8899
6.02937,6.4179,3.82513,6.53016,22.8026,5.76797,6.01291,4.01312,3.15528,18.9493
2.50492,2.04793,2.58435,4.85172,11.9889,2.3029,1.89558,1.50004,4.90126,10.5998
2.24679,1.51022,0.742133,5.253,9.75214,0.360627,1.39009,0.432663,3.09303,5.27641
5.31067,3.31301,2.19419,1.67599,12.4939,4.06184,3.03025,0.984919,0.657047,8.73406
6.79447,6.87224,10.1446,6.36925,30.1806,6.40031,6.84922,9.57148,6.08735,28.9084
10.2549,6.0141,2.74553,8.10205,27.1166,9.93566,5.69963,2.78668,8.06979,26.4918
4.34004,4.13293,3.44091,4.50039,16.4143,4.00598,1.13324,1.7792,1.04582,7.96425
4.849,5.34153,1.78516,4.35082,16.3265,3.55401,3.56194,1.84874,3.81389,12.7786
4.38903,2.80449,2.50552,3.4948,13.1938,3.38127,1.17676,2.00612,2.39351,8.95764
2.564,4.764,5.088,4.67106,17.0871,2.33746,4.74362,4.60992,4.09317,15.7842
5.66441,1.9824,1.10931,4.54981,13.3059,5.23513,1.68175,0.0770248,0.889473,7.88338
4.39293,5.54232,4.09374,5.02501,19.054,3.97652,3.40047,3.8629,4.63782,15.8777
2.55028,0.395663,3.11288,2.0512,8.11002,1.13618,0.479054,1.71483,1.9816,5.31166
3.13006,1.99071,1.18015,3.31043,9.61135,2.05491,0.82827,0.519965,1.42755,4.83069
3.50412,2.24178,3.27018,1.43617,10.4523,3.23813,0.658953,2.83134,0.0651645,6.79358
3.38819,0.577394,3.32853,3.24603,10.5402,2.84859,0.0805944,0.191497,2.38364,5.50432
4.58951,3.79731,4.15103,5.16007,17.6979,0.224275,0.537963,3.52041,1.5942,5.87684
5.02307,0.919167,3.16504,1.2492,10.3565,3.27468,0.941793,0.473489,0.743465,5.43343
3.58524,2.5452,3.73713,1.61172,11.4793,2.22598,2.21561,1.98601,0.38187,6.80947
1.78138,1.93284,2.25218,2.16727,8.13367,1.79655,1.76672,2.10009,1.2419,6.90526
5.50045,3.88311,6.54937,6.06553,21.9985,4.82557,4.05887,5.80182,4.42899,19.1153
5.19996,4.42904,3.24119,2.53393,15.4041,3.0752,1.91617,2.55975,2.03233,9.58344
4.34987,2.09852,5.41829,2.55217,14.4188,4.35517,1.22419,3.46553,1.88093,10.9258
4.39057,2.86784,3.24746,2.29916,12.805,3.32708,0.803814,0.182,0.161407,4.4743
1.07599,1.33555,6.56925,2.87029,11.8511,0.856325,1.08614,0.908041,0.929253,3.77976
0.582499,6.04878,3.05561,0.881411,10.5683,0.29256,5.75147,1.85909,0.129031,8.03214
3.45454,3.43532,2.34091,2.52108,11.7519,2.3211,1.23413,0.209978,0.150915,3.91613
7.28014,3.04343,8.09493,1.4467,19.8652,6.98165,2.44707,7.73497,0.363778,17.5275
2.99707,2.173,2.45463,1.87004,9.49474,0.90582,2.19175,0.222225,0.0758433,3.39564
5.81806,9.70671,7.15536,2.97248,25.6526,5.21181,8.65872,6.84604,2.81514,23.5317
1.35202,3.29302,1.32801,1.53179,7.50485,0.0960149,3.23945,1.21959,1.21372,5.76878
3.88652,0.690608,2.36344,1.3356,8.27617,3.80264,0.686558,0.84135,1.02573,6.35627
5.96652,0.867514,3.13242,2.72095,12.6874,3.84411,0.927504,1.78487,0.858034,7.41452
3.10654,4.76551,2.39295,3.19421,13.4592,2.82118,4.80622,0.0566469,0.503559,8.18761
1.93099,4.0385,4.75226,3.79136,14.5131,1.72688,3.21544,2.41642,2.66123,10.02
3.15368,3.78919,0.887158,7.63269,15.4627,0.165141,0.474807,0.105247,7.29528,8.04048
2.3164,6.23427,7.21708,4.21258,19.9803,1.99914,5.69976,6.7464,3.8345,18.2798
2.02061,3.54833,7.1956,1.44988,14.2144,1.72781,3.44836,7.10507,1.45778,13.739
3.44752,7.21951,7.01521,3.48495,21.1672,3.53614,5.74703,4.62762,2.96118,16.872
5.02371,2.70913,1.99753,0.637267,10.3676,0.821603,1.27628,0.45602,0.00442087,2.55833
6.07388,3.16898,3.37662,4.52022,17.1397,6.10472,0.116347,2.66551,3.62035,12.5069
1.66998,3.37059,6.62325,1.0698,12.7336,0.930821,2.41263,6.43744,0.820776,10.6017
3.09018,2.90064,1.14264,3.63641,10.7699,2.80573,2.88126,0.532982,3.43235,9.65231
3.39982,5.18203,4.251,4.96002,17.7929,1.61979,4.41821,4.12508,4.88239,15.0455
4.51464,7.65385,2.68881,3.68824,18.5455,4.38443,7.4927,1.94285,0.800711,14.6207
4.1087,2.63213,0.434438,0.735113,7.91039,0.900749,1.70863,0.449656,0.276224,3.33526
0.406585,2.10209,2.80188,1.65163,6.96218,0.0930932,1.79871,0.533172,1.59867,4.02364
3.85787,0.649708,4.10567,4.25333,12.8666,3.4997,0.663991,2.11483,3.69295,9.97147
5.17475,8.03034,2.67175,1.28877,17.1656,4.18264,4.35126,2.87691,0.540233,11.951
0.793053,1.80085,4.29374,3.63745,10.5251,0.752372,1.35176,2.07232,1.30103,5.47748
3.48063,1.63742,3.20206,1.0138,9.33391,3.2588,0.32797,1.02795,1.03344,5.64817
4.48607,3.96323,9.70632,5.58404,23.7397,3.98217,3.22239,9.55628,5.44143,22.2023
6.65927,2.98814,5.80838,5.45938,20.9152,0.553222,2.65411,1.29764,2.62666,7.13164
3.24476,2.36458,4.88493,2.93265,13.4269,2.31886,2.038,4.4639,2.11317,10.9339
3.72125,10.3884,1.70295,9.61766,25.4302,3.51818,9.58519,1.75194,9.33724,24.1925
0.342448,1.67907,0.942182,2.45037,5.41406,0.265873,1.56565,0.552603,2.17943,4.56356
8.06836,4.35014,5.18996,3.57844,21.1869,7.7256,3.90925,1.36045,3.48367,16.479
3.8401,5.14014,3.60254,1.33186,13.9146,3.54542,3.39421,3.00928,0.581347,10.5303
2.15989,1.33504,2.96704,0.284213,6.74618,1.99065,1.2383,2.32041,0.00579009,5.55515
0.866792,4.57332,3.10341,2.23914,10.7827,0.106479,1.61602,2.90523,2.18423,6.81196
8.06131,1.46269,2.59834,2.067,14.1893,7.51722,0.164174,0.223786,2.10508,10.0103
3.32884,3.61238,3.36968,1.08827,11.3992,2.75567,1.20516,0.607219,0.306762,4.87481
1.73431,3.16319,3.83354,0.811112,9.54214,1.38641,3.00814,1.61042,0.114805,6.11977
4.91583,4.08154,3.37915,4.52892,16.9054,3.31464,2.99928,3.01899,2.49952,11.8324
3.07175,5.35943,2.98726,4.11474,15.5332,2.9611,4.71158,3.01122,4.1297,14.8136
5.08036,1.85353,3.34526,3.32618,13.6053,4.88763,1.49884,2.8703,2.55452,11.8113
2.90636,8.31475,2.70768,1.18764,15.1164,3.0942,5.22276,2.563,0.390095,11.2701
2.77721,3.93576,3.91318,4.87385,15.5,1.32356,1.57959,0.7495,3.8851,7.53774
1.02281,3.78186,7.56911,3.87785,16.2516,0.801769,3.31881,7.33233,3.90061,15.3535
6.11144,3.82723,3.99838,7.01582,20.9529,6.018,3.3054,3.81987,6.33967,19.4829
6.25081,0.893937,4.18038,2.98993,14.3151,6.1598,0.220937,4.0944,2.43652,12.9117
5.44988,2.29004,2.58552,0.99431,11.3198,3.49282,1.98991,2.33731,0.702087,8.52213
1.73154,5.06218,6.46796,6.50007,19.7618,0.336334,2.74139,4.87843,6.16448,14.1206
2.46802,3.03836,5.69999,2.54686,13.7532,2.31566,2.83422,4.49109,2.62717,12.2681
2.30243,3.65296,6.45851,6.30874,18.7226,2.03068,3.23012,2.49856,5.82198,13.5813
4.20869,3.34317,4.44905,3.40154,15.4025,2.0959,2.97304,2.62659,2.79079,10.4863
1.61666,1.74597,6.18961,3.09586,12.6481,1.43532,0.364521,2.2057,1.18306,5.1886
2.77828,2.43972,5.20095,0.416562,10.8355,2.41729,1.36621,0.480551,0.56755,4.8316
1.91647,3.62442,1.60526,1.87638,9.02254,2.05302,2.66812,0.849308,1.47487,7.04532
4.16878,1.55258,2.26591,3.62044,11.6077,3.70958,0.980317,2.33245,2.63153,9.65388
1.45291,1.13465,4.32103,3.12937,10.038,0.567954,0.825521,3.29354,2.42176,7.10877
4.49045,1.83592,1.42236,0.572761,8.32149,4.25869,1.55903,0.93741,0.560354,7.31548
5.42564,4.65493,4.17262,3.59535,17.8485,5.11121,4.2638,2.93578,3.63601,15.9468
1.49578,1.36898,1.28007,3.48005,7.62488,1.11764,0.171448,0.858864,1.2108,3.35875
1.49653,1.30146,3.10101,3.21164,9.11064,0.304009,1.19787,0.729177,2.54988,4.78093
2.10961,4.90697,4.29817,4.95522,16.27,0.953668,4.56485,3.10074,4.89437,13.5136
4.89108,1.31277,3.66663,5.11841,14.9889,4.14107,0.75721,0.283056,4.41435,9.59568
2.42725,1.13068,2.40184,0.904554,6.86433,2.19686,0.847451,0.280176,0.0847227,3.40921
6.08606,7.29769,10.409,9.25955,33.0523,5.95629,7.10528,10.3382,9.18249,32.5822
8.08556,5.50178,4.62308,3.09808,21.3085,7.60629,4.27602,4.85994,1.43749,18.1797
3.99932,6.824,1.69505,8.55899,21.0774,2.60568,6.9247,0.784904,8.36973,18.685
6.78068,3.46344,4.29536,2.24676,16.7862,4.50714,1.77565,3.68261,0.911585,10.877
5.32085,4.61923,1.64637,5.28979,16.8762,5.45338,4.44036,0.109314,5.13257,15.1356
1.69653,0.459683,5.44428,1.55368,9.15417,0.872821,0.215626,5.36533,1.63562,8.0894
2.12108,5.39868,1.74789,2.91975,12.1874,0.263242,4.9098,1.62135,2.70167,9.49606
4.3247,2.54036,0.960968,3.57556,11.4016,4.36597,2.50595,0.629277,0.387639,7.88883
1.14329,3.59281,4.39315,4.78761,13.9169,0.510375,3.44394,3.66584,4.28625,11.9064
2.15337,6.79045,4.71365,2.28194,15.9394,1.63002,6.47304,1.49611,1.79166,11.3908
3.07385,6.51013,2.46836,4.49699,16.5493,0.191688,6.37248,2.21176,3.23205,12.008
4.01482,5.76601,6.10627,1.81706,17.7042,1.33309,5.35755,6.05726,1.29229,14.0402
2.98116,3.26441,2.41451,3.36825,12.0283,1.81802,2.92108,0.940326,2.74665,8.42607
4.79566,0.801607,3.5347,0.794505,9.92647,4.03881,0.76052,3.49336,0.780668,9.07336
7.52666,5.3136,6.74118,3.56034,23.1418,7.23164,4.91889,6.38854,3.56558,22.1046
6.04918,7.16781,1.53756,4.48406,19.2386,5.86592,6.83184,0.984929,2.17543,15.8581
2.65753,1.88981,2.02995,3.87929,10.4566,0.592172,1.69018,1.36433,2.91359,6.56027
2.93957,2.75395,4.43663,3.83162,13.9618,0.949833,0.0979852,4.17906,3.60341,8.83029
3.25939,2.21741,2.26334,2.48651,10.2266,2.78539,1.74461,1.99429,1.08118,7.60547
7.55025,2.61783,2.87846,1.97604,15.0226,7.44383,2.52981,2.49887,1.23635,13.7089
3.19422,3.30811,1.43521,3.69148,11.629,1.09599,3.03047,1.43862,1.66198,7.22706
2.78014,4.38385,2.35616,5.01957,14.5397,1.52725,4.07363,1.26259,3.4488,10.3123
3.22841,3.60079,1.68983,2.3307,10.8497,0.665631,0.583645,0.994322,1.61172,3.85532
3.29849,0.890191,1.28152,1.81437,7.28457,3.26123,0.679216,1.00022,1.15893,6.0996
5.80377,1.12062,1.30449,3.59553,11.8244,5.51335,0.00334096,1.22495,1.97868,8.72032
0.717474,1.19564,3.54186,3.67321,9.12818,0.166299,0.989779,0.960754,3.07212,5.18896
0.904511,2.5991,3.16229,4.86149,11.5274,0.819439,1.37746,3.12631,4.2166,9.53981
0.789901,3.76246,2.76939,2.72786,10.0496,0.650657,2.78482,1.97238,2.65721,8.06507
4.09737,2.39861,1.74796,6.62787,14.8718,4.14922,1.3189,0.912976,4.95664,11.3377
4.34308,2.72372,2.64041,2.29916,12.0064,3.89183,2.44367,2.31149,2.30856,10.9556
3.8578,3.88061,3.30377,3.34282,14.385,3.92435,3.89409,1.50861,3.0457,12.3727
2.48308,5.4627,1.42774,4.5499,13.9234,2.32887,4.92373,1.36831,2.29284,10.9138
8.43384,3.53033,4.36001,2.82155,19.1457,8.26586,3.45005,4.00591,2.1724,17.8942
3.0186,1.17741,3.40043,4.85927,12.4557,0.876043,0.608251,3.47583,4.86679,9.82692
1.44017,3.60793,1.63856,6.91272,13.5994,1.31071,2.15648,1.17686,5.79936,10.4434
6.6722,5.71655,1.13265,5.61902,19.1404,6.25768,4.77963,0.660777,5.64,17.3381
1.45672,1.69884,1.4031,5.06964,9.62829,0.719811,1.6327,1.37467,4.84396,8.57114
3.70484,1.07909,4.51912,4.27803,13.5811,3.58572,0.860004,4.51816,4.20251,13.1664
1.00777,0.786008,3.98673,1.75848,7.53898,0.990152,0.451268,3.66961,0.933743,6.04477
2.67631,4.54941,3.39714,3.6554,14.2783,1.52254,2.20586,3.2636,3.49193,10.4839
2.03608,2.55849,6.66412,4.60276,15.8615,0.898677,2.35927,4.67508,1.50856,9.44159
2.7457,1.0263,3.52953,2.22947,9.53101,2.58469,0.0450434,3.10791,0.544551,6.28219
2.2622,2.40536,0.227711,2.42843,7.32371,1.81852,0.000879841,0.434684,0.0520233,2.30611
2.01011,7.18192,3.53412,3.04255,15.7687,1.17291,1.49822,3.62995,1.18053,7.48162
7.46422,5.49583,14.5524,6.40282,33.9153,7.06816,5.3414,14.1717,5.86571,32.447
8.08898,2.05606,9.15027,7.94199,27.2373,7.95704,1.72029,8.34749,7.47534,25.5002
2.41885,3.18138,1.12089,1.77541,8.49653,0.980626,0.219865,0.060192,1.59818,2.85886
4.20962,4.2236,3.67894,0.690392,12.8026,0.649149,1.13952,3.39148,0.252202,5.43235
1.4817,2.28028,4.16839,0.585834,8.51621,0.978895,1.111,4.19124,0.685942,6.96707
4.63452,2.78842,3.82764,2.94897,14.1995,2.96807,2.95933,0.143582,1.14027,7.21125
2.27036,5.08529,5.51082,2.41202,15.2785,0.244028,0.783377,5.36577,2.2275,8.62068
4.65269,3.12895,2.83538,3.19802,13.815,4.10184,1.96968,2.82103,2.38879,11.2813
4.66906,4.6055,1.78376,3.21755,14.2759,4.39501,1.44871,1.33599,0.244052,7.42376
1.87845,3.39429,1.73364,1.37912,8.3855,0.607126,2.07268,1.80195,0.190999,4.67275
4.32257,4.82595,7.69507,6.34341,23.187,3.94576,4.19229,7.05124,5.37812,20.5674
2.43295,1.56407,2.42844,3.91361,10.3391,1.84403,1.11936,0.363612,3.70327,7.03027
1.1478,2.87189,4.1654,3.11045,11.2955,0.945182,2.46102,1.68767,2.74235,7.83622
210.248,135.716,229.978,264.721,840.664,5.8938,116.382,74.2167,223.558,420.051
1.19837,10.9665,4.71198,4.81564,21.6925,1.1357,10.754,3.30248,4.40643,19.5986
6.87677,5.5062,2.63269,2.45215,17.4678,3.98203,5.61591,1.32399,2.01278,12.9347
8.92208,5.03631,2.93674,6.64511,23.5402,8.47549,4.85596,0.230186,6.33809,19.8997
4.42326,2.58718,2.69822,2.40983,12.1185,3.33218,2.49344,2.11635,1.9975,9.93947
1.94626,3.68264,0.846823,1.5243,8.00003,0.647744,3.47434,0.0261946,0.842682,4.99096
5.49295,3.56888,5.58835,3.3292,17.9794,5.26652,2.84744,5.2278,2.24776,15.5895
1.67569,5.45227,4.03294,2.04881,13.2097,0.46686,5.15291,4.01859,1.9142,11.5526
3.26451,5.67665,9.51268,3.38332,21.8372,2.1778,4.60406,6.64067,1.33182,14.7544
5.53291,3.9719,7.67951,1.2205,18.4048,5.21446,2.37316,5.84782,0.964604,14.4
3.39322,5.8799,2.59916,4.62141,16.4937,1.45627,3.46778,2.39209,4.46882,11.785
502.172,393.086,286.78,303.52,1485.56,493.336,393.927,276.058,296.641,1459.96
4.59532,3.03468,4.54663,3.74993,15.9266,1.73231,3.04151,4.0258,3.40422,12.2038
2.36104,4.71011,6.49229,1.18394,14.7474,1.55525,4.50157,6.44875,1.0362,13.5418
0.712195,4.83856,5.35564,2.70929,13.6157,0.19562,4.01289,0.959485,2.67576,7.84375
2.82885,4.55157,3.98668,2.16451,13.5316,1.73535,2.54953,3.7606,2.20158,10.2471
6.02047,2.84872,4.25022,3.18601,16.3054,5.83877,2.7606,4.27119,2.54596,15.4165
3.73666,0.782767,5.8559,0.776944,11.1523,3.85817,0.375113,4.26689,0.169467,8.66964
3.08114,2.98534,2.42908,4.59221,13.0878,2.91629,0.893685,1.41956,3.31532,8.54485
4.88268,6.05863,2.65009,3.50451,17.0959,4.90456,5.80004,1.89386,2.02488,14.6233
2.58693,2.34657,2.92861,2.20892,10.071,2.49803,1.33492,2.82034,2.14695,8.80023
0.891278,2.45712,3.62039,3.19802,10.1668,0.821602,2.14982,0.982501,2.23292,6.18684
3.32369,1.63139,3.58586,3.06576,11.6067,1.92593,0.868719,3.03546,1.736,7.56612
4.2581,5.45964,4.90341,2.76056,17.3817,3.63363,4.87995,3.6807,0.10491,12.2992
3.74862,3.48748,1.5916,1.17459,10.0023,2.70318,2.51551,1.15859,0.359028,6.7363
0.5326,2.91227,3.5297,1.79134,8.76591,0.485911,0.532556,0.536071,1.40046,2.955
5.73717,4.11553,2.86873,4.73467,17.4561,4.22005,1.33487,2.25484,1.31263,9.12239
5.52881,4.19021,3.44099,6.87018,20.0302,1.33546,1.6525,2.55164,6.97068,12.5103
1.73471,0.704209,1.85727,1.39882,5.69501,1.51869,0.148937,1.14219,0.858414,3.66823
3.63615,3.32854,4.69135,3.68799,15.344,1.36526,2.64561,4.18447,1.74955,9.94488
3.79412,5.414,2.26061,2.31089,13.7796,2.83589,5.21412,1.61482,2.30567,11.9705
2.81269,4.60368,2.04779,3.17895,12.6431,2.93502,2.28446,2.14092,0.00891986,7.36932
2.35151,3.82767,2.7523,2.34331,11.2748,1.00122,3.7557,2.46521,2.21517,9.4373
7.24047,7.642,1.94848,2.73824,19.5692,5.59777,4.26722,2.0415,1.40609,13.3126
2.18221,3.55236,3.72211,5.04445,14.5011,1.24444,2.83401,2.24359,4.19009,10.5121
2.137,1.7117,0.767021,3.11847,7.73419,1.98977,0.511702,0.0402392,1.32062,3.86234
5.7872,1.41323,1.83944,0.635588,9.67547,5.3703,1.12227,0.844544,0.373395,7.71051
2.11401,2.36981,3.01999,5.6716,13.1754,1.86718,2.29562,1.50356,2.17619,7.84255
7.29631,2.42919,4.97889,1.13184,15.8362,7.10419,1.32972,3.4841,0.748139,12.6661
6.27303,2.90705,1.9275,1.04194,12.1495,6.07557,1.70966,1.02813,0.237789,9.05115
2.45498,2.98117,2.02675,2.28547,9.74838,2.26933,2.82243,0.934746,1.80713,7.83363
2.45512,2.87748,1.44682,2.17797,8.95738,1.47612,0.0742372,0.905611,1.8091,4.26507
2.35077,4.15661,3.6228,1.16469,11.2949,0.937997,3.60794,2.94192,1.0588,8.54665
4.3475,5.03995,1.33862,0.729895,11.456,4.1454,4.68611,0.614748,0.64035,10.0866
2.98989,2.98693,4.84969,3.27873,14.1052,1.29864,2.73437,4.67408,3.1498,11.8569
6.26821,3.42509,4.00837,3.31021,17.0119,5.23485,1.88796,3.47402,2.98152,13.5784
4.71296,5.30202,4.57497,7.29177,21.8817,3.67073,4.59001,4.13762,7.37564,19.774
2.66215,2.50782,2.7771,1.56815,9.51521,1.76902,2.44987,1.55467,1.468,7.24155
6.28233,2.78503,6.5795,6.55799,22.2048,5.89533,1.11155,6.02824,3.97177,17.0069
2.73401,0.698637,0.851773,3.87608,8.1605,1.78153,0.379426,0.462564,3.10831,5.73182
3.85354,3.54364,1.0652,4.49912,12.9615,2.23041,1.49182,0.65751,1.02635,5.40608
1.01763,4.54978,1.40808,5.63316,12.6086,0.366909,4.6172,0.594707,5.44728,11.0261
0.75603,2.77347,3.06422,3.61558,10.2093,0.70263,2.6954,1.67528,1.82862,6.90193
3.97417,5.34555,4.24315,2.45903,16.0219,3.11584,3.05693,1.51389,2.06844,9.7551
6.86245,3.14153,6.03788,0.889135,16.931,6.39666,0.400732,2.66076,0.250222,9.70837
4.03262,2.23669,1.53573,0.643307,8.44834,0.713265,1.83456,1.33864,0.634118,4.52058
5.14224,4.63814,3.04697,2.98201,15.8094,5.14823,3.7232,2.6434,1.83967,13.3545
5.72699,6.41912,5.27855,2.80822,20.2329,3.52903,5.41003,4.98796,2.6748,16.6018
4.58884,2.28557,2.93256,2.08563,11.8926,1.05284,2.53192,2.13479,1.73114,7.45069
3.60481,1.17588,3.00032,1.269,9.05001,3.07672,0.602475,2.67213,0.197109,6.54843
4.72083,4.22503,2.70001,1.23994,12.8858,4.33077,2.89227,1.61348,0.899973,9.73649
1.87793,1.75686,1.18399,1.63151,6.45029,1.45114,1.49589,0.516277,1.64926,5.11257
3.71116,2.19127,3.27506,2.36195,11.5394,3.09847,2.33272,1.18778,2.41039,9.02936
0.914856,2.44053,1.39057,2.24763,6.99358,0.29438,1.79824,1.3436,2.02813,5.46435
3.87189,5.12749,1.71513,1.04027,11.7548,0.654589,4.524,1.66902,0.201328,7.04894
4.17224,2.9338,1.13819,3.59329,11.8375,2.95801,0.386226,0.188523,1.63417,5.16693
3.70888,2.38695,1.14708,2.81382,10.0567,2.60289,2.09423,0.981918,2.61251,8.29155
3.01275,0.21609,2.80934,1.63951,7.67768,2.23953,0.195453,2.50201,1.44746,6.38445
6.02696,2.4398,2.62048,4.22358,15.3108,5.07645,2.51611,0.0876,0.991986,8.67215
0.898496,2.85264,1.29293,3.57806,8.62213,0.434743,1.33262,0.551739,1.19932,3.51843
3.08022,1.95999,1.16923,2.05909,8.26853,0.805368,1.99432,0.0554793,0.588987,3.44415
5.73424,3.21169,4.59306,6.325,19.864,4.75903,2.67061,4.42819,4.42486,16.2827
3.27231,3.3273,1.23202,3.0409,10.8725,3.10525,0.503471,0.981306,0.430818,5.02085
0.696127,3.5943,2.19544,1.54918,8.03504,0.0109049,3.45958,1.19992,0.0372924,4.7077
3.63278,1.41419,2.5469,2.5646,10.1585,0.0641839,0.25309,1.64834,2.12293,4.08855
1.94337,4.98276,3.69052,3.06956,13.6862,1.22627,4.47114,3.83247,1.01154,10.5414
1.83868,1.21526,4.23246,4.14554,11.4319,0.35023,1.35662,3.32676,1.00945,6.04305
0.459999,2.18523,2.78157,3.76784,9.19463,0.175122,0.513989,2.47596,1.82536,4.99043
8.15529,3.45583,4.14325,3.34262,19.097,8.20952,2.02804,3.64606,3.07157,16.9552
2.7888,3.55821,2.59134,1.03855,9.9769,0.347596,0.732993,1.61525,0.471267,3.1671
6.02339,2.52308,2.10183,4.16364,14.8119,5.88588,2.10763,2.11075,1.88149,11.9858
1.19016,5.87893,5.25524,3.04158,15.3659,0.399982,5.5546,5.15146,2.52114,13.6272
2.31194,2.61363,6.11646,3.11883,14.1609,1.93321,2.39715,4.91586,2.29738,11.5436
4.85904,2.87992,1.47241,3.05966,12.271,3.28497,0.321819,0.857424,2.62359,7.0878
2.28685,5.62982,4.14016,2.85744,14.9143,1.96684,4.70688,3.66424,0.960434,11.2984
5.47212,5.9635,4.50979,3.11846,19.0639,4.56339,4.70054,2.41582,0.229417,11.9092
2.67281,1.50057,4.04162,1.78418,9.99918,2.23135,0.614165,1.47852,0.0562348,4.38027
2.21834,6.5442,4.21834,3.12087,16.1017,1.64496,2.20344,4.23668,3.1927,11.2778
7.29055,2.3896,6.35319,8.10928,24.1426,5.30947,0.696312,5.84099,7.90257,19.7493
1.87835,2.73319,2.52491,2.1126,9.24905,0.1752,2.49113,2.10519,1.60166,6.37318
2.04916,2.21084,3.69373,2.44283,10.3966,1.06868,1.04852,3.73948,0.64772,6.5044
1.77085,4.73751,1.53237,1.66915,9.70988,1.05358,4.41627,0.0294529,0.367894,5.8672
2.09147,2.26037,2.84186,6.80175,13.9955,0.340577,0.32813,0.439088,1.68105,2.78885
6.02529,5.23595,3.43111,1.65816,16.3505,5.86524,5.03248,2.70287,1.04424,14.6448
3.28464,3.04411,1.80765,2.68306,10.8195,1.90459,2.15452,0.208022,1.70109,5.96822
5.58688,3.36926,4.58794,4.56228,18.1064,5.15885,1.36775,4.10044,2.31418,12.9412
1.99013,3.44767,3.11845,2.66365,11.2199,1.04523,1.1816,2.91186,1.85871,6.99739
1.99423,3.95422,7.23324,1.47175,14.6534,0.927979,3.60574,7.10488,0.943309,12.5819
3.17047,2.14751,1.40089,1.79354,8.51241,3.19451,1.2401,0.851463,0.223922,5.50999
2.14534,2.26545,4.73465,2.20252,11.348,1.66023,0.294415,4.63221,2.07014,8.657
3.57126,4.19682,2.7762,0.68212,11.2264,2.75761,1.50243,0.0830569,0.459201,4.8023
3.23319,1.58419,3.88248,4.66155,13.3614,2.9683,1.0195,3.97528,0.285105,8.24818
3.84865,6.97583,2.29302,5.62399,18.7415,1.21107,4.08675,1.73796,2.37267,9.40845
4.93095,1.16283,3.59078,6.39993,16.0845,1.86683,0.082351,1.34722,5.18053,8.47693
3.84485,2.46088,3.22797,2.63667,12.1704,3.59159,2.03759,3.07999,0.299817,9.00899
6.58158,0.593824,2.05577,5.21303,14.4442,5.73731,0.341112,1.08218,3.27239,10.433
5.99753,5.65177,2.97993,1.66067,16.2899,4.81097,4.04421,2.73249,1.49845,13.0861
6.08979,2.78938,0.74201,2.07654,11.6977,6.01918,2.75139,0.439924,1.98374,11.1942
6.14139,4.82728,3.10454,1.65709,15.7303,5.72182,4.89904,2.81964,0.982531,14.423
4.11523,2.53975,7.12507,1.06726,14.8473,3.29532,0.96057,5.64064,0.421084,10.3176
4.62135,3.07027,4.86949,1.60335,14.1645,2.57626,1.33624,2.69171,0.632349,7.23656
6.55328,3.89729,2.92058,2.55789,15.929,5.76124,0.321674,0.815168,2.18843,9.08651
4.64495,2.65141,4.50228,1.21802,13.0167,0.0837231,0.541762,2.28122,0.388643,3.29535
3.3302,1.77279,4.82078,3.05369,12.9775,3.15554,1.24856,3.74843,3.0477,11.2002
2.70065,4.67334,1.50941,1.87642,10.7598,1.58254,4.46823,1.42083,1.15855,8.63014
2.80967,2.37447,3.88362,4.52085,13.5886,2.76087,2.2497,3.51745,4.49144,13.0195
5.72109,6.67169,4.75068,7.27613,24.4196,4.68373,5.38345,4.83897,5.86452,20.7707
4.41125,4.38437,4.18208,3.50245,16.4801,4.50891,0.538342,1.97211,2.91395,9.93331
2.09662,3.07095,4.14191,5.23669,14.5462,2.15794,2.87877,3.84366,3.97535,12.8557
7.15256,7.80703,6.25198,8.87857,30.0901,6.79661,7.64981,6.33569,8.90841,29.6905
3.85056,1.93248,3.45589,3.85986,13.0988,3.54124,1.31291,0.968213,3.81851,9.64087
3.88894,4.8538,4.69763,4.6664,18.1068,3.61551,4.57562,4.91481,3.039,16.1449
2.50109,5.96097,3.67484,2.78661,14.9235,1.35078,4.30675,3.56698,0.956947,10.1815
3.48979,5.12822,5.90622,3.31462,17.8388,3.69477,1.65785,5.48789,3.16107,14.0016
1.19699,4.79213,2.30264,2.88912,11.1809,1.14478,4.50375,2.25866,0.301489,8.20867
3.85049,4.17625,5.60198,1.40838,15.0371,2.9678,3.95279,5.55103,1.49585,13.9675
2.88003,2.05276,3.5446,2.10288,10.5803,2.06224,0.100258,0.64109,2.02162,4.8252
4.04566,4.33716,4.28363,5.36019,18.0266,3.74493,3.73523,1.04896,5.08355,13.6127
4.65757,4.09311,4.99412,3.38899,17.1338,4.43502,2.64003,2.40989,1.83848,11.3234
3.46316,4.0953,0.865718,0.774633,9.19881,3.12425,3.18018,0.328796,0.4747,7.10792
6.28401,4.90066,5.7023,3.5814,20.4684,6.29991,4.54675,5.50385,3.41572,19.7662
8.43643,3.10538,3.87974,0.939282,16.3608,7.79316,2.96375,3.89394,0.507023,15.1579
7.21193,4.60912,4.77281,5.36038,21.9542,7.10904,4.50123,4.6196,5.21489,21.4447
3.59682,4.52258,4.19893,5.45125,17.7696,2.59836,2.69381,3.53022,2.46208,11.2845
0.218469,1.70369,1.42698,1.8101,5.15923,0.224578,1.69068,0.298182,1.4591,3.67254
2.35834,2.90859,3.06666,0.365208,8.69879,2.187,1.38504,1.54615,0.0754541,5.19364
0.935836,3.34407,2.67212,0.964202,7.91623,0.467033,2.82106,1.00811,0.545666,4.84187
5.70912,7.64708,8.56714,5.35221,27.2755,5.61895,7.42193,7.8705,4.84015,25.7515
5.3759,1.84478,3.96389,5.2305,16.4151,3.58974,1.60804,3.3327,0.302511,8.83299
0.870134,5.69939,2.15486,2.78815,11.5125,0.637076,5.06234,1.85223,2.5563,10.1079
3.38198,2.78469,3.82657,7.6495,17.6427,2.66386,2.48584,2.93788,7.39127,15.4789
8.752,7.34325,4.95507,5.2125,26.2628,7.9795,5.25514,4.99365,5.15792,23.3862
2.36091,2.28785,3.6762,3.5991,11.9241,0.656652,1.96922,0.816701,1.71414,5.15671
2.77587,6.04713,4.93876,4.63624,18.398,0.254483,5.76256,4.72091,4.70125,15.4392
2.88476,3.62079,2.73441,0.891112,10.1311,2.42708,3.17953,2.51125,0.235574,8.35343
4.13001,2.66859,1.58558,6.27703,14.6612,1.26595,2.82315,0.504067,4.53013,9.1233
4.51352,3.5164,7.0648,3.31965,18.4144,0.345941,0.613377,1.10956,1.90035,3.96922
2.80746,5.49901,1.57171,6.17214,16.0503,0.541198,0.734552,0.707721,4.79199,6.77546
3.22362,4.18463,5.02355,3.01867,15.4505,1.61957,2.96696,5.05761,2.69248,12.3366
1.25503,3.23653,1.9896,2.20982,8.69098,0.513503,2.37036,1.84013,1.93437,6.65836
2.75277,4.53231,3.4248,3.30141,14.0113,2.45374,2.90776,2.27444,2.16681,9.80275
3.25461,2.31915,5.08256,2.83047,13.4868,3.30512,2.2317,4.90021,2.62789,13.0649
4.85966,2.41207,4.23924,3.5539,15.0649,4.77894,2.18947,4.06411,2.62488,13.6574
12.189,2.47743,4.98317,3.26213,22.9117,10.5378,2.34727,5.1642,0.951913,19.0012
3.79772,1.98363,3.46629,4.81279,14.0604,3.26955,1.70663,2.5676,4.13655,11.6803
6.54251,0.81151,1.2923,5.10406,13.7504,6.62586,0.595434,0.507441,2.68615,10.4149
1.68461,2.45612,4.84498,7.43592,16.4216,1.35197,2.18508,4.54436,6.63693,14.7183
3.46233,1.68483,2.33281,2.02934,9.50931,3.09505,0.998621,2.24558,0.913337,7.25258
1.84991,6.44276,2.03892,3.30415,13.6357,1.89766,4.75706,1.58728,2.79926,11.0413
0.61307,3.07941,0.715755,2.56103,6.96926,0.394169,1.41315,0.0506591,2.39133,4.24931
1.51889,4.02241,1.09716,2.90327,9.54172,0.0263248,1.68112,0.750964,0.658178,3.11659
3.75192,4.23701,1.68796,4.24489,13.9218,0.465457,0.242999,0.514614,3.89156,5.11463
2.33059,5.54782,3.62073,2.41432,13.9135,1.98685,5.05946,0.247402,1.06075,8.35446
4.50571,2.3765,2.39331,4.04711,13.3226,3.01478,0.376784,0.199397,2.02145,5.61241
5.82347,4.00152,7.01237,3.23963,20.077,5.50754,3.62112,6.7461,1.9468,17.8216
0.950715,3.86416,3.16718,3.40911,11.3912,0.554862,3.63644,1.01632,3.06441,8.27204
8.17799,3.15409,3.10042,2.60392,17.0364,7.54451,3.09151,2.38798,0.0224673,13.0465
3.3541,7.71654,2.71162,1.95701,15.7393,1.80207,7.05552,2.79892,1.59598,13.2525
4.59308,7.01702,4.72447,9.50203,25.8366,4.58829,6.95562,4.38442,9.03079,24.9591
3.6801,1.76265,2.24538,1.34427,9.03241,3.39752,1.3253,1.17405,1.20296,7.09983
0.813814,4.31147,5.40437,3.80933,14.339,0.780229,4.1467,3.98983,3.4958,12.4126
10.4906,3.25786,11.1834,8.4918,33.4237,10.1754,0.204611,10.9119,7.1386,28.4306
