-0.181502,-1.57972,2.64477,0.920874,-0.0956205,-0.378124,0.0909522,0.937372,-0.0284437,0.379104,-0.00999638,0.925318,13.977,11.357
1.0048,-1.58547,3.34759,0.904417,0.113106,0.407541,-0.109132,0.935331,-0.0650964,-0.412455,0.0165069,0.910864,15.0449,10.5926
0.0498107,-1.22051,4.48442,0.979997,-0.101776,-0.171411,0.105526,0.936181,0.0167872,0.168733,-0.0334166,0.985057,17.8399,9.28785
-0.295315,-2.43747,3.70181,0.910764,0.135182,-0.384746,-0.151569,0.932056,0.026263,0.384104,0.030105,0.922649,25.525,20.3672
1.15754,-1.80286,4.14571,0.869046,0.138709,0.470425,-0.112976,0.930908,-0.112702,-0.481658,0.0455967,0.875213,17.2329,10.5026
0.107356,-0.719884,3.89794,0.983709,-0.119963,-0.133495,0.130868,0.93081,0.0725966,0.12325,-0.0843232,0.988387,13.7197,7.40143
1.11372,-0.979013,3.16452,0.886783,0.0739143,0.454391,-0.0952917,0.938606,0.000797327,-0.452256,-0.0382691,0.890802,13.3253,8.88105
-0.103478,-1.46237,2.63993,0.939837,-0.106565,-0.324617,0.107381,0.936,-0.0150659,0.324307,-0.0214088,0.945725,13.0757,10.3631
0.342823,-0.700343,3.23368,0.996166,-0.0889883,0.000522738,0.0869064,0.932606,0.108167,-0.00997969,-0.10118,0.994133,11.7809,7.25663
0.466503,-2.26092,4.32097,0.99626,-0.0679071,0.0568015,0.0676617,0.938732,-0.0440873,-0.0537452,0.0456056,0.997412,15.61,9.92075
0.614797,-1.97013,3.96356,0.985178,-0.0778901,0.153869,0.0782825,0.938809,-0.0100373,-0.152628,0.0219143,0.98804,12.8359,8.34454
0.326268,-0.847111,4.29096,0.997023,-0.0781153,-0.0134498,0.0767173,0.93642,0.0738721,0.00776442,-0.0701799,0.997177,15.4719,7.88233
-0.16436,-1.59679,3.63381,0.933933,-0.125713,-0.334202,0.119236,0.933865,-0.0431394,0.336975,-0.00157502,0.941514,15.8207,10.6513
-0.693472,-1.903,4.01205,0.796138,0.00874369,-0.604929,-0.0114621,0.942238,0.00971259,0.605007,-0.00454403,0.79622,26.2078,17.876
-0.287445,-0.571984,3.56437,0.912317,-0.179411,-0.365851,0.202035,0.921444,0.0114671,0.356173,-0.0816242,0.930603,12.377,6.85106
-0.63066,-0.964609,2.65812,0.774471,0.010392,-0.632392,0.0306264,0.939723,0.0637029,0.631868,-0.0687117,0.772025,18.1732,13.7319
0.950181,-1.53168,3.63939,0.925197,0.103905,0.361114,-0.106288,0.936502,-0.0484917,-0.364298,0.00873557,0.93126,16.0216,10.6017
-0.306078,-1.09121,4.44796,0.919057,-0.137753,-0.368545,0.140862,0.931667,-0.0238211,0.368092,-0.0304858,0.929305,18.8072,9.64305
-0.55925,-1.81107,3.74874,0.833343,0.0237029,-0.551879,-0.0216588,0.94193,0.0236637,0.552331,-0.0107537,0.833589,24.1815,17.1607
-0.111014,-1.70648,3.45043,0.944301,-0.1111,-0.309717,0.103486,0.935705,-0.0413599,0.312388,0.00477455,0.949929,15.467,11.04
0.746476,-1.35594,3.29848,0.967947,0.0690653,0.238071,-0.0836118,0.939507,0.00508285,-0.236828,-0.0215948,0.971234,15.1945,10.5785
1.12294,-1.94945,3.91347,0.885349,-0.0882805,0.456597,0.0826804,0.938054,0.030826,-0.457517,0.0130872,0.889139,8.3314,5.05172
0.376186,-0.798817,3.76688,0.997203,-0.0753617,0.0160053,0.071294,0.935612,0.0897041,-0.0224492,-0.0828225,0.99584,13.5092,7.65548
0.897641,-1.97675,3.8922,0.935139,-0.131207,0.328453,0.129059,0.933019,0.0332492,-0.329938,0.0130489,0.943935,8.59887,5.33474
-0.1209,-1.08221,2.71152,0.939932,-0.10655,-0.324349,0.120114,0.93442,0.0224248,0.319532,-0.0584447,0.945672,12.7711,9.34618
1.15897,-0.540694,3.91007,0.898761,0.102273,0.423167,-0.133223,0.934651,0.0143123,-0.417709,-0.0622686,0.905939,16.5917,9.04381
1.01061,-2.39179,4.16705,0.915,-0.154361,0.371434,0.159843,0.928812,0.0247344,-0.370439,0.0372852,0.92813,7.35873,4.37205
-0.689799,-1.20563,3.14048,0.765453,-0.00186433,-0.643482,0.0258893,0.941168,0.0362925,0.642971,-0.0459231,0.7646,20.4228,14.6986
-0.564709,-0.920596,3.89473,0.837976,-0.0746334,-0.540774,0.0876498,0.938062,0.000967077,0.538622,-0.0487689,0.841167,20.0384,11.5554
1.05183,-2.21037,2.89159,0.88838,-0.0612865,0.45531,0.0717904,0.939303,-0.0109474,-0.453462,0.0431685,0.890266,7.7802,6.13077
-0.432898,-2.46527,2.9194,0.863357,0.0189961,-0.503906,-0.0490685,0.940966,-0.0319143,0.502202,0.0461634,0.863169,19.9849,18.6176
0.799412,-2.26186,3.69663,0.955128,-0.12602,0.267521,0.133723,0.932901,-0.00648355,-0.264289,0.0415199,0.96353,9.16318,6.30348
-0.545489,-0.575973,3.99676,0.851575,-0.0781859,-0.518564,0.103893,0.936234,0.0231825,0.513835,-0.0725433,0.854724,19.3281,10.2542
-0.0790131,-1.69069,3.72337,0.954044,-0.105611,-0.280542,0.0996636,0.936348,-0.0344609,0.282608,0.00300591,0.959223,16.2853,10.9743
0.402782,-0.952381,4.04515,0.999286,0.0289699,0.00212912,-0.0377881,0.93962,0.0688808,0.000476408,-0.0646931,0.997623,18.4031,10.5064
1.12276,-1.71892,4.24569,0.88379,0.135684,0.443166,-0.117496,0.931711,-0.100234,-0.45289,0.0376089,0.890818,17.9382,10.5889
0.816476,-1.3627,2.9521,0.951674,0.08179,0.29257,-0.0957727,0.938546,-0.0061658,-0.291796,-0.0187176,0.956224,14.2915,10.5868
0.730401,-0.605068,2.60575,0.974509,0.100091,0.193822,-0.133119,0.930556,0.0941631,-0.180589,-0.109349,0.976507,14.7371,10.5556
0.934235,-2.40134,4.10164,0.933001,-0.142243,0.32958,0.150864,0.93047,0.00639428,-0.326725,0.0436128,0.944106,8.3294,5.18381
0.495018,-1.38174,4.46197,0.997486,0.0172412,0.0662176,-0.0268059,0.941868,0.022646,-0.0656049,-0.0222816,0.997548,19.2468,10.5288
0.0885805,-2.4518,3.81262,0.985209,0.0728712,-0.14921,-0.0926384,0.937625,-0.050088,0.14416,0.0588142,0.987536,21.1442,16.2811
1.14031,-2.44382,3.75508,0.879725,-0.0930379,0.466357,0.104626,0.936406,0.000338277,-0.463829,0.0489673,0.884596,7.47232,4.97709
-0.108987,-1.62955,3.14109,0.941947,-0.110955,-0.316852,0.105645,0.93573,-0.0343561,0.318708,-0.00291616,0.947852,14.4594,10.7979
1.1068,-1.54654,3.06712,0.875501,0.0722474,0.476091,-0.069401,0.939466,-0.0454248,-0.478206,0.00970469,0.878222,12.4129,9.05806
0.251614,-0.864295,4.3919,0.994756,-0.0888562,-0.0532291,0.0907742,0.935725,0.0661071,0.0471191,-0.0665838,0.996392,15.9583,7.95376
0.499196,-1.34427,2.83335,0.996028,0.0218384,0.0837893,-0.0332789,0.941342,0.0365789,-0.0825851,-0.0361703,0.995812,13.8459,10.5392
-0.0856398,-1.28165,2.53911,0.94434,-0.10784,-0.310821,0.115195,0.935221,0.00559091,0.308144,-0.0405108,0.950452,12.4706,9.72267
0.596148,-1.15191,4.24272,0.991258,0.0507066,0.117139,-0.0652865,0.940096,0.0356001,-0.114654,-0.0394599,0.992477,18.8897,10.5445
-0.559721,-1.25963,2.52619,0.799062,-0.0154477,-0.601155,0.0345958,0.941104,0.0282842,0.600253,-0.0446522,0.798632,17.2983,13.9309
0.191772,-1.59321,4.39367,0.993776,-0.0514774,-0.100683,0.0482692,0.940845,0.00364948,0.100391,-0.00841511,0.994912,18.6482,10.6818
0.522258,-1.12184,4.10545,0.995918,0.03893,0.0762755,-0.051849,0.940361,0.0458113,-0.0738819,-0.0459867,0.996034,18.3283,10.5322
-0.265272,-0.617875,2.56163,0.907866,-0.0996447,-0.407331,0.133381,0.931486,0.0560715,0.397477,-0.101556,0.911558,12.4021,8.6121
-0.276176,-0.622631,3.24844,0.910416,-0.172503,-0.374102,0.195932,0.922622,0.0139286,0.364354,-0.0831895,0.927283,11.8316,7.05004
-0.164749,-1.85285,4.38203,0.944848,0.097447,-0.308447,-0.102532,0.937201,0.0407034,0.311046,-0.00825556,0.95037,27.459,16.9029
0.0974537,-0.852691,3.46044,0.981668,-0.112448,-0.153904,0.123564,0.932255,0.0647387,0.14512,-0.0785171,0.985963,12.9817,7.87815
-0.530734,-0.645543,4.4381,0.761147,-0.213535,-0.609715,0.15253,0.917424,-0.163119,0.630388,0.0253954,0.775654,18.6921,8.82876
-0.0326129,-0.531909,3.07712,0.963257,-0.147039,-0.223292,0.171257,0.923973,0.0825466,0.206899,-0.112081,0.97125,11.0007,6.67085
-0.723232,-2.01586,2.98478,0.750656,-0.0269409,-0.660287,0.00747392,0.941851,-0.0265837,0.660651,0.00998403,0.750543,20.5577,17.6534
0.528492,-0.698786,2.84554,0.994533,0.0678834,0.0683188,-0.0859847,0.933984,0.10656,-0.0592594,-0.104762,0.991956,15.0793,10.5353
-0.533166,-1.74637,2.73637,0.814086,-0.0423395,-0.579427,0.0312159,0.941334,-0.0235567,0.579905,-0.00259461,0.814683,17.8696,14.9998
-0.389255,-2.44617,3.36397,0.884756,0.0790059,-0.457252,-0.0986042,0.938312,0.00540151,0.455504,0.0351971,0.889321,22.9936,19.669
-0.491997,-1.17936,3.37205,0.845917,-0.0647057,-0.529626,0.0729597,0.939273,-0.00138561,0.528301,-0.0385793,0.84823,18.2594,12.2847
-0.671576,-2.09913,3.74544,0.79686,-0.00424774,-0.604163,-0.0103371,0.942218,-0.011615,0.604075,0.0108208,0.796776,24.3027,18.1645
0.018848,-2.24814,2.55895,0.969505,0.0711113,-0.230837,-0.0913541,0.93853,-0.0287644,0.227409,0.044887,0.972567,17.2535,16.269
-0.52603,-0.638825,3.84457,0.852768,-0.0741669,-0.517217,0.0996141,0.936643,0.0245856,0.512702,-0.0714717,0.855501,18.821,10.4468
0.503346,-0.788672,2.98965,0.995997,0.0580619,0.0573505,-0.0738614,0.935845,0.0959346,-0.0503505,-0.0934511,0.993734,15.2859,10.5336
-0.18288,-1.05487,2.75422,0.926381,-0.0932161,-0.365086,0.108366,0.935746,0.0235607,0.360658,-0.0599936,0.930676,13.5247,9.83504
0.158338,-0.981714,3.67254,0.988368,-0.0959371,-0.118862,0.102185,0.935135,0.0569921,0.112639,-0.0650218,0.991274,13.976,8.35445
0.014513,-2.29781,3.15675,0.972057,0.0758043,-0.217909,-0.0960153,0.938121,-0.0297037,0.214213,0.0457484,0.975517,19.2782,16.5082
1.17199,-1.1425,2.95812,0.860859,0.0229379,0.507944,-0.0441348,0.941532,0.0153488,-0.506925,-0.0300241,0.861253,10.7008,7.46512
-0.0476652,-0.655446,3.94005,0.964583,-0.147585,-0.2171,0.164981,0.926921,0.0533353,0.20582,-0.0833434,0.974691,13.592,7.13214
-0.399695,-1.08501,2.87004,0.723247,-0.219502,-0.651962,0.124495,0.914631,-0.201263,0.679275,0.0563823,0.731053,13.8595,9.83329
1.10678,-2.2736,3.03546,0.731495,-0.221897,0.641689,0.125962,0.913781,0.205123,-0.670111,-0.0606271,0.739026,4.4275,-3.88295
0.692229,-2.20358,2.89195,0.969622,-0.102431,0.222333,0.109862,0.935575,-0.0233191,-0.218548,0.0459989,0.974692,9.16003,7.45277
-0.0458613,-1.35627,3.78308,0.961461,-0.111974,-0.251073,0.114814,0.935272,-0.00364874,0.24982,-0.0252663,0.967961,15.5983,9.75839
-0.578799,-2.40858,4.04719,0.843004,0.0488442,-0.534786,-0.0636601,0.940749,0.0076382,0.534128,0.0226992,0.844953,27.0173,19.9452
-0.0810713,-0.98049,4.08038,0.958716,-0.136249,-0.24873,0.146754,0.930954,0.0176096,0.243571,-0.0516709,0.968413,15.3722,8.36851
1.00219,-0.76495,2.61236,0.913866,0.123174,0.382201,-0.155428,0.931696,0.0175717,-0.375089,-0.0684096,0.923912,14.4646,10.4599
1.19504,-1.88911,2.58896,0.689825,-0.203552,0.692431,0.0831656,0.916549,0.214248,-0.719184,-0.0800931,0.688939,4.4594,-4.08352
-0.596911,-1.10621,4.38465,0.738904,-0.196978,-0.642278,0.119262,0.920419,-0.172896,0.663172,0.044014,0.746717,21.6045,11.3011
0.276004,-0.809269,3.18239,0.995064,-0.0896898,-0.0454495,0.0921081,0.933648,0.0921747,0.0369307,-0.0903694,0.994705,12.069,7.67605
0.394893,-1.33409,4.46342,0.999923,0.000132293,0.0102008,-0.00743194,0.941873,0.029984,-0.0099822,-0.0280123,0.999498,19.3088,10.5071
-0.495144,-1.75527,2.57242,0.824387,-0.0438745,-0.564565,0.0324848,0.941266,-0.0245123,0.565094,-0.00176135,0.825025,17.119,14.7887
0.532235,-1.4941,3.58874,0.994391,0.0195607,0.10208,-0.0294179,0.941943,0.0155073,-0.101594,-0.0164474,0.994655,15.6569,10.5506
1.10034,-0.562357,2.70591,0.893149,0.0565566,0.44487,-0.101535,0.936585,0.0561541,-0.438151,-0.0867156,0.893833,12.2571,8.39829
-2.21254e-05,-1.13385,2.78109,0.964067,-0.109322,-0.24217,0.119935,0.934257,0.0299245,0.237044,-0.0558764,0.969772,12.3198,8.9518
-0.739196,-1.40661,3.07562,0.744098,-0.00354522,-0.668068,0.0189276,0.941718,0.0234953,0.667802,-0.0326062,0.743729,20.7705,15.6604
-0.141736,-1.54543,2.93689,0.932636,-0.11341,-0.342421,0.109936,0.935379,-0.030594,0.343664,-0.0106201,0.939048,13.9375,10.642
0.63146,-0.815337,2.65605,0.985614,0.0750251,0.145216,-0.0992947,0.93498,0.0834725,-0.136771,-0.0899667,0.985873,14.4426,10.5533
0.412564,-2.38317,2.85599,0.997549,-0.0660152,0.0302629,0.0651199,0.937406,-0.0714595,-0.0256125,0.069438,0.996984,11.9432,10.4555
1.11057,-2.47278,2.89008,0.870858,-0.0898715,0.483333,0.106975,0.936116,-0.00881741,-0.479752,0.059329,0.875392,6.43945,5.08279
0.0102733,-1.08527,2.74453,0.965937,-0.109734,-0.234401,0.121506,0.933853,0.0367367,0.228477,-0.0615415,0.971446,12.108,8.77157
0.298721,-2.3478,2.93203,0.998806,0.0285462,-0.0315712,-0.0393373,0.939659,-0.0670356,0.0289761,0.0643129,0.997251,15.3163,13.5787
0.379376,-2.37696,4.14401,0.998356,-0.0602546,0.00637573,0.0572485,0.938626,-0.0600558,-0.0029325,0.0571025,0.998175,15.9558,10.8433
0.586353,-1.85652,4.41826,0.989741,-0.0656145,0.128356,0.0637791,0.93992,-0.00393428,-0.127846,0.0124673,0.99172,14.9873,8.68923
-0.0292334,-1.39901,3.29645,0.960825,-0.106201,-0.256117,0.108893,0.935942,-0.00260181,0.254868,-0.0253666,0.966642,14.2319,9.8981
0.98938,-1.14647,2.81594,0.910004,0.115834,0.393958,-0.13144,0.934734,-0.0213963,-0.393213,-0.027631,0.918879,14.3834,10.5429
0.0236358,-0.856411,4.20685,0.975514,-0.125147,-0.180304,0.135963,0.9317,0.0442598,0.172877,-0.0646816,0.982615,15.3355,7.93278
0.329631,-2.49075,3.13969,0.999061,0.0339994,-0.00462411,-0.0433036,0.938437,-0.0824481,0.00105307,0.0780403,0.996585,15.7516,13.7715
1.0102,-2.37414,2.76447,0.898963,-0.0798198,0.430926,0.0955211,0.937173,-0.0178797,-0.427482,0.0569679,0.90221,7.29334,5.9857
0.335269,-0.552954,2.61862,0.994785,-0.102628,0.00254413,0.100653,0.927919,0.137016,-0.0164775,-0.127841,0.990566,10.0599,6.6798
0.370546,-2.09992,2.80639,0.999472,-0.0367637,0.00545158,0.0322311,0.940718,-0.0421113,-0.0040951,0.0400956,0.999098,12.8468,10.9711
0.36132,-1.09119,3.52198,0.998699,-0.05462,-0.000704776,0.0509288,0.938895,0.0622154,-0.00246948,-0.0583211,0.998062,13.8532,8.75456
0.297136,-1.88498,3.2223,0.998968,-0.000843449,-0.0449988,-0.00685739,0.942154,-0.0166737,0.0448898,0.0159338,0.998848,15.4193,11.9567
1.05561,-2.43333,3.10962,0.890142,-0.108723,0.442387,0.121824,0.934446,4.73926e-05,-0.439097,0.0538541,0.896824,6.65586,5.03029
-0.26875,-1.57142,4.3356,0.921958,-0.127339,-0.365316,0.118299,0.933645,-0.0505467,0.36878,0.000987558,0.92951,19.3349,11.119
-0.484208,-1.52601,2.65348,0.830111,-0.0435141,-0.556145,0.0429326,0.941081,-0.00819015,0.555943,-0.0195517,0.831045,16.9929,13.9088
-0.455582,-2.11146,3.07342,0.853621,0.0279869,-0.519662,-0.0399735,0.941773,0.0031821,0.519358,0.013801,0.854366,20.8388,17.7517
0.975894,-2.04365,4.38718,0.926095,-0.135268,0.35147,0.132572,0.932425,0.0372467,-0.353231,0.013958,0.935458,8.8315,4.86598
-0.414063,-2.47717,3.33005,0.877533,0.0735038,-0.472055,-0.0944359,0.938676,0.0021563,0.470126,0.0373403,0.881566,22.8638,19.8057
0.915109,-1.19008,2.51633,0.92621,0.102662,0.358933,-0.120752,0.936139,-0.00737325,-0.357147,-0.0318239,0.933334,13.5995,10.5722
0.757009,-1.90977,4.4109,0.968308,-0.104475,0.226999,0.103978,0.936399,0.0128188,-0.227085,0.0122781,0.973811,12.0093,6.81723
1.00988,-1.6551,3.94604,0.912286,0.113721,0.389376,-0.107989,0.935102,-0.0703438,-0.39506,0.0236748,0.918389,16.8622,10.6101
0.469488,-0.749446,3.35755,0.997322,0.0554204,0.031976,-0.0686051,0.936051,0.097191,-0.0253556,-0.0929917,0.994752,16.4201,10.5226
0.962879,-1.07248,4.16752,0.936638,0.120469,0.323526,-0.136287,0.934236,-0.0166655,-0.322701,-0.0244814,0.946072,19.0287,10.5911
-0.488175,-1.30932,4.49521,0.869146,-0.142692,-0.472749,0.129966,0.931392,-0.0650123,0.477173,-0.00758017,0.878796,20.9167,11.0327
-0.025625,-0.650888,3.9501,0.968024,-0.143605,-0.204293,0.1604,0.927424,0.0578598,0.192878,-0.0846848,0.977198,13.6402,7.14289
-0.18507,-1.78928,2.77695,0.920774,-0.0936257,-0.378891,0.0809913,0.937577,-0.0470935,0.381596,0.00965563,0.924242,14.6408,12.0779
0.306505,-1.24176,4.13417,0.998231,-0.052257,-0.0344168,0.04982,0.940042,0.0394966,0.0324328,-0.0387359,0.998627,16.395,9.36249
0.312079,-0.954348,4.25705,0.997259,-0.0723707,-0.0244723,0.0712638,0.937489,0.063859,0.019901,-0.0615381,0.997659,15.7872,8.28459
0.816262,-1.69294,3.56061,0.954026,0.071221,0.288237,-0.0752183,0.9395,-0.0351665,-0.290131,0.0133289,0.956913,15.3451,10.5951
-0.743637,-0.94391,3.35116,0.749997,0.0194053,-0.66093,0.0227812,0.939888,0.0651099,0.661049,-0.0643729,0.747618,21.691,14.4496
-0.441586,-1.2956,4.2503,0.876514,-0.139368,-0.46006,0.130088,0.931846,-0.0569489,0.463465,-0.0121954,0.886059,19.3486,10.8051
-0.609054,-2.27626,2.50846,0.784031,-0.0366182,-0.619832,0.00112686,0.940966,-0.0520962,0.62072,0.0339306,0.783003,18.2655,17.7743
0.744498,-1.47406,4.32131,0.97435,0.0637251,0.212387,-0.0745098,0.94011,-0.00743674,-0.212344,-0.00644606,0.977157,18.5677,10.5773
1.07639,-1.44449,4.4585,0.907066,0.13239,0.394586,-0.129235,0.932818,-0.0707472,-0.400662,0.0152805,0.916131,19.5569,10.6118
0.772867,-2.4018,4.27527,0.964628,-0.130929,0.228034,0.140223,0.931857,-0.0189777,-0.223229,0.0490874,0.973468,10.5763,6.57385
-0.164452,-1.20378,4.14245,0.941403,-0.145889,-0.302998,0.149772,0.930491,-0.0180721,0.302208,-0.028488,0.95282,16.2678,9.09239
0.0501261,-0.619603,3.60185,0.976758,-0.132667,-0.167356,0.148722,0.927832,0.0792168,0.154354,-0.097138,0.982709,12.5437,7.03468
-0.448088,-1.3244,4.12278,0.871797,-0.133617,-0.47073,0.123852,0.932693,-0.0559868,0.473952,-0.0118509,0.880499,19.0773,11.0454
0.808203,-1.77705,3.93843,0.958828,0.0661457,0.273395,-0.068662,0.939754,-0.0393403,-0.27556,0.0199049,0.961097,16.4053,10.5956
-0.727131,-1.55769,4.25812,0.693888,-0.169699,-0.698479,0.0766726,0.925178,-0.170068,0.71599,0.0561853,0.695129,24.7989,14.5619
1.12533,-1.9724,3.16228,0.732153,-0.222329,0.640774,0.115425,0.912545,0.217513,-0.671289,-0.0757653,0.736272,4.48285,-3.69347
-0.0400639,-1.52308,3.32382,0.958686,-0.103339,-0.265205,0.102662,0.936504,-0.014794,0.265296,-0.0138029,0.964079,14.625,10.355
0.591352,-2.05772,4.38946,0.988554,-0.0789105,0.129817,0.0798634,0.938573,-0.0180245,-0.127996,0.0276438,0.991374,14.3628,8.59788
-0.374975,-2.20961,2.76479,0.873787,0.0583966,-0.481501,-0.0722721,0.940232,0.0101272,0.480908,0.0214977,0.876387,20.0758,18.3703
0.974025,-0.784694,3.04843,0.925696,0.125166,0.351717,-0.154765,0.93181,0.0163344,-0.345158,-0.0630359,0.935964,15.6753,10.5512
-0.410919,-1.17003,3.74228,0.876569,-0.124779,-0.464443,0.124358,0.933553,-0.0346883,0.464933,-0.0286185,0.884923,17.1639,10.5221
-0.36513,-1.71961,2.82736,0.87118,-0.0823284,-0.484209,0.0681009,0.938683,-0.0445241,0.486217,0.00248799,0.873819,16.0733,13.0648
-0.646262,-2.13098,4.44328,0.828476,0.0587117,-0.55585,-0.057803,0.940457,0.0363368,0.557033,-0.00155822,0.830488,30.599,19.597
0.470343,-0.883179,3.49035,0.997656,0.0460483,0.0395546,-0.0588769,0.937979,0.0804547,-0.0348654,-0.0773535,0.995973,16.5725,10.5249
-0.0573938,-1.06677,3.33829,0.957037,-0.124628,-0.261398,0.135723,0.932442,0.0213339,0.256241,-0.0541203,0.964995,13.435,8.68922
0.749416,-0.506347,4.29227,0.978954,0.11279,0.160145,-0.13962,0.931405,0.0734474,-0.148848,-0.0875981,0.984357,20.7953,10.547
-0.534425,-1.78512,4.31947,0.84761,-0.130257,-0.513893,0.100077,0.933028,-0.0898085,0.521097,0.0200436,0.85314,21.8246,13.1231
1.07737,-1.8551,4.49004,0.90682,-0.116514,0.404833,0.106589,0.935057,0.0492761,-0.407818,0.00146434,0.913062,8.91705,4.6445
0.72343,-1.25535,2.6584,0.969159,0.0683379,0.233351,-0.086651,0.939077,0.0216611,-0.230701,-0.0370765,0.972151,13.7229,10.5769
0.550618,-1.6102,2.59192,0.99106,0.0194058,0.130553,-0.0284798,0.942058,0.0057189,-0.13034,-0.00774321,0.991425,12.9043,10.5973
-0.799109,-1.7761,3.96281,0.752916,-0.0291044,-0.657624,0.0190824,0.941831,-0.0168444,0.65784,-0.00402428,0.753158,25.2673,16.848
0.935365,-1.35267,2.67903,0.919305,0.102917,0.3762,-0.113203,0.936565,-0.02843,-0.376914,-0.0127919,0.926102,13.7027,10.5792
0.467012,-1.81922,3.76111,0.997352,-0.0366064,0.0653643,0.0325334,0.941515,-0.00875485,-0.065048,0.0109035,0.997823,14.7086,9.98999
0.108885,-1.51432,3.98347,0.985144,-0.0741229,-0.156028,0.0732608,0.939245,0.00403553,0.155318,-0.0152989,0.987744,16.7071,10.3484
-0.376383,-1.77756,3.03489,0.736115,-0.233335,-0.631993,0.11083,0.907808,-0.240634,0.667721,0.0966886,0.736669,15.4053,12.0033
0.359588,-2.03946,4.16422,0.999994,-0.00335998,-0.000112595,-0.00342767,0.941851,-0.0300286,9.67076e-06,0.0285392,0.999549,18.1586,11.8588
0.431918,-1.34287,3.51734,0.999249,0.0088385,0.0351389,-0.0176013,0.941655,0.0353867,-0.0345326,-0.03343,0.998756,15.699,10.5359
0.732412,-1.79435,4.1091,0.973253,0.0479225,0.222396,-0.0524255,0.940908,-0.029132,-0.223674,0.0174413,0.974521,16.9343,10.5851
-0.189725,-2.30321,2.77506,0.924983,0.108949,-0.35983,-0.127915,0.935341,0.00794212,0.357833,0.0343184,0.932984,20.2272,18.728
-0.642075,-0.939474,2.68244,0.770611,0.0122654,-0.637035,0.0305696,0.939582,0.0660528,0.636572,-0.0703181,0.768,18.3072,13.7276
0.685639,-0.863578,2.95019,0.979544,0.0807781,0.178693,-0.105842,0.935593,0.0664403,-0.171144,-0.0777778,0.981659,15.131,10.5583
0.815471,-1.61516,4.31061,0.962247,0.0730383,0.258836,-0.0795917,0.93942,-0.0281516,-0.260281,0.0080636,0.965511,18.2389,10.5916
0.835241,-1.24353,2.8391,0.948131,0.0888789,0.301449,-0.106465,0.937611,0.0021245,-0.29952,-0.0299326,0.95348,14.2358,10.5842
0.685702,-1.22151,3.57167,0.979553,0.0636888,0.186925,-0.0803725,0.939467,0.024615,-0.184433,-0.035421,0.982066,16.2614,10.5656
-0.0260508,-1.59672,4.37498,0.969369,-0.0979417,-0.225597,0.0952851,0.937176,-0.0189757,0.226372,-0.004176,0.974036,18.6195,10.6707
0.862095,-2.16585,3.0214,0.936135,-0.115427,0.331942,0.121352,0.934494,0.00475866,-0.330037,0.0361633,0.943288,7.83234,5.99667
0.335032,-1.55958,3.3564,0.99959,-0.023712,-0.0221084,0.0185157,0.941873,0.0155188,0.02182,-0.0149022,0.999635,14.7639,10.5307
-0.370519,-0.817379,3.36295,0.753644,-0.233646,-0.610899,0.157891,0.911988,-0.189927,0.638037,0.0399712,0.768589,13.3021,8.13124
0.816038,-2.48216,3.83582,0.95398,-0.138557,0.264948,0.151182,0.930235,-0.0204724,-0.258971,0.0580872,0.964045,8.92983,6.11494
-0.339855,-1.47754,3.12234,0.88681,-0.0685952,-0.457328,0.0670133,0.939596,-0.0150748,0.45725,-0.0190763,0.88917,16.8551,12.4863
1.15844,-2.09522,4.1435,0.767303,-0.226874,0.596453,0.14198,0.912556,0.200212,-0.625371,-0.0606491,0.777277,4.6182,-3.09953
0.187752,-2.11686,3.62511,0.99339,0.0332539,-0.10672,-0.0458788,0.941096,-0.0316412,0.105217,0.0337804,0.993786,18.5561,13.9347
0.475627,-1.51459,3.83662,0.99781,0.00607064,0.0647703,-0.0144518,0.94215,0.0157638,-0.0645442,-0.0150343,0.997776,16.391,10.5342
-0.4949,-1.97305,4.38601,0.866047,0.102632,-0.486533,-0.0942786,0.93657,0.0671664,0.490993,-0.0146115,0.871076,30.4756,19.2491
0.99126,-0.820152,2.88618,0.918447,0.124386,0.370566,-0.153044,0.932125,0.0104371,-0.364736,-0.0598415,0.928748,15.1379,10.525
0.133168,-1.01156,3.15051,0.9849,-0.0974882,-0.143707,0.105653,0.934759,0.0571945,0.137144,-0.0680475,0.987966,12.6958,8.44626
-0.640075,-1.32133,2.85073,0.776352,-0.00446294,-0.630299,0.0233017,0.941439,0.0300567,0.629868,-0.0397866,0.775771,19.185,14.8285
0.263083,-2.44763,2.79891,0.997399,0.0408592,-0.0515826,-0.0542525,0.938394,-0.0772911,0.0474605,0.0752068,0.995673,15.4638,14.3146
-0.527336,-2.21033,3.9859,0.854052,0.0567786,-0.515938,-0.0641884,0.940521,0.0220748,0.516213,0.010249,0.856341,26.52,19.1482
1.04076,-0.797516,2.71395,0.903253,0.124867,0.406064,-0.153828,0.932056,0.00460594,-0.400588,-0.0599155,0.913833,14.5711,10.382
0.805471,-2.39537,3.40342,0.952375,-0.12858,0.275889,0.140482,0.931821,-0.0189649,-0.27064,0.0555565,0.961003,8.48296,6.28911
1.0724,-1.89262,4.18063,0.902182,-0.110266,0.416877,0.101788,0.935799,0.043919,-0.419175,0.0056311,0.907901,8.51208,4.81656
0.552112,-1.38496,3.96996,0.9937,0.0293008,0.105429,-0.0405305,0.94154,0.0218063,-0.104488,-0.0235131,0.994188,17.2114,10.5462
-0.376311,-2.28852,3.67222,0.890293,0.0926711,-0.443192,-0.10388,0.937535,0.0261787,0.443382,0.0187177,0.896044,24.7852,19.3787
-0.584325,-0.965846,4.289,0.842727,-0.0906936,-0.530727,0.096231,0.937128,-0.0163803,0.52967,-0.0383992,0.847384,21.7472,11.51
0.240735,-0.816165,3.81783,0.993709,-0.0941819,-0.0624159,0.0977827,0.934186,0.07874,0.0546001,-0.0795949,0.994939,13.7809,7.738
0.816529,-1.00324,3.91987,0.963655,0.0971292,0.243561,-0.118281,0.936234,0.0206178,-0.239537,-0.044052,0.969666,18.0565,10.5732
-0.497178,-1.3237,3.491,0.846031,-0.0717796,-0.528502,0.072198,0.939195,-0.016747,0.528223,-0.0258761,0.848767,18.8169,12.658
1.05252,-0.534162,3.67963,0.919968,0.147775,0.356419,-0.180293,0.927907,0.0151148,-0.348071,-0.071131,0.934204,18.2457,10.5297
0.434721,-1.18683,3.3382,0.999088,0.0196557,0.0323686,-0.0295135,0.940762,0.0525273,-0.0308476,-0.0499027,0.998095,15.4685,10.53
1.08162,-1.33985,2.55994,0.878522,0.056588,0.47311,-0.066762,0.940489,-0.0153618,-0.473013,-0.0137144,0.880869,11.3146,8.76619
-0.424924,-1.66364,3.18915,0.860496,-0.0755868,-0.504044,0.0633433,0.939251,-0.0384113,0.505504,-0.00205952,0.862823,17.6881,13.3634
0.987072,-1.3729,3.61486,0.917451,0.114722,0.376673,-0.120254,0.935278,-0.0442964,-0.37924,-0.00166337,0.925287,16.2913,10.5958
-0.278626,-1.68957,4.10968,0.914207,-0.128406,-0.383905,0.114798,0.933452,-0.0618016,0.388649,0.00937512,0.921302,18.5477,11.4821
-0.558468,-1.22395,2.73748,0.804899,-0.0149589,-0.593326,0.0350647,0.941023,0.0305739,0.592375,-0.046498,0.804381,17.9087,13.8304
1.14581,-2.32345,3.98903,0.878309,-0.129386,0.459713,0.130383,0.932826,0.0338874,-0.459972,0.0316803,0.887421,6.71057,4.03464
0.300034,-2.34336,4.22709,0.99896,0.0286504,-0.026068,-0.0387856,0.940373,-0.0549744,0.023953,0.0527853,0.998147,19.9427,13.5915
0.491473,-1.38094,3.15596,0.99669,0.0177426,0.0770993,-0.0282578,0.941624,0.0312443,-0.0762254,-0.0306503,0.996534,14.5861,10.5316
-0.0691001,-1.99832,2.93517,0.951896,0.0789814,-0.292735,-0.0910142,0.938889,0.0120701,0.292591,0.0125845,0.956118,19.2292,16.3351
0.9606,-2.11138,2.83831,0.910051,-0.100675,0.402107,0.104149,0.936378,0.0130507,-0.401198,0.0311369,0.9155,7.31136,5.67526
1.10365,-0.619643,3.40663,0.902838,0.0882014,0.418236,-0.12217,0.935674,0.0269575,-0.412259,-0.0681415,0.907938,14.8081,9.03999
0.697529,-2.05671,4.11846,0.975118,-0.099328,0.198531,0.101879,0.936673,-0.00610451,-0.196892,0.0262039,0.980076,11.8715,7.43469
0.7608,-1.66408,3.32977,0.963267,0.0603625,0.259065,-0.0667541,0.940324,-0.0241186,-0.260118,0.00754559,0.965559,14.6905,10.5892
-0.35312,-2.11754,4.17533,0.895877,0.140597,-0.416172,-0.14033,0.931732,0.0672083,0.42156,-0.00426049,0.906799,29.1705,19.8438
0.776045,-1.21319,4.46366,0.972333,0.0814177,0.214224,-0.0967958,0.938461,0.00657347,-0.212602,-0.0239223,0.976762,19.898,10.5739
0.55734,-2.04739,3.32039,0.989457,-0.0701712,0.128089,0.0712105,0.939129,-0.0239274,-0.126109,0.0319759,0.991474,11.8513,8.94361
1.11945,-1.8166,2.98539,0.86588,0.0697911,0.493815,-0.0545757,0.939167,-0.0657026,-0.497267,0.0316994,0.867081,11.7197,8.9824
0.596585,-1.03227,4.29737,0.991508,0.0576125,0.110823,-0.073413,0.939258,0.0450854,-0.107343,-0.0488382,0.992817,19.4246,10.5406
-0.4629,-1.63857,3.3264,0.726996,-0.219966,-0.647615,0.107951,0.912685,-0.220399,0.678103,0.0808149,0.729397,16.849,12.1519
-0.777175,-2.47307,3.25992,-0.70123,-0.263564,-0.653733,-0.444411,0.842892,0.0888388,0.557473,0.328597,-0.751492,43.5991,-35.1599
1.10677,-1.63653,3.43062,0.873123,0.127736,0.466499,-0.112224,0.933164,-0.0902169,-0.474408,0.0282332,0.879909,15.0687,10.4572
-0.430618,-1.54662,3.19725,0.727246,-0.220599,-0.647097,0.109407,0.912631,-0.219886,0.677601,0.0796837,0.730011,16.162,11.756
0.908735,-1.84478,3.01343,0.924959,-0.0951806,0.368095,0.0901079,0.937434,0.0295257,-0.369231,0.0081794,0.929319,8.17329,6.00854
-0.201083,-0.585906,2.63927,0.924193,-0.162479,-0.34402,0.192498,0.922437,0.0444494,0.329866,-0.103052,0.937909,10.3629,6.83209
-0.222743,-1.48532,3.15582,0.917397,-0.100603,-0.385138,0.09781,0.936778,-0.0259852,0.385766,-0.0153492,0.922493,15.3182,11.181
-0.258709,-2.27453,4.03049,0.92244,0.12752,-0.359131,-0.139779,0.933459,0.0319443,0.359953,0.0173919,0.93274,26.9375,19.4231
-0.107825,-2.01999,3.31615,0.946828,0.0882838,-0.305677,-0.0997116,0.93808,0.0178814,0.305899,0.0109839,0.951967,21.1667,16.8432
0.552657,-1.67484,4.1756,0.993674,0.0125225,0.110473,-0.0200368,0.942205,-0.00266537,-0.110505,0.00138058,0.993876,17.3185,10.5394
0.515613,-1.51085,3.42919,0.995316,0.01474,0.0940021,-0.024163,0.942037,0.01576,-0.0936072,-0.0160611,0.995447,15.109,10.5353
-0.0705414,-1.81092,3.94894,0.958991,0.0746597,-0.270071,-0.0816856,0.939312,0.0272297,0.27141,-0.00537125,0.962455,23.326,15.7057
0.414955,-1.41081,4.39092,0.999711,-0.000789269,0.0232587,-0.00669713,0.942031,0.0236919,-0.023106,-0.0220681,0.999449,18.7931,10.514
-0.344331,-1.80646,3.00201,0.875733,0.0996824,-0.469618,-0.0902434,0.936795,0.0687416,0.474288,-0.0197003,0.88019,21.7776,17.8476
0.917451,-1.22502,3.62762,0.937678,0.10595,0.326525,-0.120076,0.936104,-0.0166677,-0.326099,-0.0198386,0.945041,16.5944,10.59
0.922239,-1.85518,3.27739,0.924246,-0.103252,0.367583,0.0978027,0.936586,0.0333661,-0.369059,0.00747537,0.929392,8.25267,5.75311
0.264188,-0.551082,3.82913,0.993273,-0.109986,-0.0368791,0.113157,0.929977,0.107716,0.0246021,-0.104666,0.993497,12.7653,6.75162
1.10055,-1.74419,3.40445,0.872481,0.126226,0.468182,-0.106552,0.933092,-0.0972079,-0.47689,0.0362662,0.878269,14.8087,10.4801
-0.285863,-1.6822,2.63194,0.890161,-0.101679,-0.444182,0.0889538,0.936787,-0.0492153,0.446879,0.00132411,0.894584,14.5165,12.0518
0.91856,-2.4743,3.65069,0.932463,-0.130856,0.336112,0.1438,0.931485,-0.00901288,-0.331411,0.0558748,0.941779,7.94976,5.55419
0.298763,-1.77832,3.26704,0.998927,-0.0158965,-0.0452585,0.00958945,0.942138,-0.00651365,0.0453198,0.00566744,0.998954,15.0269,11.3448
0.0445153,-2.11043,3.8914,0.978923,0.0634847,-0.190245,-0.0783256,0.939793,-0.0138872,0.188611,0.0258476,0.981638,21.7441,15.5328
-0.135462,-1.10302,3.72986,0.943833,-0.142182,-0.297289,0.150528,0.930537,-0.00168231,0.294144,-0.0423754,0.954786,14.5377,8.72518
0.659676,-1.41855,3.34873,0.981055,0.0494603,0.184431,-0.0624465,0.940781,0.0112821,-0.183391,-0.0198333,0.982781,15.1633,10.5699
-0.680869,-2.08914,2.51989,-0.706412,-0.28125,-0.639546,-0.482217,0.820739,0.121231,0.518121,0.36769,-0.759134,29.475,-25.939
0.391542,-1.59084,4.42689,0.999846,-0.0173525,0.0132821,0.0113113,0.942097,0.00886954,-0.0133821,-0.00788229,0.999872,18.5068,10.522
0.208894,-2.00832,4.2655,0.995524,0.0247698,-0.0884577,-0.0352695,0.941697,-0.0211281,0.08768,0.0224245,0.995856,20.8964,13.3746
0.737252,-1.92604,2.63354,0.959406,-0.0967737,0.265165,0.0973216,0.937121,0.00842329,-0.264706,0.018681,0.964166,8.63506,7.02141
0.378112,-2.38681,3.76387,0.998337,-0.0606011,0.00599081,0.0576039,0.93832,-0.064838,-0.0022507,0.0615768,0.997878,14.6701,10.8485
0.39115,-0.614537,3.4816,0.997684,0.0538123,-0.0227955,-0.0610657,0.934677,0.114985,0.029971,-0.106739,0.993106,17.0582,10.5043
0.926413,-1.41731,3.90028,0.93639,0.102473,0.331512,-0.109957,0.9367,-0.034634,-0.333292,-0.00136305,0.942815,17.1501,10.5979
0.0550031,-1.37689,3.86313,0.977842,-0.0921251,-0.188586,0.0942895,0.93741,0.00914635,0.186906,-0.0261739,0.982014,15.8859,9.83128
-0.326082,-0.769764,2.96861,0.893789,-0.105581,-0.435858,0.12954,0.933176,0.0252785,0.429373,-0.0770995,0.899661,13.8622,9.22003
0.375448,-1.55357,3.09209,0.999954,-0.0146032,0.00440806,0.00843021,0.94204,0.017319,-0.00455459,-0.0160092,0.99984,14.1028,10.5713
0.717307,-2.48412,3.65358,0.969704,-0.123456,0.210296,0.135513,0.931921,-0.0397472,-0.203248,0.0647479,0.976829,9.82634,7.15198
-0.612695,-0.698396,3.2458,0.798924,0.0115535,-0.601162,0.0371154,0.938433,0.0791575,0.600285,-0.0843745,0.795197,19.7077,12.8123
0.217495,-1.74525,3.60509,0.994829,-0.0369117,-0.0963221,0.0317535,0.941563,-0.00609113,0.0964678,0.00243534,0.995332,15.9773,11.2089
-0.575183,-1.08956,3.35093,0.816108,-0.0150179,-0.577811,0.038164,0.94071,0.0364786,0.576637,-0.05243,0.815355,20.0108,13.501
-0.532167,-1.52964,4.11342,0.742471,-0.209826,-0.633645,0.11397,0.916121,-0.200209,0.660112,0.0678537,0.747269,20.3993,12.2398
-0.317437,-1.46424,3.05378,0.891719,-0.077189,-0.446236,0.0755419,0.938921,-0.0178783,0.44624,-0.0194627,0.894737,16.2353,12.1221
0.499258,-0.641892,2.91886,0.995847,0.0678463,0.0453387,-0.0837113,0.93327,0.11495,-0.0358021,-0.110962,0.992336,15.3659,10.5293
0.248831,-2.068,3.80617,0.997289,0.0199602,-0.067978,-0.0302979,0.94159,-0.0304252,0.0670581,0.0303333,0.997223,18.3775,13.1366
-0.655524,-0.940103,2.9277,0.772803,0.00548383,-0.634544,0.0336441,0.93989,0.0588793,0.633754,-0.0669782,0.770641,19.0662,13.6662
-0.0342134,-1.0128,3.8066,0.964606,-0.125309,-0.231547,0.135804,0.932326,0.0260294,0.226038,-0.0545396,0.972476,14.5824,8.49445
0.729562,-0.706434,3.02802,0.975151,0.0956096,0.1933,-0.124857,0.932991,0.075949,-0.183005,-0.0910829,0.978196,15.661,10.5569
0.40921,-0.909563,2.67724,0.99899,0.0355068,0.00490201,-0.0449277,0.937592,0.0924741,-0.000745617,-0.0870067,0.995703,14.227,10.5287
0.385124,-2.12621,3.83826,0.999211,-0.0418191,0.0133786,0.0378962,0.940609,-0.0390979,-0.0118966,0.0376117,0.999146,15.4194,10.8272
1.13479,-1.10888,2.57892,0.866429,0.0472618,0.496139,-0.0681082,0.940511,0.00615839,-0.494632,-0.0333974,0.868221,11.0635,8.25499
-0.429395,-1.00045,3.27536,0.864571,-0.100776,-0.492301,0.111844,0.935593,-0.00700091,0.489905,-0.0491937,0.870397,16.018,10.5277
0.568567,-1.78551,3.00587,0.98967,0.0140001,0.14171,-0.0200284,0.94212,-0.013498,-0.141962,0.0110899,0.989816,13.5412,10.6008
-0.372585,-0.934196,3.25422,0.745853,-0.229505,-0.622068,0.14607,0.912645,-0.19614,0.649897,0.0481297,0.757998,13.7118,8.77916
-0.701129,-2.20626,3.97073,0.795045,-0.000575949,-0.606529,-0.0162555,0.942168,-0.0128936,0.606333,0.015149,0.794957,25.9266,18.8083
0.848254,-1.02789,3.85933,0.957281,0.101362,0.265655,-0.122004,0.935954,0.0130188,-0.262161,-0.0403204,0.96398,17.7924,10.5776
0.952866,-1.48834,3.30766,0.920318,0.104956,0.373036,-0.108536,0.936417,-0.04562,-0.375812,0.00411284,0.926695,15.0951,10.5968
-0.38269,-0.840993,4.11858,0.895634,-0.145769,-0.419331,0.155036,0.929688,-0.0182582,0.416898,-0.0483744,0.90765,16.9183,8.94333
0.708087,-2.19204,3.77632,0.971538,-0.107501,0.211165,0.113234,0.935336,-0.0159351,-0.208069,0.0387277,0.977321,10.6483,7.28963
-0.184564,-1.76074,3.39245,0.925551,-0.121141,-0.358429,0.108493,0.9344,-0.05764,0.362746,0.0114645,0.931776,15.5623,11.339
-0.0944479,-1.37809,3.72915,0.951559,-0.120069,-0.282786,0.121844,0.934352,-0.0136078,0.282295,-0.0218909,0.959087,15.5065,9.84025
0.919078,-1.75987,3.43865,0.927575,0.0920202,0.358856,-0.0883364,0.937448,-0.0599609,-0.363044,0.0251566,0.931465,14.9216,10.606
0.801674,-1.78297,3.31042,0.954021,0.0654206,0.289937,-0.0671252,0.939798,-0.0405298,-0.292126,0.0202535,0.956187,14.4331,10.597
-0.570842,-2.15169,4.43774,0.852092,0.0709286,-0.51703,-0.0714945,0.939616,0.0390225,0.518487,0.000292631,0.855078,30.3349,19.5121
0.415437,-2.44335,3.5341,0.997235,-0.0713863,0.0280886,0.0706395,0.937044,-0.0710317,-0.0230607,0.0690107,0.997078,13.4064,10.4256
0.597927,-2.02693,3.60209,0.985848,-0.0773201,0.14983,0.0786545,0.938684,-0.0172322,-0.148047,0.0283287,0.988562,12.0189,8.50994
0.376791,-1.27214,3.76258,0.999947,0.00300407,-0.00142167,-0.0101115,0.941471,0.0418172,0.00184605,-0.0391554,0.999124,16.6396,10.5322
0.731253,-1.15616,4.07813,0.976362,0.0754319,0.197933,-0.0926408,0.938635,0.0202773,-0.19528,-0.0344072,0.980006,18.2796,10.5669
0.280196,-1.61851,3.6681,0.9981,-0.0310819,-0.0558656,0.0264634,0.941736,0.0076886,0.0556445,-0.00874676,0.998409,15.8795,10.7556
0.503932,-2.30887,2.65606,0.99269,-0.0760952,0.095468,0.0796353,0.937123,-0.0583671,-0.0906916,0.0625992,0.99372,10.6845,9.46886
-0.643298,-2.00866,3.91232,0.811812,0.00949533,-0.583702,-0.0169394,0.942237,0.003684,0.583673,0.00285167,0.81196,25.3645,17.9934
-0.490927,-1.23203,4.18233,0.756142,-0.217796,-0.614256,0.133719,0.915075,-0.192579,0.6406,0.0557812,0.765247,19.1142,10.6808
-0.566337,-2.03264,3.31964,0.821086,-0.00576935,-0.570805,-0.00819119,0.942216,-0.0121929,0.570746,0.0102795,0.820995,21.5084,17.285
0.697772,-1.86996,3.08237,0.969603,-0.0887135,0.22853,0.0879291,0.938009,0.00801341,-0.228338,0.0133551,0.973504,9.86667,7.42848
1.14382,-0.622455,3.42932,0.891761,0.0814415,0.442942,-0.115004,0.936504,0.0240329,-0.43765,-0.0650912,0.896228,14.4219,8.74257
0.818011,-1.10421,2.58631,0.951958,0.0900538,0.288689,-0.113004,0.936769,0.0211288,-0.284617,-0.0475832,0.95719,13.8688,10.5786
-0.461297,-1.51253,3.85133,0.860457,-0.121949,-0.494386,0.106278,0.934363,-0.0624782,0.498316,-0.0019242,0.866994,18.7777,11.9728
-0.461464,-1.14686,3.1944,0.852053,-0.0615907,-0.520089,0.0729534,0.93926,0.00585821,0.518347,-0.0436613,0.854092,17.4567,12.0883
0.966933,-1.78047,3.7009,0.918353,0.101933,0.378836,-0.0946885,0.936278,-0.0705901,-0.384267,0.0300405,0.922768,15.7186,10.6104
-0.667107,-1.83545,2.68509,0.763057,-0.020241,-0.646134,0.0108853,0.94207,-0.0118713,0.64624,-0.0021629,0.763132,19.1522,16.7938
-0.448411,-1.88596,3.16306,0.854786,0.0357606,-0.517106,-0.0366406,0.941597,0.0245585,0.517685,-0.0051287,0.855569,21.2279,17.1125
-0.24392,-0.7959,2.56078,0.909467,-0.136713,-0.391985,0.160139,0.928814,0.0225415,0.383701,-0.0807683,0.919695,11.5871,8.18333
0.949462,-0.92575,3.30909,0.931595,0.119244,0.338302,-0.143171,0.933491,0.00524055,-0.334116,-0.0478079,0.941023,16.188,10.5758
0.31766,-1.23869,4.10242,0.998521,-0.0504076,-0.0281429,0.0476264,0.94012,0.0404893,0.0262048,-0.039287,0.998784,16.2626,9.3501
0.931302,-2.05379,4.15541,0.932044,-0.134107,0.335896,0.133106,0.932543,0.0314299,-0.337011,0.0169757,0.941375,8.75304,5.14445
-0.757172,-1.73596,2.69364,0.726741,-0.0176763,-0.686779,0.0139389,0.94207,-0.0049052,0.68677,-0.0100082,0.72685,19.6107,16.7078
0.64195,-1.65055,3.49149,0.983012,0.0349509,0.17821,-0.0432521,0.94164,-0.00762851,-0.178373,0.00121844,0.983963,15.1063,10.5727
-0.0548965,-1.74736,2.71728,0.950573,-0.0961944,-0.295493,0.0888425,0.937352,-0.035456,0.29752,0.00529401,0.954687,13.5939,11.1998
1.15937,-2.12761,4.17084,0.768513,-0.227228,0.594748,0.143991,0.912592,0.198516,-0.623422,-0.0587624,0.779016,4.60874,-3.08498
0.721502,-0.667853,2.78331,0.975757,0.0959749,0.189997,-0.126643,0.932067,0.0853638,-0.178495,-0.0997433,0.978067,15.0682,10.5561
-0.242819,-0.951091,2.73689,0.91162,-0.0985255,-0.399161,0.11739,0.934707,0.0241422,0.393916,-0.0672612,0.916563,13.4313,9.62401
-0.0946295,-1.64474,3.20051,0.945763,-0.108714,-0.306138,0.103399,0.935995,-0.0334747,0.307962,-0.00179209,0.951399,14.6165,10.8264
0.601471,-2.12119,2.50712,0.982278,-0.0817556,0.169528,0.0861071,0.937786,-0.0293253,-0.166481,0.0422347,0.985089,9.65949,8.43277
-0.185454,-2.41688,4.37343,0.946097,0.121614,-0.29406,-0.140459,0.933839,0.00517091,0.291843,0.0326198,0.955773,28.1418,19.1702
-0.309195,-1.81168,2.52756,0.875773,0.113083,-0.46592,-0.102786,0.935263,0.0755635,0.471654,-0.0201224,0.881594,20.2406,18.0296
1.17392,-0.727736,4.22097,0.895827,0.111721,0.426543,-0.132008,0.934812,-0.0125694,-0.424344,-0.0394299,0.90438,17.8192,9.2752
0.751817,-2.38414,3.85919,0.965184,-0.124844,0.229332,0.134789,0.932503,-0.0238778,-0.22417,0.0525573,0.973055,9.94263,6.79384
0.661465,-0.900108,3.98538,0.98539,0.0762699,0.14594,-0.0964362,0.937181,0.0532183,-0.14038,-0.0615085,0.987861,18.4414,10.5494
0.86325,-1.69018,3.81717,0.946766,0.0813348,0.30824,-0.0837292,0.938635,-0.0427418,-0.310844,0.0160914,0.950348,16.2149,10.5997
0.198965,-0.645091,2.67643,0.989723,-0.110784,-0.0906098,0.120501,0.92867,0.11192,0.0769946,-0.114928,0.989578,10.5379,7.06711
0.629506,-2.12851,3.33556,0.980957,-0.0887463,0.173462,0.0927725,0.93733,-0.0232681,-0.170634,0.0380353,0.984566,10.8298,8.14247
-0.37041,-1.61197,4.03564,0.883547,-0.160175,-0.438803,0.140103,0.928513,-0.0858823,0.446896,0.0108462,0.89447,17.7137,10.9321
0.168251,-0.528265,3.35293,0.987671,-0.123229,-0.0957448,0.134143,0.92714,0.109838,0.0806916,-0.114613,0.989327,11.5312,6.66698
-0.34583,-1.04015,2.88801,0.883525,-0.0685976,-0.463638,0.0858028,0.93803,0.0206309,0.460457,-0.0574775,0.885784,15.4119,11.0416
-0.449829,-2.18847,3.61219,0.866189,0.0798279,-0.491379,-0.0854647,0.938857,0.0335584,0.492354,0.00915019,0.870299,24.6628,19.2048
1.14514,-1.22831,2.97959,0.86821,0.062195,0.490952,-0.0736042,0.940071,-0.0159699,-0.490707,-0.0175396,0.87104,12.0846,8.56232
-0.368114,-0.563166,2.79814,0.87981,-0.0491719,-0.473103,0.090663,0.935336,0.0722147,0.466598,-0.103143,0.878043,14.8221,9.99278
-0.359068,-2.07315,3.85967,0.887205,0.136983,-0.435725,-0.134292,0.932256,0.0706656,0.441398,-0.00662792,0.897302,27.161,19.6791
-0.545128,-2.1118,2.97732,0.819582,-0.0226366,-0.572674,0.000341525,0.941798,-0.0311803,0.572961,0.0203205,0.81919,19.6387,17.0494
0.382596,-1.13633,3.44411,0.999749,0.0143909,-0.00244261,-0.0220822,0.94058,0.0585495,0.00374133,-0.0548854,0.998282,15.8944,10.5395
-0.151741,-0.657483,2.91241,0.939688,-0.112208,-0.323028,0.139043,0.930472,0.0604502,0.312497,-0.0976745,0.944457,12.4724,8.14767
0.310221,-1.49324,2.61949,0.998706,-0.0346719,-0.0412086,0.0308485,0.941327,0.0249737,0.0404319,-0.0247217,0.998838,12.737,10.2352
-0.778127,-0.736185,3.00437,0.724609,0.0300581,-0.688158,0.0283968,0.938415,0.0836664,0.688575,-0.0798989,0.720721,20.1817,13.9228
1.01016,-0.89219,4.34384,0.931452,0.135219,0.331537,-0.153909,0.931951,-0.0143858,-0.329709,-0.0330521,0.943332,20.306,10.5897
1.06875,-0.864434,3.44954,0.903398,0.136424,0.401338,-0.156869,0.931468,-0.0183999,-0.399079,-0.0408074,0.915745,16.7044,10.4945
0.488975,-1.6331,4.34265,0.997509,0.000959827,0.0700859,-0.00824421,0.942284,0.00355629,-0.0700547,-0.00318195,0.997535,18.079,10.5339
-0.258361,-1.64201,3.76841,0.91498,-0.117625,-0.385757,0.106849,0.934915,-0.0511634,0.389095,0.00293425,0.921181,17.307,11.4695
0.978321,-1.71948,2.84436,0.902345,0.10487,0.41469,-0.0968382,0.936098,-0.0705796,-0.419994,0.0251594,0.907222,13.465,10.586
-0.155003,-0.743869,2.97317,0.938512,-0.109506,-0.327398,0.1333,0.931761,0.0508714,0.318475,-0.0879772,0.943516,12.8895,8.47485
1.18236,-0.668934,3.07278,0.869219,0.020476,0.493652,-0.0624354,0.939472,0.0540555,-0.49047,-0.0698721,0.867978,11.2529,7.24397
0.964516,-0.584682,3.85755,0.941211,0.137137,0.301671,-0.168586,0.929484,0.0294228,-0.292747,-0.0718543,0.952958,18.838,10.5706
0.6985,-1.45149,2.80132,0.972581,0.0557549,0.22303,-0.0687815,0.940477,0.00510819,-0.222162,-0.0174343,0.974798,13.6955,10.5795
0.533437,-1.73762,3.8464,0.994368,0.00607247,0.105138,-0.0127522,0.942252,-0.00654212,-0.105214,0.00580236,0.994436,15.9859,10.5587
0.238984,-2.23511,4.24683,0.997072,0.0321156,-0.0644987,-0.0438352,0.940805,-0.0420378,0.062653,0.0419896,0.997032,20.7383,13.8475
-0.721254,-1.01955,4.3393,0.797587,-0.0408403,-0.602031,0.0538125,0.940511,0.00891308,0.600799,-0.040988,0.798423,25.1516,13.4475
0.596626,-2.30013,4.04705,0.986488,-0.094038,0.134925,0.0988778,0.936304,-0.0379993,-0.130635,0.0489949,0.990127,12.709,8.49162
-0.124465,-2.2454,3.16746,0.944368,0.098322,-0.309582,-0.116458,0.936622,0.000950686,0.307581,0.0313318,0.950872,20.9372,17.8331
-0.232492,-2.34855,3.19635,0.919219,0.119507,-0.370477,-0.137293,0.934133,0.0158472,0.369035,0.0319967,0.928706,22.3526,19.3621
-0.627552,-1.81659,3.35714,0.798184,-0.00913955,-0.602401,0.0038532,0.942233,-0.00147271,0.602401,-0.00485325,0.798193,21.7527,16.7574
0.814105,-0.911808,2.61346,0.955952,0.0967652,0.272411,-0.125418,0.934809,0.0423926,-0.265379,-0.0683952,0.961247,14.2628,10.5716
0.171412,-0.785863,3.65371,0.98899,-0.106309,-0.103379,0.114148,0.932513,0.0776137,0.0941714,-0.0838251,0.991609,13.2264,7.62554
0.496517,-1.43771,3.94665,0.996975,0.0150029,0.0742872,-0.0244952,0.941942,0.0209948,-0.0737683,-0.020708,0.997016,16.9712,10.5377
0.465577,-2.29948,3.77027,0.995905,-0.0698509,0.060493,0.070351,0.938185,-0.0518512,-0.056778,0.0532851,0.996821,13.7233,9.91175
-0.578438,-0.806261,3.17981,0.809707,0.0051253,-0.586727,0.0368528,0.939089,0.0699768,0.585677,-0.077425,0.806756,19.3242,12.9222
-0.519053,-0.571063,4.45371,0.765668,-0.217388,-0.602526,0.15941,0.916605,-0.161437,0.623169,0.0220529,0.781601,18.1323,8.39754
-0.232472,-1.87544,3.73572,0.918943,0.110549,-0.374442,-0.111065,0.935715,0.055611,0.37843,-0.0112334,0.925581,24.673,17.6829
0.0776214,-1.57916,2.61367,0.975874,-0.0773429,-0.204972,0.076467,0.939002,-0.00177177,0.204505,-0.0142478,0.978766,12.9271,10.527
0.418003,-1.55388,4.31802,0.999601,-0.0090712,0.0281257,0.00230686,0.942183,0.0120621,-0.0281554,-0.0108705,0.999532,18.134,10.5265
1.12725,-1.24133,3.70344,0.880822,0.13666,0.448697,-0.136265,0.932327,-0.0653331,-0.453414,-0.000182697,0.891293,16.7095,10.4288
0.0818328,-0.720155,3.17389,0.979203,-0.121141,-0.162349,0.136004,0.929568,0.0802398,0.150548,-0.0955917,0.983466,11.8609,7.39207
1.12295,-2.39583,3.34233,0.876186,-0.0772988,0.475938,0.0911154,0.937709,-0.00865834,-0.473282,0.0513427,0.879436,7.40217,5.38456
0.844715,-1.20683,2.85578,0.946677,0.0917519,0.304967,-0.110304,0.937238,0.00375079,-0.302714,-0.0328159,0.952356,14.3483,10.5835
0.893629,-1.91456,2.6702,0.925783,-0.0858787,0.36843,0.0842359,0.938221,0.0175467,-0.368551,0.0165917,0.92949,8.00092,6.34435
1.02484,-2.07718,3.74898,0.90346,-0.132064,0.40721,0.128714,0.932816,0.040354,-0.408893,0.0179507,0.912443,7.28396,4.58259
0.445164,-0.977219,4.48083,0.998767,0.0338049,0.0250698,-0.0442588,0.940033,0.0585156,-0.0224947,-0.0557229,0.997972,20.3354,10.5085
0.959397,-0.633446,3.33653,0.935891,0.130964,0.320864,-0.16433,0.930045,0.0324174,-0.311616,-0.0759869,0.94657,16.8491,10.5622
0.871075,-1.22437,2.79941,0.939712,0.0955894,0.324487,-0.113085,0.936962,-0.00299627,-0.322727,-0.0295658,0.945886,14.1915,10.5844
-0.509815,-0.658294,4.36105,0.762612,-0.217179,-0.606464,0.155245,0.916532,-0.166068,0.62795,0.0266722,0.777575,18.008,8.67627
-0.73193,-0.521499,3.26556,0.75372,0.0219721,-0.656566,0.0399233,0.937496,0.0894213,0.655982,-0.0923452,0.748949,20.2392,12.7813
-0.0801109,-0.920072,3.94706,0.958046,-0.138924,-0.249719,0.151307,0.930157,0.0238103,0.243423,-0.0584645,0.968025,14.6727,8.12528
-0.696089,-1.45742,2.97972,0.75849,-0.00687702,-0.651682,0.0188334,0.941808,0.0191185,0.651413,-0.0293351,0.758251,20.1422,15.5707
-0.401546,-2.23007,4.38649,0.88821,0.15099,-0.428183,-0.150516,0.930112,0.0713394,0.434084,-0.00161854,0.900872,31.3741,20.7175
0.173123,-1.40818,3.17371,0.989612,-0.0674033,-0.128439,0.0680342,0.939398,0.0226791,0.126643,-0.0299737,0.991458,13.8591,9.92005
0.224477,-0.790661,4.26591,0.99304,-0.0983559,-0.0661889,0.102169,0.934183,0.07257,0.0585972,-0.0744194,0.995165,15.1768,7.67123
0.681638,-1.04825,3.46635,0.98065,0.0713488,0.177522,-0.0913832,0.938091,0.042268,-0.173132,-0.0529623,0.983209,16.2756,10.5602
1.08576,-1.7434,2.50828,0.869553,0.0578466,0.489225,-0.0487251,0.940242,-0.0507087,-0.491429,0.0225371,0.870682,10.7451,8.85041
0.172724,-1.40661,3.24448,0.989702,-0.067563,-0.12766,0.0681475,0.939395,0.0224245,0.125879,-0.0296969,0.991564,14.044,9.91739
0.621141,-1.9337,2.60899,0.98003,-0.0757526,0.184733,0.0763835,0.938978,-0.00804155,-0.183596,0.0221714,0.982756,9.8737,8.24653
0.967047,-2.01769,2.6971,0.906068,-0.0948777,0.412453,0.0951375,0.9372,0.0189509,-0.412298,0.0237335,0.910782,7.27751,5.72224
-0.627804,-1.3704,3.8896,0.812708,-0.0693044,-0.578723,0.0644359,0.939552,-0.0262421,0.579098,-0.0186578,0.815102,21.6666,13.5416
-0.65072,-1.6601,3.32461,0.78771,-0.0192791,-0.615869,0.0176608,0.942002,-0.00142787,0.615793,-0.0130535,0.787847,21.2095,15.852
0.934108,-2.06772,3.58322,0.925503,-0.116691,0.360064,0.117227,0.934761,0.0225759,-0.36014,0.0226849,0.932655,8.20773,5.5054
-0.179091,-1.44512,2.90809,0.92477,-0.106096,-0.365454,0.105689,0.936078,-0.0210154,0.365555,-0.0202633,0.930592,14.1493,10.6968
0.0775711,-1.60954,3.49732,0.979542,-0.0758961,-0.187278,0.0738352,0.93919,-0.00599142,0.187205,-0.00849279,0.982289,15.3034,10.6708
0.898002,-1.71552,4.48113,0.947827,0.0874597,0.302904,-0.0887195,0.937999,-0.0487473,-0.306192,0.0204641,0.951774,18.8289,10.6057
0.0522183,-1.43895,4.44877,0.980404,-0.0895946,-0.176155,0.0899124,0.937856,0.00183928,0.175279,-0.0175376,0.984361,18.4386,10.0955
1.03184,-0.607064,3.3125,0.918617,0.139041,0.363952,-0.1721,0.929192,0.0179319,-0.355702,-0.0719706,0.931245,16.7896,10.5124
0.781598,-2.46508,4.17467,0.962615,-0.134777,0.234044,0.1457,0.930994,-0.0229838,-0.22835,0.0547204,0.971954,10.118,6.47586
0.515282,-1.534,2.87167,0.994675,0.0149306,0.100514,-0.0244483,0.942037,0.0154584,-0.10012,-0.0159014,0.994816,13.6261,10.566
0.695981,-1.45216,2.89934,0.973481,0.0552317,0.219233,-0.0681309,0.940515,0.00507037,-0.218389,-0.0170481,0.975659,13.9276,10.5785
0.791241,-1.85299,3.01717,0.950394,-0.105202,0.292762,0.102649,0.936353,0.0236953,-0.293623,0.00926482,0.955892,8.6598,6.45259
0.771806,-1.3341,3.42587,0.964539,0.0748442,0.249497,-0.0895458,0.939069,0.00243518,-0.248284,-0.0213926,0.968372,15.6295,10.5801
-0.333641,-1.75176,3.74978,0.895668,-0.10968,-0.430898,0.0928687,0.935821,-0.0607278,0.434919,0.0108996,0.900355,18.2088,12.3913
0.709659,-2.48895,3.91728,0.972151,-0.123721,0.198513,0.13485,0.932033,-0.0391514,-0.191669,0.0625895,0.979316,10.4789,7.23518
0.731134,-1.63723,2.85339,0.965752,0.055305,0.251095,-0.0630495,0.940661,-0.0173267,-0.251691,0.0027443,0.967807,13.504,10.5879
-0.413377,-0.769631,4.48098,0.895469,-0.157434,-0.415099,0.165231,0.927915,-0.0252748,0.413321,-0.0458022,0.909425,18.1379,8.65791
1.15351,-1.58171,4.2533,0.876899,0.141786,0.454489,-0.125352,0.931058,-0.0980688,-0.464042,0.0306228,0.885337,18.2204,10.5278
-0.199674,-1.18756,3.85284,0.930865,-0.143378,-0.335112,0.147584,0.930788,-0.0195897,0.334229,-0.0313912,0.941975,15.5044,9.22395
0.673702,-0.897025,4.43724,0.985639,0.0787798,0.142595,-0.0979239,0.937383,0.0462036,-0.137577,-0.0549203,0.988702,20.4847,10.5483
1.07978,-1.84775,3.66338,0.889908,-0.099017,0.445272,0.0892573,0.937061,0.042806,-0.447321,0.0047204,0.894372,7.9023,4.96734
0.672878,-1.97961,3.84247,0.977316,-0.0900343,0.192286,0.0912447,0.937726,-0.00404817,-0.191123,0.0217588,0.981331,11.648,7.70499
0.396638,-1.97102,4.28152,0.999428,-0.0326523,0.0194548,0.0281173,0.941452,-0.0230902,-0.018803,0.0226281,0.999544,17.2673,10.7432
0.4117,-1.28773,3.13125,0.999612,0.00991689,0.0216848,-0.0184622,0.9413,0.0446215,-0.0208782,-0.0420248,0.998769,14.7111,10.556
0.0280959,-2.29551,2.62953,0.971838,0.0717712,-0.220542,-0.0929051,0.938221,-0.0348125,0.216564,0.0499967,0.974756,17.3974,16.3396
0.756813,-1.26472,2.94586,0.964696,0.0742902,0.249093,-0.0918013,0.938807,0.0136781,-0.246848,-0.0321175,0.968383,14.4201,10.5786
0.623662,-2.06685,4.19606,0.984709,-0.0855577,0.152644,0.0873909,0.937962,-0.0159316,-0.150703,0.0285859,0.988153,13.2021,8.23908
0.594357,-0.645141,3.68515,0.991065,0.0809664,0.0957686,-0.101619,0.934119,0.091366,-0.0863885,-0.0936807,0.991202,17.812,10.5339
-0.204461,-1.65974,4.25243,0.93228,-0.134995,-0.33493,0.125264,0.932541,-0.0555094,0.339358,0.0072241,0.940606,18.275,10.8567
-0.16555,-2.13255,2.99452,0.930854,0.101473,-0.347056,-0.114705,0.936629,0.0194189,0.346919,0.0184216,0.937643,20.6898,17.8653
-0.301604,-0.891536,3.96589,0.908906,-0.174553,-0.376726,0.183155,0.924826,-0.0245415,0.374626,-0.0462396,0.926,14.7566,8.03882
-0.641297,-1.29618,4.23641,0.717512,-0.184717,-0.669891,0.0987438,0.922624,-0.173397,0.689511,0.0505364,0.721928,22.5191,12.6649
1.1595,-0.648963,3.19688,0.881766,0.067247,0.465291,-0.102659,0.93757,0.0291255,-0.460379,-0.0659588,0.884679,13.2693,8.40936
0.069735,-1.24847,2.85203,0.975679,-0.0944971,-0.198302,0.100956,0.936416,0.0282471,0.19457,-0.0458755,0.979734,12.6947,9.32297
0.789289,-2.21954,3.33429,0.954182,-0.120217,0.273678,0.127667,0.933692,-0.00667635,-0.270625,0.0409429,0.961798,8.73216,6.43295
-0.142464,-2.21828,2.91194,0.937196,0.099508,-0.330249,-0.116737,0.936576,0.00626312,0.328688,0.0288606,0.943873,20.1656,17.9232
0.554736,-0.566332,3.67717,0.993433,0.0805843,0.0674061,-0.0991752,0.933125,0.104402,-0.0570516,-0.103409,0.992248,17.9292,10.5257
0.0223648,-0.833858,2.88279,0.969699,-0.120658,-0.212111,0.137359,0.930553,0.0630458,0.202032,-0.086152,0.97521,11.6634,7.84252
-0.115165,-0.694384,3.73722,0.95161,-0.152335,-0.265388,0.171327,0.926466,0.039581,0.25512,-0.0797797,0.963329,13.248,7.31318
0.740934,-2.10973,4.24479,0.969373,-0.11067,0.219214,0.114215,0.935342,-0.00324618,-0.217418,0.0282276,0.975672,11.4571,6.9585
-0.786248,-1.08235,2.64841,0.712046,0.00762482,-0.702008,0.0282912,0.940648,0.0475445,0.701563,-0.0550618,0.71058,19.1137,14.7638
0.219295,-2.42831,2.54745,0.994779,0.0486416,-0.0835543,-0.0648204,0.938119,-0.0738038,0.0788254,0.0740064,0.993766,15.3021,14.7705
0.800467,-1.93279,3.77685,0.954999,-0.113019,0.274102,0.11245,0.935383,0.0190053,-0.274468,0.0139841,0.961513,9.74489,6.32441
0.929706,-2.40892,4.46797,0.938325,-0.149199,0.31062,0.156902,0.929527,0.0088504,-0.308104,0.04036,0.950493,8.94929,5.11126
-0.393576,-1.7151,3.16814,0.7367,-0.230239,-0.632563,0.112434,0.909166,-0.23398,0.666807,0.0911932,0.73832,15.8257,11.9022
-0.517198,-1.40555,4.36547,0.857035,-0.133251,-0.497178,0.117062,0.932815,-0.0678306,0.501784,-0.00315825,0.864993,21.0538,11.6914
-0.217858,-1.61854,3.49121,0.920273,-0.119277,-0.372404,0.110436,0.93471,-0.0471399,0.375369,-0.000121847,0.926873,15.9624,11.1336
-0.308617,-0.719461,3.32513,0.900589,-0.172068,-0.397352,0.190286,0.923787,-0.0040773,0.390807,-0.0701359,0.917657,12.4483,7.46686
0.770969,-0.777623,2.61126,0.966025,0.0965184,0.234281,-0.127786,0.933331,0.065958,-0.224648,-0.086531,0.969929,14.4696,10.5647
-0.627188,-1.25062,3.47326,0.800582,-0.0168224,-0.599102,0.0324159,0.941311,0.023136,0.598346,-0.0394986,0.800339,21.1147,14.2894
-0.306677,-0.67181,3.27479,0.901446,-0.172415,-0.395243,0.192939,0.92329,0.00168936,0.387518,-0.0756188,0.918575,12.1729,7.29833
0.396148,-0.532832,3.91882,0.997216,0.0599223,-0.0240947,-0.0673607,0.934337,0.114957,0.0319926,-0.106457,0.993078,18.8473,10.4958
-0.447176,-2.20803,3.23409,0.861374,0.0346533,-0.506153,-0.0495562,0.941435,0.000377298,0.505547,0.0202087,0.862444,21.63,18.1812
0.238586,-2.22834,3.90959,0.996862,0.0311699,-0.0682626,-0.0431182,0.940757,-0.0438239,0.0663776,0.0437437,0.996704,19.1912,13.8071
0.0139915,-1.57448,4.39301,0.975362,-0.0905913,-0.20174,0.0886631,0.9379,-0.0120624,0.202007,-0.00685989,0.979365,18.6197,10.5902
-0.0832254,-1.00703,4.46552,0.961535,-0.136074,-0.237718,0.144615,0.931342,0.012124,0.233533,-0.0446787,0.971259,17.0059,8.50198
0.722238,-1.8877,4.47555,0.974087,-0.0963054,0.205048,0.0956106,0.937283,0.00914142,-0.204973,0.0116718,0.978709,12.8303,7.20085
0.863458,-1.69628,3.31583,0.94077,0.0815528,0.326029,-0.0831037,0.938615,-0.044314,-0.328703,0.0161486,0.944321,14.658,10.6001
1.10252,-2.19589,4.42472,0.899404,-0.130418,0.416639,0.128374,0.932969,0.0373971,-0.417843,0.0216793,0.908302,7.9279,4.31881
-0.583054,-2.05634,4.23092,0.840774,0.0608673,-0.536762,-0.0592926,0.940314,0.0383528,0.53813,-0.00373514,0.842862,28.6183,19.0347
0.138349,-2.07486,2.92606,0.987197,0.0432819,-0.150489,-0.0572973,0.94079,-0.0252005,0.148862,0.030827,0.98829,16.8537,14.3907
0.308687,-2.40682,3.48803,0.998987,0.0308906,-0.0210315,-0.0411324,0.939494,-0.0687134,0.0182309,0.0656193,0.997415,16.9671,13.6911
-0.511935,-1.92899,2.94065,0.829073,0.0170161,-0.558625,-0.0219896,0.942136,0.0103146,0.558708,3.86108e-05,0.829356,20.2795,17.175
-0.673854,-2.18826,3.19643,0.778052,-0.0332936,-0.627496,0.00479453,0.941406,-0.0413944,0.628181,0.0235641,0.777519,21.0336,17.8363
0.838475,-0.807561,2.74013,0.953571,0.10493,0.277108,-0.136263,0.933304,0.0477023,-0.268578,-0.0764372,0.959654,14.7675,10.5686
0.552178,-1.43121,3.22026,0.992389,0.0274815,0.117741,-0.0388765,0.941595,0.0215984,-0.116846,-0.0234975,0.992809,14.7157,10.5567
0.532964,-2.1335,4.16978,0.992686,-0.071785,0.0988752,0.0725466,0.938874,-0.0299499,-0.0964956,0.0356519,0.994649,14.3607,9.21648
0.346572,-1.19373,3.30121,0.998892,-0.0494639,-0.0119605,0.0460843,0.939627,0.0534441,0.00949856,-0.0506409,0.998499,13.5752,9.13286
-0.279631,-1.65636,3.20008,0.900758,-0.109021,-0.420344,0.0971998,0.93596,-0.0501598,0.423304,0.00150737,0.905977,15.8155,11.7912
-0.175503,-0.933438,3.16602,0.933655,-0.109277,-0.341073,0.125929,0.933602,0.0267619,0.335308,-0.0659945,0.939656,13.8725,9.12397
1.11007,-1.83684,3.19961,0.87508,-0.066349,0.479673,0.0598089,0.939899,0.0249076,-0.480269,0.00987285,0.877094,7.97259,5.58306
-0.585963,-1.62982,2.85772,0.797883,-0.0281496,-0.602329,0.0257055,0.941767,-0.0060121,0.602264,-0.0138421,0.798225,18.7764,15.1799
0.344501,-1.38312,3.03342,0.999399,-0.0355707,-0.0159853,0.0313111,0.941011,0.0355531,0.0148738,-0.0338059,0.99924,13.4286,9.842
0.397133,-1.18511,3.28051,0.999728,0.0138834,0.00851301,-0.0221552,0.940785,0.0546652,-0.00731077,-0.0513809,0.998468,15.3157,10.5461
0.966521,-1.60674,4.48808,0.933782,0.105647,0.337631,-0.105989,0.936183,-0.055503,-0.341786,0.0175975,0.939641,19.1972,10.6107
0.039689,-2.09879,3.38139,0.975791,0.0626467,-0.206035,-0.0778827,0.939823,-0.0139114,0.204369,0.0268036,0.978446,19.6097,15.5226
-0.288322,-1.2168,2.54856,0.89382,-0.0639982,-0.444182,0.0758157,0.938961,0.0143953,0.441971,-0.0465486,0.895821,14.621,11.4532
0.651847,-0.531759,3.72432,0.986777,0.0965029,0.119699,-0.121043,0.931792,0.0958095,-0.107793,-0.101785,0.988176,18.2343,10.5373
0.25336,-1.64199,2.79344,0.996264,-0.036324,-0.0803892,0.0321847,0.941548,0.00644642,0.0801425,-0.00877405,0.996743,13.4672,10.7927
0.246458,-1.1594,4.04188,0.995473,-0.0692873,-0.0678561,0.0696579,0.938597,0.0444338,0.0646668,-0.0463154,0.996705,15.7722,9.04047
-0.185787,-1.84644,3.15456,0.923234,0.0987033,-0.367765,-0.100458,0.937056,0.0485638,0.370874,-0.00965178,0.92865,21.3485,17.0559
0.580419,-1.25381,3.24535,0.990328,0.0425483,0.128612,-0.057136,0.940494,0.0362068,-0.126433,-0.0396357,0.991034,15.1453,10.5554
0.156775,-2.09621,4.34401,0.992206,0.0390437,-0.114822,-0.0514858,0.941077,-0.0240356,0.113473,0.0275368,0.993095,22.2441,14.225
-0.402843,-2.11444,3.33184,0.873383,0.0758252,-0.479254,-0.081213,0.939206,0.032217,0.480214,0.00721179,0.877085,22.9059,18.6005
1.02059,-2.31229,2.87924,0.897032,-0.0840944,0.434086,0.0963351,0.937212,-0.00856385,-0.431339,0.0497036,0.900831,7.30532,5.80317
-0.740302,-1.45813,3.48581,0.757683,-0.00675739,-0.65262,0.01764,0.941857,0.0178684,0.652384,-0.0277175,0.757475,22.5509,15.8302
0.708035,-0.603994,4.20098,0.982508,0.100791,0.147402,-0.125373,0.933228,0.0717445,-0.137692,-0.0826852,0.986471,20.0954,10.545
0.264776,-1.22162,3.71286,0.996394,-0.0618873,-0.0612685,0.061394,0.939217,0.0431087,0.0585655,-0.0441601,0.99719,14.8641,9.2555
0.376681,-0.948089,3.00544,0.998025,-0.0644965,0.0129187,0.0601634,0.936782,0.0848237,-0.0180631,-0.078674,0.996312,12.0814,8.17718
0.640543,-1.23971,2.57993,0.981873,0.0541668,0.178297,-0.0717503,0.93972,0.0356259,-0.175433,-0.043619,0.983332,13.5294,10.5688
0.143447,-1.11883,2.67212,0.98508,-0.089056,-0.148144,0.0962209,0.935985,0.0521427,0.142687,-0.0625297,0.98759,11.935,8.82709
-0.164825,-2.27808,4.22805,0.947019,0.111768,-0.295722,-0.127889,0.93532,0.0107013,0.294617,0.024379,0.955214,26.8139,18.434
-0.370409,-0.827617,4.1353,0.896039,-0.171494,-0.407759,0.179053,0.925418,-0.030101,0.406268,-0.0458344,0.912593,15.8296,8.23235
-0.583211,-1.81309,4.19928,0.836149,0.0617707,-0.543817,-0.050838,0.940068,0.0530344,0.546142,-0.0191275,0.837526,28.3366,18.2168
0.728879,-2.31775,3.54393,0.966972,-0.116476,0.226486,0.125578,0.933696,-0.0241933,-0.221798,0.0505423,0.973714,9.70356,7.04665
0.196706,-0.917585,3.5366,0.991124,-0.0938972,-0.0952942,0.0994562,0.934711,0.0688162,0.0882157,-0.0735367,0.993068,13.3565,8.10643
0.575815,-2.00533,2.79025,0.986453,-0.0708469,0.149137,0.0720484,0.939155,-0.0196717,-0.147376,0.0296219,0.988621,10.6063,8.73488
0.22506,-2.34802,4.09797,0.996297,0.0404748,-0.0699833,-0.0536522,0.939962,-0.0522277,0.0671787,0.0523689,0.99618,20.3721,14.3689
-0.0348731,-1.38023,3.69798,0.962737,-0.108819,-0.247635,0.11131,0.935671,-0.00344328,0.246469,-0.0242364,0.968847,15.3793,9.84063
0.65474,-1.61145,3.92086,0.983328,0.0389936,0.175331,-0.0478758,0.941482,-0.00615202,-0.175423,-0.000813163,0.98449,16.5948,10.5697
1.16711,-0.680941,2.72071,0.865391,0.00499887,0.500971,-0.0516672,0.939249,0.0669232,-0.498426,-0.0754662,0.862873,10.2252,6.99407
1.14841,-2.08517,4.42657,0.783044,-0.232819,0.573057,0.153452,0.911129,0.198682,-0.602739,-0.0595697,0.795067,4.69044,-2.90007
0.743747,-2.36284,4.26584,0.969041,-0.124055,0.212957,0.132389,0.932885,-0.0210473,-0.208406,0.0473951,0.976835,11.0468,6.89196
0.0673417,-1.39056,2.79939,0.974975,-0.0881172,-0.204733,0.0915262,0.937613,0.0144682,0.202599,-0.0320441,0.978711,12.9264,9.84269
-0.720599,-2.03381,3.98754,0.786529,0.000979703,-0.617517,-0.0105118,0.94228,-0.00254131,0.617464,0.00412409,0.786553,26.1173,18.3267
-0.60601,-1.17584,3.67948,0.815204,-0.0290197,-0.578636,0.043394,0.940943,0.0180674,0.577546,-0.0411437,0.815386,21.4034,13.6665
0.926092,-1.19765,3.89763,0.939458,0.10906,0.320123,-0.123184,0.935754,-0.0173445,-0.319757,-0.0194658,0.947217,17.6218,10.5908
0.892316,-2.08685,4.36848,0.942971,-0.135285,0.303348,0.136143,0.932322,0.0242735,-0.30376,0.0195805,0.952571,9.53774,5.40603
-0.0991349,-0.787944,2.93271,0.94895,-0.123287,-0.289975,0.144436,0.930273,0.0496202,0.280414,-0.0854475,0.955747,12.1822,8.07533
0.799379,-2.46897,4.15137,0.959574,-0.136556,0.245148,0.14774,0.930747,-0.0205457,-0.239564,0.0545189,0.969268,9.84226,6.31174
-0.167475,-1.74525,3.99367,0.937435,-0.122865,-0.325424,0.112345,0.93418,-0.0536979,0.329536,0.0110426,0.944042,17.4521,11.1878
-0.0775594,-2.23444,4.45711,0.965047,0.0947724,-0.239065,-0.111155,0.937156,-0.00229027,0.237336,0.0257953,0.971001,26.947,17.3444
0.504416,-1.00607,3.93585,0.996641,0.0431762,0.0626249,-0.0565223,0.939465,0.0596791,-0.0592635,-0.0587463,0.996251,17.9064,10.528
0.269585,-2.29684,3.48744,0.998007,0.0297459,-0.0499521,-0.0413181,0.94027,-0.0554304,0.0476953,0.0540002,0.997212,17.2813,13.7075
1.06038,-0.864562,4.12618,0.91628,0.142597,0.368212,-0.160502,0.930848,-0.0230688,-0.366975,-0.0331249,0.929456,19.3884,10.5788
0.962261,-1.18563,2.74577,0.915952,0.110937,0.381635,-0.126519,0.935357,-0.0186944,-0.38082,-0.0266276,0.924124,14.1503,10.5616
-0.0608847,-1.98786,3.10532,0.954966,0.0773726,-0.283096,-0.0892115,0.939035,0.011689,0.282987,0.011649,0.95902,19.7251,16.2115
0.0715562,-0.588233,2.91627,0.977571,-0.128384,-0.166183,0.146842,0.92657,0.0974927,0.150969,-0.113553,0.981264,10.9119,6.92399
-0.532615,-1.68602,3.03812,0.821716,-0.0546299,-0.567512,0.0432823,0.940695,-0.0289833,0.568251,-0.00424668,0.822855,18.4575,14.4855
1.16254,-0.699193,3.64547,0.888456,0.0874319,0.448183,-0.115158,0.936719,0.00912547,-0.444281,-0.0531263,0.893895,15.0497,8.82063
-0.285487,-2.45225,3.92239,0.917032,0.136316,-0.369051,-0.153213,0.931883,0.0239685,0.368209,0.0303691,0.9291,26.6587,20.3418
1.18793,-0.946587,4.01704,0.882596,0.0980187,0.457064,-0.111559,0.936844,-0.0238406,-0.456705,-0.024993,0.889114,16.178,9.03743
-0.369347,-2.36866,2.69739,0.877604,0.0557307,-0.474903,-0.0776343,0.939915,-0.00616226,0.473058,0.0369344,0.880016,19.758,18.806
-0.238257,-0.570982,2.59635,0.914509,-0.16281,-0.368809,0.1938,0.922421,0.0385418,0.355128,-0.102673,0.928706,10.3752,6.87412
0.395219,-2.10636,2.92084,0.999044,-0.0420493,0.0222339,0.038548,0.940485,-0.0416176,-0.0206313,0.0403648,0.998886,12.8094,10.702
0.48614,-0.732671,3.77194,0.996852,0.058682,0.0386247,-0.0725016,0.936389,0.0907416,-0.0320806,-0.087418,0.995125,17.8807,10.5191
-0.491703,-1.92938,3.44949,0.847826,0.0403406,-0.528018,-0.0409921,0.941416,0.026636,0.528688,-0.0041597,0.848815,22.8964,17.6118
0.502013,-0.629904,3.79694,0.995993,0.0683529,0.0409665,-0.0832478,0.934831,0.0999812,-0.0326704,-0.0965869,0.994146,18.2092,10.5182
-0.229256,-0.625737,3.52385,0.925501,-0.171709,-0.33554,0.193908,0.922891,0.021354,0.325342,-0.0818429,0.941784,12.3751,6.99513
1.14347,-2.39137,3.049,0.721525,-0.211895,0.656505,0.120607,0.916658,0.19372,-0.681803,-0.0524265,0.729022,4.46417,-3.97749
-0.662428,-2.30805,4.20399,0.818831,0.0159201,-0.573583,-0.0321128,0.941973,-0.00616812,0.573136,0.0185392,0.819124,27.5966,19.3092
0.443937,-0.925603,3.57716,0.998519,0.0386734,0.0255948,-0.0498458,0.938688,0.0763593,-0.0218216,-0.0726591,0.996752,16.7569,10.5205
1.16138,-1.86287,4.29086,0.773815,-0.228269,0.587403,0.138667,0.91149,0.207983,-0.618046,-0.070635,0.782113,4.66636,-2.91387
0.187472,-1.94734,3.72188,0.993293,0.0250453,-0.110653,-0.0355244,0.941783,-0.0158891,0.110036,0.018093,0.993732,18.6924,13.3634
-0.617683,-1.36474,4.08399,0.822029,-0.0805,-0.563864,0.07304,0.93871,-0.0341198,0.564742,-0.0158977,0.825163,22.1997,13.2396
-0.287595,-1.6991,3.07556,0.896172,-0.108325,-0.430214,0.0944524,0.93603,-0.0541446,0.433536,0.00479664,0.901102,15.5755,11.978
0.179666,-2.12178,4.06905,0.993446,0.0355986,-0.105176,-0.0480787,0.941081,-0.029301,0.103698,0.0317528,0.994022,20.5531,14.0554
-0.305001,-1.90852,2.83335,0.883505,0.117418,-0.449758,-0.112117,0.934867,0.0682961,0.454806,-0.0121208,0.890535,21.4419,18.4213
-0.727846,-2.33182,3.10314,0.754948,-0.0373188,-0.654895,0.000712646,0.94101,-0.0512668,0.655784,0.0318933,0.753979,21.0145,18.6588
