0.812242,-2.21699,2.59077,0.944604,-0.105602,0.310778,0.114755,0.935221,-0.011435,-0.307498,0.0460401,0.950414,7.79924,6.56049,8.69227,8.50554,8.99142,9.32937
-0.0284337,-2.52004,2.70002,0.964463,0.0912054,-0.24306,-0.118739,0.935256,-0.0484452,0.236034,0.0699022,0.968801,18.3461,17.7663,8.25243,8.32705,9.47411,9.12201
-0.145123,-1.6237,2.72123,0.931097,-0.092329,-0.353138,0.087065,0.937733,-0.0281344,0.354228,-0.00639275,0.935148,14.0999,11.3962,8.77522,9.11872,8.7746,8.53073
0.236313,-1.66681,2.77141,0.995131,-0.0385399,-0.0925414,0.0343562,0.94148,0.00312761,0.0923802,-0.00629395,0.995704,13.4663,10.88,8.8466,8.929,8.70488,8.63233
0.344519,-1.95373,2.99588,0.999928,-0.00624784,-0.0119962,-0.000667756,0.941961,-0.0253569,0.0119831,0.0240639,0.999606,14.325,11.6803,8.54621,8.51994,8.74575,8.7018
0.670885,-1.4813,4.03373,0.982316,0.0484145,0.177955,-0.0595359,0.940986,0.00215583,-0.177513,-0.0105687,0.984036,17.3156,10.5678,8.38184,8.16739,7.66718,7.82142
0.746623,-1.61445,2.73217,0.962106,0.0594408,0.263605,-0.0675278,0.940412,-0.0174598,-0.264181,0.00103135,0.964473,13.2749,10.5895,9.08146,8.79748,8.54059,8.70312
0.311121,-2.72042,3.37329,0.997956,0.0534993,-0.00436282,-0.063863,0.935597,-0.104212,-0.00231399,0.0985152,0.994546,16.9456,14.7936,7.77144,7.69631,9.12967,9.00016
0.0964925,-1.40218,3.23807,0.980885,-0.0825478,-0.177066,0.0846747,0.938222,0.0149851,0.175201,-0.0288914,0.984085,14.0295,9.89665,8.68466,8.88054,8.23587,8.10391
0.106234,-1.48372,3.42215,0.982868,-0.0764191,-0.168724,0.0766474,0.93896,0.0081151,0.16762,-0.0205648,0.98563,14.7565,10.2063,8.52412,8.70506,8.18566,8.04968
-0.10274,-0.857745,3.11816,0.94884,-0.124991,-0.289555,0.143157,0.930904,0.038978,0.281442,-0.0755279,0.956367,12.7265,8.26285,9.06947,9.43667,7.93274,7.74863
0.492723,-2.71789,3.43285,0.992423,-0.103655,0.0668593,0.109155,0.931644,-0.0945822,-0.0564083,0.0959372,0.993269,11.697,9.54245,7.70946,7.69094,8.95569,9.11729
0.558251,-1.22948,2.77427,0.991627,0.0399472,0.119353,-0.0549365,0.940284,0.044429,-0.116864,-0.0466796,0.991857,13.9557,10.5571,9.27495,9.08949,8.31426,8.35951
0.828626,-1.11697,3.52149,0.956991,0.0936871,0.27004,-0.113274,0.936891,0.0112688,-0.26709,-0.0369893,0.962783,16.4059,10.5788,9.00448,8.66239,7.65793,7.84367
0.22993,-1.09766,3.89226,0.994231,-0.0765462,-0.0773978,0.07829,0.937673,0.0503357,0.0733237,-0.0531055,0.995729,15.0396,8.79725,8.58928,8.7106,7.57454,7.5182
0.580153,-0.852456,3.57027,0.991762,0.0656466,0.102682,-0.0842882,0.936964,0.0729928,-0.0964517,-0.0754896,0.992033,16.9614,10.5397,9.10541,8.89991,7.52277,7.56956
0.744915,-1.59247,3.7532,0.969648,0.0593083,0.234373,-0.067834,0.94042,-0.0158574,-0.234908,0.00129281,0.972018,16.1198,10.5831,8.4759,8.21209,7.8895,8.08047
0.795199,-1.1063,4.38723,0.969706,0.0896807,0.222006,-0.107246,0.937472,0.012139,-0.219473,-0.0318425,0.97497,19.8119,10.5734,8.54346,8.25342,7.14103,7.35375
0.382921,-1.63229,3.38384,0.999857,-0.0191316,0.0104034,0.0132305,0.942067,0.00822569,-0.0105117,-0.00730656,0.999912,14.7258,10.5609,8.54184,8.51592,8.25464,8.25227
0.795869,-1.17929,3.12582,0.959467,0.0848014,0.264735,-0.10405,0.937747,0.0140876,-0.261911,-0.0367306,0.964218,15.0791,10.5787,9.17554,8.84267,7.96842,8.12645
0.190594,-1.90439,4.10449,0.994072,0.0226064,-0.104218,-0.0323695,0.941918,-0.0117755,0.103792,0.0137677,0.994485,20.2094,13.1981,7.85846,7.93365,8.11675,7.98232
0.126788,-1.52661,2.61708,0.983126,-0.070059,-0.170046,0.0699685,0.93946,0.008951,0.169019,-0.0203757,0.985395,12.8107,10.3334,8.99258,9.16574,8.71961,8.6065
0.648898,-0.990458,3.96789,0.986272,0.0691519,0.144317,-0.0877976,0.938184,0.0467231,-0.139852,-0.0541976,0.988428,18.1583,10.5505,8.80279,8.58027,7.34691,7.45707
0.735855,-2.08289,3.25504,0.963674,-0.105737,0.245343,0.109946,0.93582,-0.00428679,-0.243401,0.03115,0.969427,9.41084,6.9982,8.35498,8.17374,8.52652,8.79251
-0.122773,-1.12612,4.33689,0.953033,-0.137019,-0.269248,0.143204,0.931607,-0.00286968,0.26687,-0.0352774,0.963066,16.9483,8.94114,8.24278,8.56481,7.4356,7.17037
-0.10648,-1.91012,3.89115,0.951887,0.0857882,-0.290432,-0.094178,0.938376,0.0263729,0.291619,0.000430919,0.956532,23.6931,16.452,7.88307,8.09629,8.33968,8.00987
0.198222,-1.32537,4.21061,0.993222,-0.0673069,-0.0967249,0.0672341,0.939386,0.0256817,0.0948186,-0.0305444,0.99498,16.9938,9.66912,8.2451,8.36617,7.58533,7.49324
0.66384,-1.33314,3.88954,0.983087,0.0541906,0.171468,-0.0680232,0.94042,0.015687,-0.17004,-0.024161,0.985065,17.1036,10.5636,8.5752,8.35683,7.64126,7.77934
0.0523381,-1.47058,3.64226,0.976472,-0.0878858,-0.197584,0.0885506,0.93798,0.00209745,0.196626,-0.0194719,0.980284,15.4121,10.1657,8.39021,8.60412,8.05728,7.88953
0.367827,-2.63988,3.75609,0.997011,-0.0791095,-0.00650772,0.0760778,0.935104,-0.0908571,0.0134564,0.0850437,0.995843,14.203,10.9098,7.5357,7.57599,8.77919,8.84477
0.790045,-0.957703,4.28092,0.970805,0.0953956,0.214196,-0.116134,0.936345,0.0258533,-0.209883,-0.0454675,0.976449,19.673,10.5679,8.71593,8.42068,7.09006,7.28723
0.455436,-2.56115,3.58738,0.995168,-0.0867833,0.048873,0.0888677,0.93493,-0.0796204,-0.0417438,0.0792718,0.995626,12.8158,9.97212,7.72292,7.70963,8.7783,8.89531
0.570076,-1.72901,4.01573,0.991939,0.0139531,0.124839,-0.0208671,0.942166,-0.00806307,-0.124983,0.00614735,0.992144,16.6045,10.5496,8.16246,8.02036,7.89906,8.01122
0.177567,-1.61215,2.56669,0.989367,-0.0549323,-0.136079,0.0525412,0.940607,0.00520798,0.135622,-0.0122436,0.990684,12.8789,10.6532,8.99032,9.12031,8.80823,8.71299
0.558664,-1.34622,3.99812,0.993328,0.0327614,0.107524,-0.0445565,0.941349,0.0244337,-0.106367,-0.0264403,0.993902,17.4098,10.546,8.47182,8.32256,7.62221,7.70556
0.355469,-1.51985,4.14883,0.999841,-0.0215029,-0.00816562,0.0159579,0.941923,0.0161355,0.00790813,-0.0151322,0.999836,17.3753,10.4293,8.18431,8.19431,7.73335,7.72832
-0.0395062,-2.57454,4.45497,0.972878,0.104097,-0.199353,-0.1268,0.934893,-0.0353786,0.193467,0.0552151,0.979289,26.5747,18.1627,7.07341,7.24499,8.56412,8.27573
0.482592,-2.30223,2.8802,0.994434,-0.0722021,0.0790129,0.0743643,0.937574,-0.0577934,-0.0746339,0.0604249,0.995197,11.3594,9.70734,8.38126,8.34714,8.98408,9.10884
0.610192,-1.64132,2.50577,0.98383,0.0295897,0.174975,-0.0384021,0.941821,-0.00243765,-0.174939,-0.00267876,0.98457,12.6679,10.5787,9.16383,8.97184,8.75068,8.85462
0.0190555,-0.861158,3.98423,0.973884,-0.125115,-0.188926,0.136848,0.931509,0.0458879,0.181169,-0.0674249,0.980919,14.5806,7.93692,8.65425,8.91742,7.38683,7.22065
0.37754,-2.40489,2.71157,0.998256,-0.0618694,0.00648805,0.059008,0.937415,-0.0769881,-0.00193961,0.0730337,0.997011,11.9796,10.8286,8.39664,8.43052,9.19095,9.26075
0.11454,-2.6262,4.12194,0.988735,0.0798333,-0.118322,-0.099959,0.936116,-0.066136,0.111407,0.0722683,0.99077,22.4486,16.6465,7.28414,7.35482,8.71842,8.50494
0.118651,-1.04673,3.43114,0.983991,-0.0981504,-0.149347,0.105596,0.935175,0.0490227,0.143564,-0.0610176,0.987569,13.5247,8.58866,8.83228,9.03834,7.83844,7.73546
0.0593485,-0.863158,4.15062,0.979521,-0.119075,-0.162057,0.129003,0.932389,0.0495346,0.154584,-0.0661956,0.985537,15.1407,7.95151,8.58585,8.81903,7.285,7.13333
0.812404,-1.70723,3.75939,0.956675,0.0697028,0.279783,-0.0736436,0.939597,-0.0352693,-0.281691,0.0144686,0.959415,15.9454,10.5946,8.40797,8.10382,7.95227,8.18061
0.271755,-0.95343,2.86576,0.995417,-0.0799883,-0.0554367,0.0822251,0.935504,0.0802568,0.0488163,-0.0796504,0.995231,11.8266,8.20246,9.26574,9.39911,8.09942,8.1025
0.0630186,-2.32847,3.00619,0.978974,0.0683257,-0.187894,-0.0886112,0.938334,-0.0410997,0.183732,0.0526301,0.981329,18.2147,16.0846,8.19414,8.26983,9.11358,8.84935
0.328285,-1.33055,2.55594,0.998866,-0.0432039,-0.0274929,0.0400488,0.94034,0.0440939,0.0257305,-0.0424642,0.998649,12.2059,9.61521,9.23499,9.28993,8.57574,8.58115
0.131668,-2.66281,3.51905,0.989267,0.0773513,-0.115862,-0.0985962,0.935304,-0.0795613,0.107844,0.0844586,0.990074,19.5283,16.5577,7.64835,7.68105,9.05785,8.82778
0.216801,-1.25534,2.85414,0.992757,-0.0686405,-0.100468,0.0705431,0.938567,0.0435961,0.0972504,-0.0478577,0.993985,12.6699,9.33711,9.05536,9.19071,8.34376,8.29218
0.509064,-1.71109,4.13783,0.99628,0.00147543,0.0857558,-0.00825974,0.942283,-0.00326432,-0.0857802,0.00320542,0.996311,17.0816,10.5485,8.08941,7.98779,7.83827,7.91593
0.531528,-0.951887,3.07377,0.994521,0.0517122,0.0843099,-0.0681003,0.937965,0.0738663,-0.0793175,-0.0738652,0.993698,15.2217,10.5415,9.29547,9.11027,7.93709,7.94977
0.332551,-1.09869,3.83393,0.998318,-0.0585785,-0.0177644,0.0561107,0.938901,0.056823,0.014572,-0.0542438,0.998226,14.8308,8.80163,8.65409,8.71236,7.58268,7.58891
0.0851694,-1.144,2.92259,0.978287,-0.0974103,-0.183422,0.105513,0.935561,0.0400576,0.178385,-0.0560968,0.982218,12.5672,8.93531,9.04074,9.27274,8.23993,8.12981
0.252276,-2.77827,4.25426,0.996339,0.0682627,-0.0316384,-0.0820318,0.935574,-0.0922837,0.0240672,0.0891675,0.99523,21.3805,15.7018,7.14246,7.12719,8.73831,8.60195
0.282724,-1.7196,3.14917,0.998186,-0.023972,-0.0573068,0.018424,0.941984,-0.000927753,0.0573141,-0.000256044,0.998356,14.5572,11.1114,8.59146,8.63618,8.4964,8.4424
0.172037,-1.0477,3.93071,0.9901,-0.0897587,-0.109106,0.0941267,0.93632,0.0493779,0.104128,-0.056187,0.992803,15.0096,8.61213,8.58776,8.74753,7.52776,7.43915
-0.143698,-2.10588,3.8346,0.945139,0.0998493,-0.306629,-0.112367,0.936879,0.0186516,0.306734,0.0140668,0.951646,24.1242,17.5611,7.75849,7.96962,8.5369,8.17763
0.69003,-2.73342,3.85637,0.974786,-0.133734,0.177549,0.148608,0.928812,-0.0647128,-0.166455,0.0856375,0.981982,10.2358,7.4277,7.4779,7.33859,8.69533,8.96089
-0.0723398,-1.05571,4.49178,0.963386,-0.131877,-0.232714,0.139363,0.932105,0.0103373,0.229054,-0.0412146,0.97249,17.3126,8.68579,8.24145,8.53133,7.28859,7.04315
-0.136462,-1.25907,3.69827,0.942573,-0.134017,-0.305255,0.138155,0.932234,-0.0131913,0.304089,-0.0297926,0.952179,15.0138,9.35781,8.45517,8.7991,7.88664,7.64397
0.526115,-1.31788,4.42853,0.996001,0.0274025,0.0817614,-0.0382767,0.941512,0.0261528,-0.0807313,-0.0267181,0.996309,19.2732,10.534,8.26177,8.1402,7.37069,7.44144
0.618305,-1.51807,3.01424,0.984771,0.0366101,0.167744,-0.0476879,0.941481,0.00787005,-0.167189,-0.0134981,0.985799,14.0477,10.5705,8.92996,8.73196,8.32992,8.43669
0.691183,-2.66372,2.9882,0.971289,-0.125139,0.201752,0.142336,0.929501,-0.0682132,-0.190624,0.0909828,0.977058,8.73894,7.43349,8.07467,7.96786,9.08966,9.38588
-0.0354369,-1.76672,3.47313,0.960605,-0.0936112,-0.262049,0.0867224,0.937597,-0.0337912,0.26404,0.00766851,0.964463,15.6109,11.234,8.24535,8.50307,8.40602,8.1864
0.702218,-1.92934,4.29578,0.975705,-0.0940031,0.198372,0.0941232,0.937457,0.00374268,-0.197838,0.0156952,0.98012,12.5297,7.40763,7.87894,7.6817,7.86216,8.08048
0.504554,-2.2226,3.20974,0.993392,-0.0711064,0.0920569,0.0729721,0.938277,-0.0456535,-0.0885861,0.0498897,0.994707,11.945,9.48843,8.23228,8.17472,8.73026,8.85562
0.581535,-2.36549,4.37133,0.988413,-0.0961958,0.118219,0.100821,0.935938,-0.0424107,-0.113471,0.0517197,0.992082,13.8002,8.65108,7.45138,7.33562,8.20467,8.36457
-0.00871897,-2.42682,3.89541,0.973179,0.0886814,-0.206706,-0.110035,0.936752,-0.0327951,0.202027,0.0504125,0.977853,22.8158,17.2564,7.52697,7.66499,8.71219,8.42632
0.772919,-0.937109,3.29414,0.967433,0.091394,0.230912,-0.116051,0.935895,0.0405338,-0.224957,-0.0604807,0.97213,16.0187,10.5679,9.25518,8.92623,7.69852,7.83459
-0.0670335,-1.88114,2.71407,0.949386,0.0743778,-0.30221,-0.0827607,0.939348,0.0223815,0.303014,0.00178166,0.952979,18.3548,15.8866,8.65132,8.80325,9.00784,8.68063
0.554216,-2.59619,3.49839,0.9886,-0.104485,0.108871,0.112471,0.932875,-0.0747521,-0.1001,0.0820729,0.991241,11.3345,8.89545,7.77428,7.7106,8.81592,9.00069
0.643851,-2.46782,3.24932,0.978563,-0.109695,0.174351,0.120521,0.933247,-0.0531888,-0.167001,0.0701837,0.983246,9.96172,7.93991,8.04704,7.93564,8.82882,9.06598
0.0591018,-0.984969,4.19993,0.979698,-0.112454,-0.165973,0.120413,0.933916,0.0386801,0.16029,-0.0553538,0.985371,15.7875,8.40301,8.46885,8.69338,7.35454,7.19537
0.00983413,-1.5663,3.47712,0.968904,-0.0919856,-0.23018,0.0906777,0.937726,-0.0110791,0.230223,-0.0108314,0.973085,15.1534,10.5089,8.40084,8.63928,8.23723,8.04797
0.337094,-1.8435,3.58069,0.999824,-0.0122585,-0.0177801,0.00578401,0.94213,-0.0129888,0.0178565,0.0122663,0.999758,15.8857,11.3767,8.25581,8.24815,8.31306,8.27543
0.309924,-2.77493,3.31318,0.99766,0.0578299,-0.00197687,-0.0681439,0.934629,-0.111306,-0.00564772,0.105042,0.993784,16.8164,15.0005,7.77617,7.69403,9.20695,9.06803
0.368974,-1.84058,2.86483,0.999941,-0.0162624,0.00342753,0.0103135,0.94206,-0.0134149,-0.00328929,0.0129388,0.999904,13.5215,11.0481,8.71661,8.70396,8.73655,8.73493
0.215441,-2.01073,2.98767,0.994552,0.0228452,-0.099453,-0.0339447,0.941627,-0.0257788,0.0985577,0.0269328,0.994708,15.9668,13.2771,8.47022,8.50452,8.83516,8.69707
-0.107932,-1.72935,3.88628,0.949614,-0.110472,-0.293289,0.102735,0.935762,-0.0418835,0.296108,0.00736782,0.955106,16.9734,11.1222,8.01292,8.31539,8.15917,7.89834
-0.056732,-1.27532,3.37899,0.956522,-0.115939,-0.267478,0.121514,0.93448,0.00301966,0.265143,-0.0348588,0.963559,14.1547,9.45949,8.64216,8.94323,8.07763,7.87838
0.499474,-1.28047,2.96528,0.996169,0.0260976,0.0802931,-0.0381292,0.940998,0.0423286,-0.0786964,-0.0418552,0.995872,14.3032,10.5482,9.09986,8.96283,8.2392,8.26403
0.616632,-1.11772,3.98738,0.989005,0.0564682,0.131927,-0.0725062,0.93956,0.0388602,-0.128884,-0.0441364,0.990497,17.9252,10.5493,8.67953,8.48366,7.43931,7.54073
0.105812,-0.901787,2.56196,0.980356,-0.10604,-0.166558,0.118958,0.93234,0.0720945,0.157322,-0.0860635,0.983393,11.1517,8.04077,9.41683,9.67333,8.29688,8.23035
0.103341,-1.34206,2.86672,0.980543,-0.0840993,-0.178195,0.0878778,0.93779,0.0233385,0.175535,-0.0372348,0.983718,12.9482,9.6613,8.94884,9.15142,8.42232,8.30706
0.0960112,-0.993072,3.69963,0.982182,-0.105232,-0.156019,0.113532,0.93433,0.0483113,0.149765,-0.0621472,0.986572,14.1221,8.40359,8.7215,8.93829,7.63913,7.51828
0.0246943,-2.61894,2.50461,0.973704,0.087293,-0.204937,-0.116166,0.934246,-0.0709216,0.195973,0.0864493,0.976202,17.2573,17.5378,8.34787,8.38311,9.65145,9.31405
0.518706,-1.86135,3.40385,0.993589,-0.0506393,0.102899,0.0480972,0.94081,-0.00994748,-0.102309,0.0148934,0.994642,12.8997,9.40302,8.39536,8.30408,8.36145,8.46475
0.808353,-1.56289,3.16541,0.953117,0.0738813,0.29042,-0.081787,0.939388,-0.0231955,-0.29134,0.000603375,0.956618,14.4676,10.5916,8.86803,8.54946,8.20655,8.40253
-0.0202777,-1.26898,2.94108,0.960628,-0.107969,-0.256072,0.114785,0.935212,0.0124404,0.253019,-0.0403879,0.966578,13.025,9.43993,8.91049,9.19916,8.33781,8.17085
0.800434,-1.06378,2.53149,0.955898,0.0885617,0.275931,-0.112959,0.936582,0.0292265,-0.271107,-0.0536734,0.960733,13.8041,10.5765,9.62888,9.26041,8.29872,8.41544
0.556271,-1.75171,4.14831,0.993262,0.00965878,0.11461,-0.016238,0.942209,-0.00902104,-0.114745,0.00768789,0.99337,17.0527,10.5537,8.06711,7.93589,7.84892,7.95566
0.506341,-2.26611,3.46751,0.993363,-0.0746144,0.0894834,0.0767693,0.93788,-0.0479692,-0.0856496,0.05218,0.994832,12.4498,9.46691,8.03741,7.97763,8.61492,8.74059
0.0237421,-2.38791,2.50306,0.971364,0.0763064,-0.220767,-0.100061,0.937234,-0.0448203,0.2155,0.0606563,0.974296,17.1418,16.7177,8.49261,8.55545,9.48115,9.16901
0.120216,-1.08957,3.6226,0.984689,-0.0956892,-0.146398,0.101947,0.935808,0.0433012,0.1414,-0.05493,0.988278,14.2011,8.75512,8.69955,8.89608,7.75482,7.64387
0.492456,-1.3463,2.93869,0.996513,0.0203133,0.0784178,-0.0314135,0.941402,0.0361111,-0.0772986,-0.0354762,0.996266,14.0949,10.5363,9.06451,8.93738,8.30337,8.33042
0.650812,-1.99936,2.96025,0.976685,-0.0854099,0.197618,0.0875544,0.938021,-0.00998803,-0.196012,0.0270261,0.980228,10.0372,7.92027,8.59038,8.44794,8.67264,8.881
-0.00509502,-2.53265,4.44596,0.977061,0.0960038,-0.183091,-0.117522,0.935829,-0.0376447,0.177597,0.0540024,0.982375,25.9791,17.6358,7.1216,7.27751,8.52214,8.25476
-0.137932,-2.27026,3.98299,0.949806,0.105301,-0.28954,-0.122325,0.935986,0.00481166,0.287932,0.0274036,0.957154,24.9574,18.1001,7.54897,7.75581,8.58513,8.22957
0.207959,-2.38439,4.14488,0.995449,0.0451098,-0.0779316,-0.0591397,0.939627,-0.0537951,0.0747313,0.0545521,0.995506,20.8664,14.6682,7.48049,7.51716,8.47931,8.33683
0.641451,-1.3503,3.9641,0.985819,0.0489196,0.157183,-0.0621098,0.940733,0.016425,-0.155893,-0.0231881,0.987433,17.3269,10.5601,8.51372,8.31184,7.61765,7.74673
0.124707,-1.36932,4.03154,0.986695,-0.0790839,-0.143195,0.0802164,0.938571,0.0168617,0.141415,-0.0271902,0.989551,16.4509,9.81445,8.27916,8.44658,7.73885,7.60579
0.498446,-1.81513,4.44544,0.996245,-0.0436889,0.0770882,0.0400675,0.941222,-0.00686719,-0.0767538,0.010106,0.997001,16.6729,9.66227,7.83996,7.75366,7.76449,7.84632
0.234837,-2.09612,2.51485,0.995623,0.0241859,-0.0875748,-0.0360845,0.941204,-0.037907,0.0862171,0.0382149,0.995436,14.6249,13.3739,8.7384,8.74526,9.19049,9.05105
0.312716,-1.18477,3.57823,0.99811,-0.0559074,-0.0321947,0.0539268,0.939355,0.0503648,0.0294705,-0.0489537,0.998212,14.3284,9.11221,8.72168,8.78928,7.8091,7.8026
0.217892,-1.94987,4.29244,0.996047,0.0198001,-0.0843026,-0.0295231,0.941912,-0.0168844,0.0837811,0.0178832,0.996297,20.7792,13.0765,7.72861,7.78882,8.04604,7.92992
0.466305,-2.55607,2.80253,0.994428,-0.0872503,0.0614414,0.0908558,0.934123,-0.0874685,-0.0534583,0.0878144,0.994271,10.9516,9.84143,8.241,8.2399,9.20061,9.34665
-0.142168,-2.38427,3.9399,0.949841,0.110198,-0.287243,-0.130244,0.93509,-0.00383168,0.28432,0.037042,0.95785,24.8326,18.5564,7.48929,7.68718,8.7002,8.33686
0.262118,-0.899885,4.18222,0.99528,-0.084647,-0.050517,0.0861526,0.936094,0.0668818,0.0446737,-0.0668749,0.996481,15.3068,8.07516,8.60533,8.71476,7.24225,7.20838
-0.0330854,-1.34921,4.31509,0.967745,-0.110657,-0.226352,0.112857,0.935498,-0.00304338,0.225241,-0.0225413,0.974041,17.5849,9.75737,8.10277,8.36387,7.60948,7.38311
0.291297,-1.00587,2.9371,0.996525,-0.0731849,-0.0440491,0.073854,0.936571,0.0749006,0.0385099,-0.0734069,0.996218,12.1336,8.40141,9.19753,9.30994,8.08665,8.09412
0.368237,-1.05404,4.43112,0.998684,-0.0547863,0.0035592,0.0508906,0.939309,0.0547452,-0.00635009,-0.0510603,0.998494,16.8784,8.67701,8.40452,8.43418,7.19714,7.21755
0.512751,-0.920299,4.12691,0.996315,0.0499625,0.0613198,-0.0639192,0.938808,0.0645449,-0.0571953,-0.0636675,0.996029,18.8851,10.5246,8.73604,8.59699,7.24705,7.27887
0.541406,-1.12988,3.07082,0.993619,0.0425643,0.100038,-0.057695,0.939716,0.053941,-0.0969153,-0.0550599,0.99352,14.8814,10.5483,9.16346,8.98846,8.05386,8.08885
0.379597,-2.78651,3.34018,0.995775,-0.0929723,-0.00471725,0.0905965,0.931765,-0.112456,0.0149806,0.105257,0.993646,12.6281,10.7479,7.69195,7.74654,9.08944,9.19276
0.372835,-1.15263,4.08042,0.999077,-0.0468185,0.00462355,0.0424181,0.939964,0.0501587,-0.00675549,-0.0467461,0.998731,15.869,9.02653,8.50175,8.52674,7.47082,7.49477
0.827127,-2.32734,2.86397,0.943901,-0.115119,0.309315,0.126921,0.933677,-0.0164821,-0.304865,0.0538918,0.950817,7.82153,6.34278,8.4307,8.23905,8.89594,9.24624
0.235789,-1.7308,3.12091,0.995559,-0.0341444,-0.0894796,0.0290428,0.94167,-0.00364646,0.0895479,0.000625253,0.995982,14.4946,11.1363,8.58295,8.65956,8.53329,8.4538
0.425738,-0.848344,3.4566,0.998643,0.0413721,0.0110664,-0.0516606,0.937761,0.0873749,-0.006563,-0.082471,0.996114,16.5121,10.5172,9.12518,9.01049,7.64951,7.60485
0.843996,-2.57274,3.94252,0.949994,-0.14721,0.274067,0.161636,0.928585,-0.02152,-0.267178,0.0630002,0.96147,8.64845,5.81241,7.57924,7.35464,8.49028,8.8327
0.0900393,-2.60873,2.6608,0.98318,0.077796,-0.159221,-0.102934,0.935008,-0.078357,0.150872,0.0872807,0.984128,17.0458,16.7895,8.26263,8.28213,9.52657,9.23967
-0.109819,-1.86436,3.78006,0.949633,0.084672,-0.29811,-0.0916109,0.938471,0.0306211,0.299674,-0.00340783,0.95404,23.1241,16.3182,7.98145,8.19386,8.36729,8.034
0.065896,-1.93981,2.97716,0.975493,0.0726579,-0.203371,-0.0851898,0.939399,0.00282729,0.202868,0.0126287,0.979098,18.3221,15.2207,8.47512,8.57355,8.83594,8.59534
0.749546,-1.74355,4.36762,0.972815,0.0533847,0.222736,-0.0588188,0.940668,-0.0271469,-0.223989,0.0142532,0.974501,18.1188,10.5853,8.02302,7.76946,7.66653,7.88217
0.20511,-1.17089,3.69517,0.99261,-0.076107,-0.0963271,0.0782968,0.937965,0.0437081,0.0927132,-0.0483549,0.99439,14.6565,9.0603,8.63044,8.76576,7.75469,7.6844
0.0183971,-1.20613,2.96057,0.967938,-0.105141,-0.228304,0.113191,0.935195,0.0241331,0.224242,-0.0476004,0.973291,12.8605,9.18139,8.95405,9.22269,8.27253,8.1261
0.166889,-1.9213,3.01394,0.990163,0.0280732,-0.135008,-0.0388439,0.94173,-0.0128982,0.134421,0.0163319,0.990761,16.5099,13.492,8.49849,8.56488,8.76801,8.60319
-0.121087,-1.16152,2.60842,0.938456,-0.100625,-0.330562,0.112035,0.935462,0.0170664,0.326724,-0.0519097,0.94363,12.828,9.70763,9.15867,9.52306,8.49974,8.30108
0.483807,-2.46704,3.33712,0.994026,-0.0842976,0.071415,0.0875758,0.935688,-0.0706516,-0.0651305,0.0727401,0.994941,12.0383,9.67542,7.95954,7.92903,8.83522,8.96767
0.42985,-1.24528,3.3366,0.999244,0.015022,0.0314153,-0.0243749,0.941129,0.0467157,-0.0303009,-0.0442634,0.998414,15.3497,10.534,8.8826,8.79675,7.99697,7.98777
0.00472559,-0.860571,3.51909,0.969661,-0.125503,-0.209262,0.139529,0.930982,0.0493587,0.200721,-0.0736944,0.976613,13.216,7.92586,8.88187,9.17129,7.66353,7.5121
0.678277,-1.80767,4.09779,0.980723,0.0349326,0.190413,-0.0400889,0.941502,-0.0237209,-0.191247,0.0162274,0.981417,16.8192,10.577,8.09242,7.88224,7.88146,8.05741
0.597234,-1.10629,2.66821,0.988009,0.0534856,0.14067,-0.0719181,0.938904,0.0546074,-0.13662,-0.059229,0.988549,13.9425,10.5589,9.44551,9.21916,8.29447,8.34264
0.455636,-2.70555,3.65066,0.994373,-0.0976408,0.043296,0.10038,0.932677,-0.093464,-0.0338506,0.0921335,0.994681,12.6923,9.9478,7.57244,7.56783,8.84895,8.97862
0.302212,-1.05046,3.57506,0.997263,-0.0676708,-0.0355465,0.0669889,0.937837,0.0631759,0.0312995,-0.0615719,0.997369,13.8816,8.60272,8.81504,8.90157,7.70949,7.70565
-0.0183336,-1.2961,3.46567,0.964228,-0.108896,-0.241733,0.113851,0.935367,0.00713551,0.239379,-0.0337558,0.970317,14.4262,9.52395,8.59121,8.86447,8.03666,7.84957
0.00667932,-2.18348,3.25799,0.970441,0.0724138,-0.226362,-0.0898736,0.938903,-0.0171131,0.22398,0.0335801,0.973893,19.6461,16.1844,8.10826,8.23077,8.87217,8.58877
0.497313,-2.12229,2.73436,0.99381,-0.0627452,0.0937075,0.0635194,0.939229,-0.038695,-0.0911392,0.0426873,0.994848,11.2132,9.57489,8.61611,8.56126,8.94921,9.06723
0.486132,-1.405,4.10873,0.997595,0.0146136,0.0655647,-0.0240476,0.9419,0.0234209,-0.0650016,-0.0228294,0.997573,17.6576,10.5327,8.34266,8.24383,7.62776,7.67454
-0.0112024,-1.72103,2.95526,0.961608,-0.0899048,-0.259725,0.0845136,0.937988,-0.0269687,0.261091,0.00226876,0.965306,14.0537,11.0574,8.6006,8.84948,8.67381,8.4794
0.450802,-1.13041,4.29502,0.998825,0.0248858,0.0351246,-0.0350272,0.940878,0.0472287,-0.0334871,-0.0451446,0.998266,19.0756,10.5163,8.45974,8.37408,7.32745,7.33938
0.34329,-2.53231,3.97788,0.999,0.0352127,0.00572422,-0.043778,0.938799,-0.0774539,-0.00913686,0.0729767,0.99698,18.5642,13.8092,7.5218,7.46266,8.6445,8.57179
0.510533,-1.9753,3.30381,0.993773,-0.0561795,0.0981714,0.055027,0.94026,-0.0211574,-0.0968856,0.0257832,0.994945,12.5451,9.4698,8.36566,8.28663,8.50269,8.60984
0.425804,-2.11964,2.95148,0.998065,-0.0489661,0.0429151,0.0467912,0.940095,-0.0417071,-0.0409539,0.0416288,0.998208,12.4955,10.3647,8.4602,8.44008,8.8428,8.9088
0.368904,-1.39943,3.76163,0.999728,-0.0285769,-4.20403e-05,0.0233291,0.941452,0.0295331,-0.000647233,-0.0275731,0.999564,15.5765,9.94857,8.48768,8.49896,7.85337,7.86478
-0.047305,-1.50186,3.77292,0.960874,-0.106322,-0.255877,0.105721,0.936178,-0.0150919,0.256014,-0.0132761,0.966592,15.9671,10.2884,8.26302,8.53725,8.02755,7.80622
0.325154,-1.58889,3.42509,0.999437,-0.0235781,-0.0283025,0.01838,0.941919,0.0122386,0.028075,-0.0119566,0.999524,15.0414,10.6433,8.52971,8.55599,8.21507,8.19183
0.404734,-2.12039,3.6603,0.998819,-0.0451946,0.0260735,0.0419845,0.940434,-0.0389342,-0.0244349,0.0380794,0.998902,14.6023,10.6097,8.00886,7.99483,8.44152,8.48609
0.459199,-1.57323,3.89682,0.998439,-0.000716075,0.0555026,-0.00682259,0.942236,0.0109186,-0.0554303,-0.01002,0.998399,16.4765,10.541,8.31504,8.23853,7.8837,7.92292
-0.0618786,-1.10569,3.6434,0.95824,-0.125167,-0.256676,0.134277,0.93275,0.0146281,0.25248,-0.0471111,0.966387,14.3993,8.8321,8.61954,8.92742,7.78992,7.5871
0.49595,-0.893953,3.27546,0.996588,0.0496403,0.0570636,-0.0641311,0.937704,0.0805108,-0.0519593,-0.0784667,0.995119,15.8942,10.5321,9.21238,9.05143,7.77509,7.76924
0.198017,-1.91483,3.14282,0.993238,0.0213218,-0.11226,-0.031435,0.941904,-0.0145954,0.11176,0.0164913,0.993572,16.4999,13.1323,8.43022,8.48442,8.67357,8.53221
0.0966962,-2.46206,3.21568,0.984587,0.0702131,-0.154776,-0.0912996,0.937342,-0.0576939,0.149173,0.0660985,0.986263,18.6547,16.204,7.97455,8.03069,9.08165,8.83515
-0.0802371,-1.6212,2.93892,0.946842,-0.105113,-0.304131,0.10098,0.936393,-0.0284868,0.30544,-0.00530252,0.952204,13.9044,10.7619,8.65451,8.95653,8.61493,8.40046
-0.109768,-2.20744,3.67889,0.951919,0.0964271,-0.286278,-0.112881,0.936984,0.00319214,0.284795,0.0259441,0.958141,22.9544,17.5533,7.78871,7.97294,8.69,8.34384
0.787146,-1.25692,3.43126,0.962524,0.0807193,0.254996,-0.097239,0.938422,0.0066898,-0.253164,-0.0275274,0.966919,15.8105,10.5793,8.93373,8.6214,7.82735,8.00278
0.507156,-1.18084,3.39222,0.996119,0.0332013,0.0772492,-0.0460056,0.940477,0.0484288,-0.0750339,-0.048067,0.995835,15.6789,10.5406,8.92424,8.78435,7.89004,7.91936
0.411305,-0.930308,2.80708,0.99904,0.0341378,0.00723003,-0.0436822,0.938006,0.0881394,-0.00338623,-0.0830031,0.996082,14.5075,10.5276,9.43557,9.31664,8.14959,8.08797
0.475718,-2.02506,4.3909,0.996713,-0.0532243,0.0641127,0.0511752,0.940412,-0.0242241,-0.06281,0.0264995,0.997649,16.3082,9.86792,7.68909,7.62336,7.96313,8.04037
0.831047,-2.07405,3.21587,0.943793,-0.118962,0.308089,0.122019,0.934357,0.0119051,-0.30719,0.0270913,0.951283,8.2738,6.05852,8.3975,8.17878,8.51275,8.84071
0.0288533,-2.67528,2.87771,0.976128,0.0911368,-0.1909,-0.11953,0.933685,-0.0739083,0.181349,0.088524,0.978823,18.38,17.7036,8.04584,8.09274,9.46611,9.14197
-0.104156,-1.94518,3.24109,0.946148,0.0849587,-0.308903,-0.0942134,0.93844,0.0235085,0.309721,0.00465602,0.950803,20.7463,16.5314,8.25322,8.4335,8.74044,8.39654
0.0676909,-0.877327,4.33369,0.981084,-0.117456,-0.153652,0.126302,0.932847,0.047079,0.146706,-0.0625334,0.987003,15.8684,8.00983,8.49305,8.71421,7.19308,7.03811
0.113554,-1.50233,2.88179,0.982091,-0.0739725,-0.174277,0.0743005,0.939136,0.00905112,0.17314,-0.0214773,0.984655,13.365,10.2527,8.8372,9.01856,8.53257,8.40995
0.344129,-0.819253,4.31664,0.997167,-0.0773928,-0.00298139,0.0751684,0.936326,0.0768959,-0.00281555,-0.0722003,0.997035,15.4448,7.77837,8.63104,8.6943,7.07876,7.09732
0.562439,-1.02339,3.75788,0.993101,0.0523211,0.0992576,-0.0681727,0.939086,0.0554033,-0.0954142,-0.0573493,0.993518,17.2406,10.5402,8.861,8.68586,7.52927,7.5865
0.636014,-2.78127,2.69566,0.978385,-0.123604,0.165203,0.1411,0.927706,-0.093626,-0.151172,0.109514,0.981806,8.71712,8.0127,8.17666,8.11796,9.34561,9.63468
0.662118,-1.16804,3.46143,0.982404,0.061949,0.172096,-0.079461,0.939288,0.0334949,-0.169024,-0.0425372,0.984511,16.0054,10.5618,8.94365,8.706,7.78498,7.89702
0.055361,-2.05643,3.17764,0.977009,0.0572498,-0.202183,-0.0717063,0.940232,-0.0128422,0.200777,0.0243998,0.979264,18.6126,15.1934,8.26385,8.37385,8.80697,8.56111
0.501345,-1.84155,3.526,0.995077,-0.0456147,0.090014,0.0424704,0.941095,-0.00916241,-0.0895489,0.0130263,0.995898,13.4943,9.60123,8.33333,8.24962,8.28255,8.37196
0.373139,-0.959783,3.57382,0.998153,-0.0630984,0.00957844,0.059096,0.937546,0.0756271,-0.014071,-0.0702597,0.99709,13.5483,8.25592,8.90515,8.95592,7.62235,7.66713
0.708513,-1.50301,2.87177,0.970885,0.0556828,0.230324,-0.0672928,0.940572,-0.00147655,-0.229898,-0.0115013,0.973113,13.776,10.5815,9.06052,8.79811,8.38422,8.52638
0.762664,-2.07044,2.98921,0.956688,-0.108225,0.270247,0.112345,0.935561,0.000268474,-0.268565,0.0303704,0.962791,8.69094,6.73376,8.53278,8.34751,8.66463,8.95273
0.395221,-1.95035,4.23376,0.999495,-0.030754,0.0187541,0.0260568,0.941552,-0.0215018,-0.0181918,0.0210746,0.999593,17.1497,10.7623,7.81261,7.79278,8.01301,8.03557
0.388109,-2.21221,3.26215,0.998871,-0.0488142,0.0157602,0.0455762,0.939745,-0.0510389,-0.0134355,0.0490472,0.998572,13.5079,10.7642,8.18042,8.18541,8.7365,8.78266
0.456546,-1.29813,3.9802,0.998658,0.0156037,0.0461337,-0.0251613,0.941562,0.0351017,-0.0452647,-0.0335825,0.998318,17.3867,10.5264,8.48802,8.40074,7.63168,7.65237
0.137483,-1.17996,3.19877,0.985601,-0.08717,-0.145829,0.092406,0.936853,0.0406677,0.141603,-0.051157,0.988474,13.3089,9.07152,8.87502,9.06318,8.08135,7.98607
0.280646,-2.67234,3.7579,0.997562,0.0551024,-0.0242051,-0.0674119,0.936595,-0.0913582,0.0180683,0.0875354,0.995524,18.6585,14.9744,7.53878,7.49822,8.89195,8.76237
0.697455,-2.33801,2.74096,0.968305,-0.108469,0.225019,0.11955,0.934081,-0.0364742,-0.219301,0.0603096,0.973671,8.71213,7.39766,8.48201,8.35258,9.0128,9.28704
0.296176,-2.43605,3.3726,0.998644,0.0347456,-0.0280319,-0.0457918,0.939094,-0.0722971,0.0247579,0.0693207,0.996989,16.7696,13.9223,7.95678,7.91801,8.90891,8.79814
-0.051764,-1.24228,4.44819,0.965966,-0.119226,-0.229296,0.123212,0.934275,0.000930988,0.227438,-0.028729,0.973356,17.8146,9.37434,8.11821,8.39106,7.45826,7.22026
0.400019,-1.49033,4.33865,0.999858,-0.00873297,0.0166673,0.00198861,0.94211,0.0175783,-0.0167048,-0.0161757,0.999707,18.3679,10.5213,8.12669,8.08922,7.59605,7.59881
0.390566,-2.78885,3.35805,0.995616,-0.0946714,0.00186023,0.0931329,0.931603,-0.111745,0.00860904,0.105182,0.993735,12.5454,10.6303,7.68104,7.72895,9.07796,9.18772
0.675759,-2.54612,4.27277,0.978128,-0.122892,0.167276,0.132968,0.932014,-0.0458096,-0.159951,0.0644734,0.984845,11.7505,7.60072,7.38403,7.22502,8.36321,8.59179
0.560715,-2.72791,3.56234,0.987728,-0.114373,0.106222,0.123883,0.930623,-0.0863647,-0.0951151,0.0936478,0.990585,11.1751,8.80894,7.63473,7.57519,8.87452,9.07401
-0.119753,-2.26065,4.16005,0.955096,0.10243,-0.272879,-0.119288,0.936322,0.00255939,0.271225,0.0268165,0.962045,25.7165,17.8778,7.45723,7.66792,8.47925,8.14094
0.5589,-1.13139,3.28125,0.992536,0.0454929,0.108752,-0.0609299,0.939741,0.0501657,-0.105644,-0.0522219,0.992802,15.4762,10.5483,9.04329,8.86328,7.91001,7.96016
-0.0857141,-2.62837,3.85433,0.962509,0.110858,-0.241018,-0.137376,0.933558,-0.037556,0.233888,0.0639556,0.969794,23.7061,18.8214,7.38313,7.53639,8.92154,8.57715
0.788621,-2.69136,4.32885,0.963176,-0.147824,0.223003,0.162637,0.927937,-0.0383631,-0.214105,0.0706401,0.974063,10.0534,6.38489,7.26204,7.04771,8.42089,8.72083
0.112706,-1.52796,4.03197,0.985755,-0.0725546,-0.152896,0.0713978,0.939387,0.00321497,0.15228,-0.0140343,0.988237,16.9303,10.4021,8.15534,8.32227,7.86962,7.72361
-0.103338,-1.33088,4.26765,0.955359,-0.124201,-0.267674,0.126169,0.93382,-0.0131321,0.267154,-0.0215256,0.96342,17.3828,9.70434,8.12031,8.4259,7.63448,7.37488
0.169558,-1.31369,4.33826,0.991309,-0.0735864,-0.11066,0.0741592,0.938929,0.0234477,0.108656,-0.0301078,0.993582,17.4903,9.63056,8.18129,8.31891,7.51508,7.40399
0.383661,-2.42827,3.4528,0.998048,-0.0648117,0.00897179,0.0622937,0.937562,-0.0719467,-0.00448426,0.0684603,0.997368,13.6084,10.7718,7.89239,7.91361,8.7813,8.84288
0.570024,-1.75568,3.4118,0.990508,0.0143264,0.135666,-0.0208624,0.942144,-0.0104962,-0.135861,0.00826642,0.990699,14.6328,10.5746,8.49213,8.34556,8.26633,8.37382
-0.00405592,-2.69642,2.54082,0.970017,0.095411,-0.217675,-0.126937,0.932823,-0.0744831,0.207253,0.0929867,0.973175,17.6722,18.1317,8.26467,8.30165,9.69642,9.3324
-0.128886,-1.42124,3.99398,0.946943,-0.125979,-0.295247,0.125534,0.933706,-0.0239993,0.295873,-0.0152257,0.95512,16.5612,10.0012,8.18112,8.50572,7.8551,7.5929
0.507324,-2.02831,2.55352,0.993078,-0.0585411,0.103676,0.0584843,0.93987,-0.0287946,-0.101866,0.0335716,0.994194,10.9159,9.47683,8.80926,8.74337,8.99838,9.11568
0.81296,-2.19268,3.51691,0.950692,-0.12398,0.283829,0.130173,0.933391,0.000652942,-0.281495,0.0363174,0.958875,8.77304,6.18098,8.12184,7.90696,8.43397,8.75026
0.153923,-1.55083,4.12325,0.990138,-0.062447,-0.12692,0.0604271,0.940136,0.004906,0.126396,-0.0123943,0.991901,17.3539,10.4996,8.10346,8.24195,7.82771,7.70277
0.158754,-1.51305,4.48817,0.991304,-0.0634446,-0.116923,0.0615992,0.94005,0.00691911,0.11628,-0.013773,0.993117,18.8419,10.3831,7.94813,8.08195,7.60371,7.47778
0.796374,-1.14862,3.58317,0.963084,0.0869027,0.250376,-0.105712,0.937595,0.0138868,-0.247576,-0.0356742,0.968049,16.5215,10.5764,8.93418,8.61588,7.65139,7.82958
0.0267406,-0.881836,4.42284,0.976848,-0.12399,-0.173821,0.133526,0.932201,0.039923,0.167146,-0.0594778,0.983968,16.2624,8.03363,8.43784,8.67954,7.15944,6.97706
0.132902,-1.37783,4.07472,0.987654,-0.0769086,-0.137705,0.0777126,0.938776,0.0167733,0.136016,-0.0263476,0.990331,16.6421,9.85102,8.25301,8.41417,7.71974,7.59008
0.259448,-1.24023,3.61097,0.996127,-0.061639,-0.065697,0.0612659,0.939272,0.0419487,0.0630645,-0.0433384,0.996957,14.6078,9.31966,8.64502,8.74168,7.84587,7.80441
0.550488,-2.09399,2.51947,0.988638,-0.0708763,0.13388,0.0732423,0.938761,-0.0320249,-0.131263,0.0401794,0.99048,10.2746,8.99167,8.79076,8.7104,9.04457,9.19937
-0.00634014,-1.79306,3.96247,0.969647,-0.0856172,-0.229617,0.0791222,0.938344,-0.0304892,0.231352,0.00945142,0.972803,17.3709,11.3545,7.95521,8.18849,8.15093,7.93356
0.652113,-2.69395,4.08951,0.980042,-0.127229,0.151919,0.139187,0.930216,-0.0639225,-0.141931,0.0801302,0.986324,11.339,7.83585,7.36427,7.23272,8.56792,8.79842
0.547341,-2.3513,3.82698,0.990368,-0.0880856,0.108044,0.0923225,0.936473,-0.0492607,-0.103185,0.0562909,0.992925,12.6809,9.01329,7.76292,7.67853,8.47111,8.62201
0.769269,-0.920721,3.79476,0.971083,0.0926956,0.214359,-0.115721,0.936039,0.0375352,-0.208821,-0.0561049,0.976034,17.7292,10.5651,8.98932,8.68386,7.36391,7.52352
0.198914,-0.931791,2.51848,0.990255,-0.0918363,-0.105847,0.0992592,0.933905,0.0805124,0.0976912,-0.085426,0.991118,11.0997,8.12045,9.45695,9.65049,8.33349,8.31028
0.0155845,-1.51592,3.5162,0.97011,-0.0930373,-0.224594,0.0928782,0.937562,-0.00621503,0.22419,-0.0152134,0.974433,15.1461,10.3266,8.41637,8.65341,8.17364,7.98868
-0.133044,-1.58005,3.59863,0.941104,-0.119855,-0.315903,0.115138,0.934625,-0.0357751,0.317911,-0.00441098,0.948117,15.6489,10.5864,8.27589,8.60458,8.19928,7.94487
0.40442,-1.25063,3.82827,0.999757,0.00907497,0.0145001,-0.0172228,0.941391,0.0426884,-0.0137754,-0.0401147,0.998983,16.9105,10.5215,8.59242,8.53294,7.70496,7.68928
0.21508,-1.9521,2.57809,0.994,0.0202393,-0.105614,-0.0307965,0.941817,-0.0205913,0.104955,0.0219021,0.994194,14.8072,13.0847,8.78197,8.81425,9.05095,8.91151
0.0622913,-2.44187,4.3258,0.983951,0.0787795,-0.153768,-0.0978976,0.937577,-0.0410505,0.149183,0.0515024,0.987254,24.1582,16.5639,7.28182,7.40188,8.48261,8.25392
0.324976,-1.55895,3.09979,0.999349,-0.0262007,-0.0294822,0.0213003,0.94179,0.0163709,0.0291309,-0.0159553,0.999431,14.051,10.5126,8.74653,8.77616,8.3931,8.3733
0.76321,-1.01649,2.77772,0.965252,0.085162,0.242626,-0.109684,0.936591,0.0390185,-0.237189,-0.0587647,0.969335,14.4508,10.5719,9.49831,9.1596,8.10665,8.21949
0.643005,-1.16005,4.08808,0.986676,0.0590003,0.147119,-0.0748579,0.939659,0.0313617,-0.144455,-0.0383415,0.988621,18.2488,10.5538,8.60103,8.39395,7.40247,7.52443
0.730607,-1.26464,4.0107,0.975424,0.0702749,0.204769,-0.0855778,0.93931,0.0118735,-0.203038,-0.0258484,0.978738,17.7617,10.5704,8.58656,8.32755,7.49757,7.67031
0.276592,-0.98077,4.1788,0.996224,-0.0764717,-0.0451029,0.0768465,0.937253,0.0605752,0.040393,-0.060151,0.997144,15.6073,8.37852,8.5501,8.64506,7.30447,7.27564
0.813551,-2.30289,4.08396,0.955937,-0.131374,0.261815,0.139094,0.932175,-0.00553836,-0.25853,0.0412419,0.965102,9.71233,6.16562,7.71225,7.47973,8.22399,8.52995
0.28709,-2.40669,2.97721,0.998388,0.0342298,-0.0366659,-0.0458902,0.939075,-0.0725194,0.0333893,0.0698314,0.996693,15.6413,13.9098,8.23776,8.1966,9.11948,8.99514
0.84466,-1.41538,3.47518,0.949801,0.0860378,0.297152,-0.0970455,0.938308,-0.0175738,-0.297424,-0.00925188,0.954668,15.6654,10.5899,8.80663,8.46648,7.89613,8.10764
0.261152,-1.25484,2.5053,0.99565,-0.0608664,-0.0732254,0.0613363,0.938937,0.0496221,0.0701381,-0.0510047,0.99608,11.9174,9.32165,9.28738,9.39834,8.56756,8.54562
0.505206,-2.40398,3.33301,0.992865,-0.0835013,0.0868547,0.0872774,0.936231,-0.0625019,-0.0812465,0.0663941,0.994258,11.8884,9.45309,8.01513,7.96825,8.78611,8.92625
-0.00264865,-2.2604,2.75089,0.966706,0.0759495,-0.240494,-0.0963172,0.938207,-0.0254524,0.237072,0.0436859,0.970317,18.0774,16.5514,8.39271,8.48967,9.24023,8.9305
0.209157,-2.65727,2.92624,0.994427,0.0637352,-0.0744839,-0.0815715,0.935343,-0.0952351,0.0667903,0.0947641,0.992664,16.6138,15.666,8.08409,8.05439,9.36685,9.16215
0.205935,-1.347,3.40268,0.992742,-0.064745,-0.103204,0.0651365,0.939423,0.0298252,0.101097,-0.0346568,0.994213,14.317,9.70532,8.66685,8.79264,8.06849,7.99407
0.49381,-2.47436,3.77142,0.993652,-0.0870743,0.0731366,0.0903419,0.935742,-0.0659564,-0.0670396,0.0686645,0.995139,12.9959,9.57371,7.68649,7.64111,8.608,8.7362
0.354203,-1.6872,3.80734,0.999961,-0.00917441,-0.00837632,0.00275959,0.942243,0.00197672,0.00837085,-0.00169525,0.999963,16.5597,11.0476,8.24877,8.24802,8.06059,8.04744
0.553034,-1.64598,3.40699,0.992241,0.0156335,0.122089,-0.0237705,0.942157,0.000782949,-0.122036,-0.00242024,0.992519,14.807,10.5534,8.57243,8.43184,8.19514,8.286
0.122927,-2.40225,2.84609,0.986483,0.0615593,-0.147066,-0.0815469,0.938055,-0.0580785,0.14213,0.0645908,0.98742,17.096,15.6905,8.27459,8.31052,9.24685,9.01037
0.264158,-1.05074,4.29119,0.99606,-0.0735536,-0.0530317,0.0738501,0.937932,0.0521946,0.0491043,-0.0527577,0.997228,16.3117,8.6486,8.43855,8.53387,7.3011,7.25874
0.661462,-2.43262,3.4533,0.976888,-0.1112,0.182532,0.121413,0.933499,-0.0455555,-0.175924,0.0642145,0.982144,10.1982,7.75665,7.9498,7.82045,8.68827,8.9272
-0.0533781,-2.7525,3.94285,0.969381,0.112609,-0.210565,-0.140694,0.932389,-0.0545773,0.201258,0.076679,0.976055,23.7773,18.9231,7.24891,7.38431,8.96592,8.63745
-0.0557943,-1.82263,2.78438,0.952027,0.0702859,-0.295011,-0.077177,0.939659,0.0256975,0.296124,-0.00331627,0.955148,18.3811,15.5544,8.64792,8.80503,8.91662,8.60174
0.43937,-2.2113,3.97537,0.997463,-0.0588121,0.0446441,0.0574131,0.939414,-0.0438872,-0.0420937,0.0441847,0.998038,14.9121,10.2194,7.75956,7.72749,8.32755,8.3975
0.253507,-1.13875,2.61578,0.994911,-0.0700152,-0.0749617,0.0719699,0.937603,0.0610253,0.0705184,-0.0625145,0.995317,11.8393,8.88929,9.28894,9.4172,8.40845,8.39102
0.304436,-1.57022,2.97945,0.99873,-0.0299192,-0.0438699,0.0254452,0.941689,0.0151719,0.043475,-0.0153721,0.998922,13.7656,10.5442,8.8053,8.84844,8.48286,8.45179
0.846545,-1.85338,3.54494,0.942662,-0.117564,0.312096,0.113607,0.934906,0.0331099,-0.313818,0.00629916,0.949474,8.79975,5.85612,8.37852,8.1304,8.16189,8.48225
0.397225,-1.13292,4.40302,0.999734,0.0144665,0.00573356,-0.0225897,0.941112,0.0477366,-0.00465907,-0.044816,0.998844,19.5309,10.5035,8.38826,8.3378,7.28809,7.26894
0.0424116,-2.59196,2.82087,0.977215,0.0844855,-0.189026,-0.111006,0.934998,-0.0674579,0.180912,0.0809341,0.979652,18.0181,17.2537,8.14359,8.19174,9.43204,9.12312
0.478381,-1.6286,4.46298,0.99802,-0.00132536,0.0626507,-0.00581802,0.942282,0.00401582,-0.0626268,-0.00346363,0.998027,18.616,10.5302,7.97486,7.89313,7.61225,7.66997
0.122473,-2.71207,2.77231,0.987426,0.0795707,-0.128995,-0.103859,0.933678,-0.0935446,0.119181,0.0991154,0.987223,17.099,16.8089,8.12898,8.12757,9.52748,9.25368
0.0667736,-1.81022,2.8586,0.975446,-0.069437,-0.20986,0.0629924,0.939682,-0.024864,0.21104,0.00924514,0.977415,13.9571,11.3719,8.63111,8.82054,8.79103,8.62604
0.159977,-1.30829,2.83925,0.987439,-0.075669,-0.139936,0.07872,0.938313,0.0331154,0.136995,-0.0418522,0.989607,12.7846,9.53319,9.00845,9.1768,8.40443,8.31998
0.406756,-1.15253,2.93147,0.999541,0.0187842,0.0138739,-0.0277227,0.940327,0.0613411,-0.0121912,-0.0578115,0.99802,14.4512,10.5619,9.18878,9.10069,8.20887,8.17062
0.666014,-1.59396,3.48491,0.980017,0.0427079,0.191965,-0.0520566,0.941317,-0.00541289,-0.191984,-0.00291318,0.981387,15.2164,10.5745,8.60337,8.38604,8.07441,8.22051
-0.015226,-2.45027,4.20609,0.974071,0.0923545,-0.200467,-0.11336,0.936467,-0.031291,0.195794,0.0490821,0.979201,24.5979,17.4303,7.32012,7.47456,8.57409,8.29458
0.418436,-2.43256,3.48675,0.997192,-0.0710478,0.0304079,0.0704315,0.937111,-0.0702619,-0.0254486,0.0684487,0.997065,13.2656,10.3942,7.87606,7.87694,8.7534,8.83699
0.607597,-1.65316,4.24366,0.989404,0.0261566,0.140998,-0.0342484,0.941925,-0.00520599,-0.141094,0.00147457,0.989996,17.7013,10.5598,8.11143,7.94523,7.70448,7.83641
0.501936,-1.7408,4.27951,0.996768,-0.00209291,0.0801922,-0.00430459,0.942271,-0.00544158,-0.080216,0.00555746,0.996765,17.5735,10.5473,7.98728,7.89224,7.78827,7.86416
0.362711,-1.14024,4.13642,0.99896,-0.0495311,-0.000929055,0.0455701,0.939799,0.0504382,-0.00137213,-0.0472637,0.998727,16.0333,8.98258,8.47929,8.51075,7.43183,7.44933
0.463798,-2.18652,3.58868,0.996324,-0.061389,0.0628596,0.060951,0.939239,-0.0427596,-0.0601964,0.0443931,0.997106,13.4703,9.94879,8.01499,7.97202,8.5068,8.59623
0.342971,-1.82753,4.27901,0.999881,-0.0144504,-0.0129559,0.00819858,0.94212,-0.0110544,0.0130469,0.0104731,0.999855,18.3918,11.2817,7.87244,7.86725,7.91372,7.88369
0.193227,-2.62559,3.88004,0.994054,0.0661805,-0.0767831,-0.0831696,0.936667,-0.0777757,0.070279,0.0786468,0.99401,20.2397,15.7692,7.46217,7.4796,8.81648,8.64135
-0.0761648,-2.41935,4.04945,0.96348,0.100753,-0.242433,-0.121966,0.935855,-0.0192072,0.238393,0.0439651,0.969978,24.5482,17.972,7.41725,7.59376,8.64878,8.32808
-0.0464916,-1.1773,3.10577,0.957006,-0.116528,-0.265465,0.125436,0.93389,0.015343,0.261543,-0.0466997,0.963998,13.1902,9.11167,8.86852,9.17731,8.16758,7.99027
0.198362,-1.05075,3.42462,0.99147,-0.0849464,-0.100328,0.0892282,0.936383,0.0572398,0.0950006,-0.0622936,0.993307,13.4909,8.59774,8.85991,9.01552,7.8279,7.76807
0.816843,-2.05813,2.75167,0.943341,-0.109885,0.313024,0.113381,0.935417,0.00777261,-0.311852,0.0288196,0.949713,7.91833,6.31852,8.70079,8.49985,8.7835,9.11022
0.419163,-0.921754,3.27745,0.998949,0.0353119,0.011157,-0.0452262,0.938421,0.0822874,-0.00744941,-0.0776381,0.996546,15.8073,10.521,9.16647,9.0571,7.81986,7.77365
0.537273,-1.34552,3.67602,0.994355,0.0289105,0.0992129,-0.0405924,0.941388,0.0282316,-0.0980298,-0.0293576,0.994666,16.2529,10.5463,8.64289,8.50068,7.81974,7.88462
0.0358311,-1.72588,4.1119,0.976957,-0.0789232,-0.199109,0.0743822,0.938972,-0.0199897,0.200054,0.00336778,0.979774,17.7986,11.1248,7.93776,8.14495,8.00694,7.81092
0.226745,-2.29246,3.41449,0.995933,0.0359881,-0.0779527,-0.049374,0.940114,-0.0527851,0.0753641,0.0529086,0.995559,17.5319,14.1288,8.00386,8.01729,8.79394,8.65097
0.728609,-1.59083,3.35686,0.96972,0.0562065,0.23503,-0.0651103,0.940611,-0.0131221,-0.235382,-0.000641191,0.9719,14.8896,10.5833,8.70339,8.44242,8.13098,8.30312
0.778818,-2.38606,3.75897,0.959847,-0.128675,0.24863,0.139164,0.931987,-0.0199244,-0.243573,0.0524641,0.968394,9.3809,6.50632,7.82302,7.62441,8.45876,8.75787
0.173779,-1.93437,4.43158,0.993462,0.0280242,-0.108102,-0.0382792,0.941752,-0.0124271,0.107558,0.0150664,0.994062,22.1925,13.5005,7.65105,7.73962,7.97724,7.83503
-0.135786,-1.51917,2.82396,0.933267,-0.111008,-0.341537,0.108791,0.935624,-0.0262532,0.342311,-0.0139501,0.939502,13.6501,10.5867,8.77764,9.12395,8.61545,8.39009
-0.0557857,-1.77381,3.56168,0.957281,-0.0977691,-0.272407,0.0902273,0.937161,-0.0372957,0.274723,0.00890661,0.961459,15.9168,11.2638,8.1815,8.45159,8.36468,8.1337
0.452725,-2.73658,4.11847,0.994365,-0.100044,0.0373115,0.102232,0.932817,-0.0896786,-0.0280659,0.0880471,0.995272,14.0176,9.98386,7.26365,7.24977,8.6482,8.76285
0.165031,-1.88597,2.75017,0.989353,0.0273802,-0.141008,-0.0377058,0.941801,-0.009361,0.140565,0.0130522,0.989964,15.7482,13.4029,8.69451,8.75947,8.90853,8.74128
0.398321,-2.64319,4.4418,0.996519,-0.0845951,0.00958416,0.0833147,0.935421,-0.079608,-0.0029277,0.0757659,0.99678,16.1494,10.5911,7.13752,7.14447,8.44844,8.51353
0.800109,-2.74915,3.63628,0.957036,-0.146169,0.24906,0.165676,0.926976,-0.0493692,-0.237979,0.0852054,0.967229,8.47633,6.29389,7.61546,7.43684,8.78156,9.12341
0.127994,-1.65859,2.94378,0.984435,-0.062861,-0.165269,0.0598964,0.94017,-0.00432557,0.165229,-0.0061628,0.986239,13.864,10.8327,8.70037,8.85837,8.61034,8.48267
0.260207,-2.27574,2.65129,0.997309,0.0301576,-0.0620856,-0.0426638,0.940037,-0.0589177,0.0596237,0.0577132,0.99633,14.9078,13.7304,8.5374,8.5158,9.22844,9.09149
0.123102,-0.872081,2.63337,0.982672,-0.105758,-0.152517,0.118044,0.932114,0.0768453,0.142903,-0.0888192,0.985309,11.1881,7.92446,9.39967,9.64649,8.22402,8.16572
0.0585794,-2.68165,2.92841,0.98035,0.0874022,-0.170245,-0.114357,0.933868,-0.0788245,0.160739,0.0903397,0.982244,18.236,17.4027,8.01568,8.05267,9.4315,9.12783
0.0351211,-1.73854,4.12871,0.976981,-0.078462,-0.199181,0.0736838,0.939007,-0.0209607,0.200197,0.00438724,0.979739,17.9005,11.1719,7.91888,8.12593,8.00863,7.81158
-0.0703025,-1.16515,3.20787,0.953016,-0.121545,-0.277151,0.13048,0.933293,0.0113492,0.273376,-0.0458328,0.960759,13.4148,9.06584,8.81134,9.13338,8.09741,7.90739
0.445377,-2.06643,2.62709,0.997263,-0.0488995,0.0587181,0.0471333,0.94027,-0.0365479,-0.0569712,0.0375703,0.997605,11.6843,10.1528,8.7194,8.68725,9.00071,9.07795
0.100262,-1.51674,3.7229,0.983231,-0.0758468,-0.166863,0.0752494,0.939093,0.0037179,0.166116,-0.0161295,0.985973,15.7897,10.3424,8.32779,8.50686,8.03686,7.89012
-0.0541367,-1.32604,2.7893,0.952601,-0.108936,-0.284072,0.114433,0.935319,0.00298543,0.281879,-0.0349331,0.958798,12.8994,9.70606,8.95252,9.26164,8.48179,8.30244
0.425575,-2.52646,3.4032,0.996483,-0.07926,0.0326748,0.0795692,0.935676,-0.0803905,-0.0262624,0.078349,0.996228,12.7751,10.2982,7.8587,7.86404,8.86143,8.96108
0.387904,-1.83277,3.70682,0.999786,-0.0199407,0.0150487,0.0143562,0.942005,-0.0119202,-0.0148771,0.0117754,0.999816,15.6424,10.8588,8.20487,8.18339,8.21522,8.22628
0.607175,-1.74127,2.98974,0.985314,0.0250932,0.167439,-0.0318188,0.941921,-0.012573,-0.167762,0.00799897,0.985802,13.6098,10.6089,8.77679,8.59953,8.50412,8.6233
0.0107566,-1.62952,3.97567,0.972257,-0.0889838,-0.216901,0.0861132,0.93807,-0.0162326,0.217488,-0.00392308,0.976059,17.0149,10.7633,8.07595,8.30446,8.00716,7.80377
-0.133015,-2.68962,4.11627,0.956927,0.122775,-0.255944,-0.149806,0.932157,-0.0309118,0.248696,0.0625984,0.966197,25.7799,19.5723,7.16018,7.34468,8.85406,8.49151
0.371275,-2.16289,3.52933,0.999286,-0.0418733,0.00497453,0.0376391,0.940393,-0.0447994,-0.00328812,0.0426248,0.998984,14.5589,10.9637,8.04703,8.05588,8.55704,8.58439
0.57517,-2.53661,3.64639,0.987123,-0.104245,0.121743,0.112229,0.933561,-0.0648708,-0.113984,0.0742056,0.99044,11.5216,8.67925,7.73318,7.64948,8.69014,8.87773
0.0504274,-1.49527,2.89926,0.972627,-0.0866456,-0.216227,0.0875952,0.938066,0.00197302,0.215228,-0.0208347,0.976341,13.4091,10.2296,8.80818,9.03261,8.52658,8.37493
0.420363,-1.45045,3.1829,0.999457,0.000893278,0.0319714,-0.00879149,0.941952,0.0269707,-0.0317448,-0.0252115,0.999125,14.5435,10.5628,8.8134,8.747,8.23983,8.24102
0.541827,-1.93004,3.70316,0.991908,-0.0600801,0.113516,0.0588124,0.940153,-0.013962,-0.112515,0.020324,0.993438,13.2397,9.14424,8.16816,8.06602,8.23032,8.35161
0.65808,-1.74753,3.42502,0.980281,0.0342435,0.192839,-0.0404853,0.941608,-0.0177159,-0.193415,0.0105214,0.981071,14.7284,10.5781,8.52024,8.3139,8.22513,8.37664
-0.0723938,-1.2488,3.45109,0.954082,-0.120056,-0.274163,0.126056,0.933918,0.00204376,0.271729,-0.0359573,0.961681,14.2869,9.36288,8.61613,8.92701,8.01602,7.80898
0.392353,-2.33643,2.71771,0.998289,-0.0590133,0.0179367,0.0567584,0.938143,-0.0684488,-0.0140562,0.0656821,0.997493,11.9613,10.6815,8.44623,8.46556,9.13791,9.20888
-0.0498134,-1.69144,2.7259,0.951861,-0.0969642,-0.29105,0.0914915,0.937287,-0.0296907,0.292556,-0.000155274,0.956247,13.5047,10.9966,8.75203,9.03141,8.79824,8.59653
0.11369,-2.49505,4.27833,0.988817,0.0726127,-0.123221,-0.0910243,0.937639,-0.0524598,0.118132,0.0589107,0.990992,23.1832,16.1923,7.28686,7.37339,8.53321,8.33156
0.675294,-1.74709,4.18274,0.981698,0.0368207,0.18483,-0.0431643,0.941502,-0.0187599,-0.185486,0.0112978,0.982592,17.2851,10.5744,8.09258,7.88412,7.78936,7.96218
0.030615,-1.67497,3.68648,0.973639,-0.0827991,-0.213224,0.079186,0.938644,-0.0170937,0.213908,-0.00139803,0.976854,16.0825,10.9149,8.20959,8.4261,8.19932,8.0102
0.210744,-1.85436,3.75684,0.994939,0.0155935,-0.0976828,-0.0245439,0.942102,-0.00918499,0.0974332,0.0104711,0.995175,18.3424,12.7954,8.10188,8.16385,8.26158,8.1388
0.572021,-1.85348,3.24331,0.9883,-0.0616129,0.140853,0.0598342,0.94017,-0.0051482,-0.140297,0.0139015,0.990017,11.826,8.81249,8.51145,8.39308,8.43152,8.57181
0.291169,-0.823761,2.79606,0.995643,-0.0867033,-0.0382514,0.0884193,0.933511,0.0974947,0.0296272,-0.0946049,0.994501,11.2782,7.70989,9.39604,9.53619,8.04687,8.07443
0.116937,-1.11741,2.74162,0.982012,-0.0934552,-0.164738,0.101494,0.935631,0.0484497,0.159222,-0.0613944,0.985147,12.0856,8.82694,9.17629,9.39483,8.3332,8.24607
0.126476,-2.6788,3.84994,0.989336,0.0802307,-0.112844,-0.101028,0.935339,-0.0761911,0.10492,0.0813196,0.990687,21.0071,16.6894,7.42038,7.46873,8.89607,8.67533
0.75804,-2.4804,4.22101,0.966693,-0.132202,0.2183,0.143036,0.931257,-0.0279362,-0.212237,0.0565051,0.975482,10.5374,6.7232,7.48372,7.28031,8.31218,8.58814
0.266001,-1.10173,2.58717,0.995532,-0.0705221,-0.0656543,0.0722181,0.937264,0.0663633,0.060834,-0.0668779,0.995633,11.6787,8.74829,9.33447,9.45955,8.39817,8.39132
0.0570314,-0.876893,4.27822,0.979729,-0.119023,-0.160836,0.128372,0.932612,0.0464007,0.153789,-0.0630627,0.98589,15.6609,8.00702,8.51557,8.74487,7.22578,7.06693
0.616848,-1.73545,4.0182,0.987619,0.0244959,0.153393,-0.0313443,0.941936,-0.0123038,-0.15371,0.00817349,0.988089,16.6432,10.566,8.17181,7.99919,7.88779,8.02605
0.6131,-1.63456,2.65069,0.9839,0.0303765,0.174398,-0.0392836,0.941795,-0.00223721,-0.17435,-0.00299225,0.984673,12.9874,10.5771,9.07451,8.88208,8.64866,8.75598
0.772959,-2.28152,4.3696,0.965193,-0.125472,0.228929,0.132179,0.933081,-0.00971166,-0.225681,0.0390695,0.973395,11.0073,6.58901,7.56831,7.34363,8.08264,8.35487
0.373972,-2.33295,3.42557,0.998631,-0.0556533,0.00476803,0.0522791,0.938759,-0.0627406,-0.00148442,0.0595258,0.998018,13.8571,10.8958,7.98057,8.00076,8.73317,8.77949
0.215853,-2.4197,3.2547,0.995212,0.0451011,-0.0808982,-0.0602732,0.938859,-0.0662748,0.0769381,0.06648,0.994517,17.2699,14.6863,8.01767,8.02113,8.98867,8.82456
0.784065,-1.10384,3.44292,0.964709,0.0863385,0.244278,-0.106652,0.937388,0.0211258,-0.240753,-0.0419294,0.969475,16.1526,10.574,9.0443,8.72591,7.71276,7.87541
0.546608,-1.58152,4.05015,0.993976,0.017049,0.106709,-0.0257383,0.942111,0.00540078,-0.106537,-0.00670157,0.994276,17.0632,10.5492,8.25228,8.12079,7.77456,7.86575
0.58913,-2.35327,4.21649,0.98745,-0.0963902,0.125842,0.101392,0.935901,-0.0418832,-0.121086,0.0520323,0.991166,13.2151,8.56774,7.54832,7.43132,8.26578,8.43343
0.771598,-1.75244,3.54046,0.962334,0.0593712,0.262791,-0.0632621,0.940281,-0.0327746,-0.264407,0.0160317,0.964296,15.1317,10.5919,8.48704,8.20698,8.12588,8.33283
0.0828277,-2.12818,3.52115,0.982474,0.0560133,-0.174186,-0.0712282,0.940112,-0.0218425,0.172253,0.031017,0.98447,19.6292,15.1632,8.00378,8.10631,8.65129,8.42702
-0.141849,-1.2701,3.24527,0.936929,-0.12836,-0.324609,0.133191,0.932931,-0.0112028,0.323148,-0.0327468,0.945782,13.8902,9.50032,8.69495,9.05366,8.16125,7.93678
0.192036,-2.31673,4.36588,0.994752,0.0444606,-0.0868007,-0.0582051,0.940096,-0.0447415,0.0841431,0.0463864,0.99522,22.1435,14.616,7.39804,7.45426,8.31842,8.17455
0.517822,-1.80314,3.95178,0.995457,-0.00106779,0.0950346,-0.00475098,0.942224,-0.0112827,-0.0950929,0.0110272,0.99541,16.2056,10.5636,8.12269,8.01726,8.00772,8.09429
-0.049258,-1.08705,3.8637,0.962212,-0.124587,-0.241693,0.133381,0.932839,0.0167498,0.237398,-0.0468894,0.970208,15.0234,8.77043,8.52368,8.81808,7.64693,7.44057
0.0263054,-2.78615,2.57344,0.975727,0.0963073,-0.189889,-0.127968,0.931468,-0.0901952,0.177709,0.10489,0.977654,17.4953,18.1232,8.19578,8.21333,9.73443,9.37944
-0.00517113,-2.18486,2.81574,0.965907,0.0734548,-0.244615,-0.0917294,0.938754,-0.0171691,0.242092,0.0354111,0.969468,18.2509,16.3081,8.39747,8.50579,9.14472,8.84115
0.0191237,-1.91842,3.87118,0.974393,0.0597446,-0.213589,-0.0708145,0.940356,0.00512568,0.21341,0.00837848,0.97691,21.7531,15.116,7.9263,8.08441,8.31265,8.06288
0.548521,-2.417,3.51789,0.989629,-0.0919465,0.111397,0.0975596,0.93553,-0.0578394,-0.105433,0.0651122,0.992091,11.7636,8.98373,7.89891,7.82513,8.68022,8.8446
0.549973,-1.003,3.55598,0.993731,0.051477,0.0933258,-0.0674088,0.938828,0.0609281,-0.0891893,-0.0621481,0.99377,16.5826,10.54,8.98433,8.80881,7.64674,7.68919
0.679683,-2.14799,4.00304,0.976882,-0.10046,0.189034,0.104671,0.936279,-0.015753,-0.186399,0.0346122,0.981844,11.6717,7.61215,7.85467,7.68385,8.1857,8.40382
0.0231678,-1.29319,4.47928,0.976792,-0.102924,-0.188153,0.105772,0.936254,0.00819896,0.186252,-0.0272858,0.982106,18.0915,9.55708,8.08456,8.30994,7.46507,7.2659
-0.100037,-1.88909,4.10897,0.955308,0.0842042,-0.27955,-0.0924121,0.938519,0.0264284,0.280796,-0.00106278,0.959767,24.7578,16.3166,7.77684,7.9979,8.20279,7.88202
0.067091,-2.55285,3.90664,0.9835,0.0825232,-0.154266,-0.104136,0.936348,-0.0556348,0.147929,0.0659612,0.986462,21.9515,16.8859,7.45386,7.54592,8.78314,8.53709
0.185991,-2.76345,3.75412,0.993373,0.0763004,-0.0740024,-0.0946649,0.934543,-0.092897,0.0651793,0.0933677,0.992922,19.9042,16.3391,7.44414,7.44869,8.99657,8.80087
0.266115,-2.10055,4.25464,0.998226,0.0191825,-0.0528763,-0.0290716,0.941567,-0.0320543,0.0519501,0.0315001,0.998086,20.1379,13.0908,7.65032,7.67333,8.17269,8.08138
0.0114739,-1.71051,2.74695,0.964777,-0.0854005,-0.249358,0.0806731,0.938411,-0.0228437,0.250395,0.00039846,0.968142,13.5179,11.0144,8.7476,8.98361,8.79244,8.61276
0.134421,-1.30951,3.00199,0.984889,-0.0803085,-0.154475,0.0837807,0.938004,0.0292639,0.151574,-0.04011,0.987563,13.176,9.54422,8.90055,9.08301,8.30535,8.20427
0.76809,-2.2354,4.33942,0.96573,-0.122207,0.228552,0.128068,0.933636,-0.00741274,-0.225752,0.0360508,0.973503,11.0789,6.64792,7.62076,7.39797,8.06166,8.33018
0.216091,-1.4428,2.76263,0.99301,-0.0569748,-0.105215,0.0563975,0.940111,0.0247995,0.103688,-0.029236,0.99414,12.9354,10.0359,8.98908,9.10714,8.54493,8.47959
0.183729,-1.83835,2.61778,0.990979,0.0212013,-0.130738,-0.0305206,0.94201,-0.00609335,0.130495,0.00883198,0.991398,15.1122,13.0337,8.82022,8.87875,8.95303,8.80098
0.82159,-1.43608,2.56424,0.94628,0.0800253,0.310142,-0.0920037,0.938794,-0.012921,-0.309982,-0.0130915,0.950602,13.2526,10.5899,9.34414,8.99408,8.51129,8.67422
0.312982,-2.24843,3.67914,0.999336,0.0195554,-0.0236088,-0.0289282,0.94081,-0.0512675,0.0221453,0.049017,0.998406,17.341,13.0885,7.89744,7.87242,8.58334,8.50477
0.0478148,-1.90985,3.67864,0.976615,0.0656967,-0.200885,-0.0770611,0.939959,0.0055468,0.20071,0.00839928,0.979599,20.8738,15.0756,8.05359,8.18897,8.40263,8.16717
0.496918,-1.37346,3.6343,0.996746,0.0193606,0.075767,-0.0297373,0.941667,0.0286117,-0.0749157,-0.0282582,0.996715,16.0337,10.5409,8.63181,8.51653,7.87885,7.92251
0.27276,-2.34285,4.18034,0.998237,0.0330309,-0.0418915,-0.044282,0.940245,-0.0539874,0.0395193,0.0525121,0.997662,20.1065,13.8712,7.51304,7.51515,8.40698,8.30738
-0.100337,-1.96525,3.71063,0.951807,0.0859934,-0.290622,-0.0960162,0.93834,0.0210886,0.291281,0.0056946,0.956606,22.764,16.5771,7.95004,8.14951,8.48082,8.14954
0.739134,-2.65453,4.38892,0.970577,-0.139583,0.194902,0.152549,0.929326,-0.0433519,-0.186306,0.0691293,0.979864,10.9542,6.90279,7.24827,7.05507,8.37887,8.64591
0.849125,-1.30809,4.36518,0.959138,0.0914644,0.263247,-0.104182,0.937752,-0.0121926,-0.26306,-0.0128543,0.964651,19.2558,10.587,8.4087,8.08951,7.29322,7.54132
0.213907,-2.39533,3.46424,0.995258,0.0437488,-0.0812943,-0.0585081,0.939225,-0.0616912,0.077705,0.0620667,0.994779,17.9717,14.6158,7.89629,7.9093,8.85068,8.69322
-0.0751674,-0.893238,4.38668,0.962524,-0.140029,-0.231158,0.151094,0.93021,0.022832,0.225205,-0.0548639,0.972648,16.2056,8.07285,8.41692,8.71842,7.21185,6.97556
0.598643,-1.73095,3.53752,0.98801,0.021182,0.151575,-0.0280928,0.942026,-0.0104188,-0.151813,0.00692873,0.988391,15.0435,10.5611,8.44523,8.27945,8.16451,8.28672
0.179117,-2.63399,2.74662,0.992243,0.0663264,-0.0973134,-0.0863266,0.935314,-0.0916585,0.0894489,0.0932653,0.991024,16.3896,15.9061,8.21557,8.19625,9.46558,9.23708
0.38483,-2.35579,4.10534,0.998368,-0.05957,0.0099385,0.0567278,0.938756,-0.0582937,-0.006627,0.0556572,0.99825,15.7904,10.7877,7.55462,7.56121,8.38945,8.43325
-0.0528186,-1.66305,3.24787,0.955287,-0.100672,-0.278224,0.0960014,0.936895,-0.0283131,0.279661,-0.00129018,0.960099,14.7367,10.8625,8.44656,8.72384,8.45772,8.24209
0.54413,-2.44423,3.97647,0.990533,-0.0938318,0.101262,0.0987301,0.935489,-0.0564374,-0.0953744,0.0629669,0.993258,12.9611,9.03767,7.60098,7.52007,8.46619,8.61791
0.375392,-1.28104,3.10398,0.999932,0.00421542,-0.0023246,-0.0113451,0.941273,0.0464949,0.00285502,-0.0435576,0.998916,14.6553,10.5663,8.97652,8.92515,8.1906,8.15048
0.0861306,-1.22093,3.85631,0.981663,-0.094526,-0.166167,0.0990197,0.936675,0.0257765,0.162887,-0.0401792,0.985761,15.3718,9.25392,8.46919,8.67249,7.72876,7.58526
0.579041,-2.48622,2.71613,0.985184,-0.0993473,0.140335,0.109026,0.93367,-0.0687667,-0.132385,0.0793667,0.987713,9.71527,8.63067,8.37133,8.3092,9.16488,9.37862
0.417206,-2.50025,4.46712,0.996942,-0.0767565,0.0236029,0.0759006,0.936995,-0.0656357,-0.0185942,0.0637114,0.997564,16.3349,10.4136,7.24409,7.23198,8.31901,8.38518
0.513974,-1.96592,3.06942,0.993258,-0.0561611,0.103259,0.0550898,0.940268,-0.020581,-0.101996,0.025537,0.994442,11.9789,9.42774,8.52067,8.44128,8.63476,8.74561
0.164315,-2.1178,3.7199,0.991674,0.0374013,-0.120023,-0.0505221,0.940982,-0.0293584,0.118448,0.0326088,0.992337,19.2316,14.1822,7.91571,7.98394,8.50457,8.33827
0.175793,-2.65145,3.2221,0.992411,0.0690246,-0.0931931,-0.088401,0.935527,-0.0872924,0.0854688,0.0890704,0.991814,17.9192,16.0213,7.87106,7.87016,9.2009,8.98734
0.185508,-1.9286,2.54766,0.99122,0.0253202,-0.127823,-0.0361455,0.941767,-0.015799,0.127189,0.0185139,0.991671,15.0435,13.3308,8.80846,8.85599,9.06338,8.90455
0.740182,-2.7514,3.30016,0.965349,-0.136615,0.221306,0.156116,0.927645,-0.0650923,-0.209116,0.0933791,0.97303,8.61159,6.93036,7.81434,7.67893,8.96906,9.29089
0.785585,-1.27394,2.71688,0.957455,0.0788202,0.2741,-0.0964226,0.938475,0.00901784,-0.271997,-0.0310125,0.961659,13.8599,10.5823,9.3524,9.01877,8.31045,8.45407
0.246133,-2.18135,3.98233,0.997263,0.027279,-0.0646126,-0.0385464,0.941072,-0.0395605,0.0630922,0.0393492,0.997126,19.3284,13.5695,7.73949,7.76371,8.38628,8.27416
0.577484,-1.64357,3.52632,0.990279,0.0212047,0.135956,-0.0295204,0.942049,-0.00107448,-0.135928,-0.00164172,0.990714,15.1847,10.5626,8.51137,8.35563,8.11368,8.21874
0.336474,-2.07187,4.2878,0.999859,0.00363066,-0.0128073,-0.0112513,0.941793,-0.031921,0.0124537,0.0303716,0.999408,19.1401,12.2336,7.67809,7.66194,8.11044,8.06578
0.247474,-2.31382,3.78608,0.997192,0.0344917,-0.0608833,-0.0468592,0.940187,-0.0532923,0.0584066,0.0526214,0.996721,18.6853,14.0045,7.76193,7.77142,8.59756,8.47494
0.210963,-2.60528,3.35225,0.994791,0.0607786,-0.0726716,-0.0775278,0.936567,-0.084171,0.066178,0.084014,0.993798,17.9244,15.4749,7.82595,7.81636,9.08002,8.89828
0.29523,-0.868926,3.38853,0.996147,-0.0823864,-0.0349026,0.0831479,0.935137,0.0839719,0.0279016,-0.0814942,0.995857,12.7632,7.90781,9.03962,9.15359,7.68902,7.69852
0.431822,-1.59656,3.17168,0.999076,-0.00592454,0.0429671,-0.00119264,0.942211,0.0117539,-0.0429561,-0.0105864,0.999007,14.2421,10.5716,8.7132,8.64954,8.34444,8.36438
-0.00809345,-1.9529,3.00903,0.964653,0.0652638,-0.252306,-0.0771053,0.939955,0.00580635,0.251992,0.0116294,0.96763,18.694,15.508,8.42542,8.56396,8.85398,8.56828
0.52375,-1.55785,2.70591,0.993776,0.0159009,0.108829,-0.0253498,0.942055,0.0129248,-0.108478,-0.013745,0.993976,13.217,10.5786,9.06477,8.92929,8.5888,8.64754
0.0232308,-2.17242,3.49109,0.974239,0.0694512,-0.210631,-0.0862065,0.939174,-0.0176881,0.208389,0.0322128,0.977406,20.3393,15.9716,7.97213,8.09771,8.72281,8.45697
0.558547,-1.70613,2.5616,0.989957,0.0169308,0.139167,-0.0244039,0.942134,-0.00493676,-0.139247,0.00256406,0.990257,12.697,10.617,9.06322,8.91282,8.77232,8.85944
0.708965,-1.39853,3.16478,0.973097,0.0600313,0.219358,-0.0738593,0.940156,0.00734118,-0.218236,-0.0203215,0.975617,14.7166,10.5764,8.9573,8.6951,8.12142,8.2642
0.189382,-1.63397,2.74217,0.990951,-0.0509738,-0.125675,0.0479652,0.940861,0.00357808,0.125361,-0.00960464,0.992065,13.3225,10.7444,8.86788,8.98648,8.70815,8.61486
0.358732,-1.10346,3.2726,0.998706,-0.0544479,-0.00256837,0.0508611,0.938813,0.0636769,-0.000675004,-0.0597978,0.997967,13.2193,8.78688,8.96546,9.0161,7.92609,7.95725
0.0667662,-2.03039,4.05531,0.982213,0.0555222,-0.175849,-0.0686264,0.940449,-0.00982208,0.174779,0.0195505,0.984368,22.1101,15.0102,7.75033,7.88346,8.28492,8.06576
-0.0654324,-2.40121,3.29489,0.959771,0.0945975,-0.259525,-0.117537,0.936214,-0.0247115,0.254998,0.0496466,0.96542,20.8251,17.7572,7.91122,8.04318,9.04228,8.70046
0.827181,-2.26388,3.42554,0.947427,-0.1262,0.293523,0.134406,0.932823,-0.00378917,-0.290374,0.0427026,0.955945,8.42817,6.08454,8.12318,7.90981,8.53142,8.8631
0.518893,-2.76553,3.43966,0.990583,-0.110784,0.080614,0.118286,0.930389,-0.096833,-0.0689503,0.100065,0.992031,11.3261,9.25387,7.67474,7.64527,8.97658,9.1594
0.748912,-2.0081,2.74174,0.957781,-0.102168,0.268872,0.104897,0.936374,0.00286732,-0.26768,0.0259866,0.963172,8.56671,6.89546,8.7365,8.55872,8.77767,9.05646
0.627274,-2.02515,3.24787,0.981121,-0.0825758,0.175695,0.0846943,0.938218,-0.0146468,-0.173861,0.0289476,0.984336,10.8413,8.17997,8.3861,8.25115,8.52763,8.71781
0.515131,-1.58352,2.58629,0.994278,0.0132866,0.104734,-0.022305,0.942124,0.0110634,-0.104468,-0.0116352,0.994439,12.9208,10.5915,9.1209,8.99182,8.68824,8.74343
0.376545,-2.73487,3.6657,0.996236,-0.088129,-0.00462254,0.0856452,0.933306,-0.101752,0.0133893,0.095298,0.994799,13.6271,10.7986,7.52121,7.56519,8.88925,8.97305
0.714702,-2.21979,3.79659,0.970623,-0.110143,0.213907,0.116464,0.934945,-0.0170538,-0.210541,0.040697,0.976705,10.5596,7.21457,7.92196,7.74256,8.33523,8.58383
0.516963,-2.12602,3.36409,0.992894,-0.0672705,0.100022,0.0682267,0.939049,-0.0345384,-0.0975026,0.0396285,0.994386,12.3262,9.3733,8.21262,8.13936,8.57046,8.69327
0.368786,-2.35707,4.08766,0.998581,-0.0567596,0.000713883,0.0532047,0.938915,-0.059152,0.00243857,0.0559213,0.998249,15.9497,10.9612,7.55948,7.57613,8.40479,8.43895
0.265166,-1.94328,3.52688,0.997864,0.00934467,-0.0630969,-0.0182419,0.942025,-0.0205866,0.0627249,0.0202717,0.997795,16.9121,12.5161,8.19253,8.21555,8.44471,8.35162
0.740373,-1.50205,3.32564,0.968072,0.0621072,0.239921,-0.073058,0.940204,-0.00707546,-0.239788,-0.0082453,0.970767,14.9823,10.5821,8.79308,8.51974,8.08293,8.25285
0.270939,-0.848383,2.76094,0.994898,-0.0876684,-0.052622,0.0907231,0.933654,0.0935771,0.0441189,-0.092271,0.99422,11.2922,7.80434,9.39324,9.54405,8.09298,8.10816
0.478098,-0.981575,3.20027,0.997415,0.0409729,0.0511644,-0.0541246,0.938721,0.0733091,-0.0472535,-0.070953,0.995996,15.4934,10.5331,9.18194,9.03824,7.89018,7.8807
0.841529,-0.875117,2.524,0.950215,0.101751,0.289775,-0.132151,0.934051,0.0418408,-0.282185,-0.0714532,0.95618,14.1276,10.5699,9.78657,9.37157,8.17272,8.27786
0.229749,-1.42039,3.14472,0.994424,-0.0555008,-0.0917885,0.0545247,0.940192,0.0260449,0.0902684,-0.0294718,0.995438,13.8107,9.97119,8.77571,8.88259,8.27984,8.21769
0.0923868,-2.39688,2.78225,0.982628,0.0662172,-0.168772,-0.0874165,0.93784,-0.0540267,0.163709,0.0630868,0.984173,17.2346,16.004,8.31231,8.35971,9.29163,9.03348
0.57191,-2.49398,3.79292,0.987783,-0.101363,0.118935,0.108355,0.934297,-0.0597516,-0.112004,0.0687372,0.991103,11.9983,8.7233,7.67699,7.5881,8.5857,8.76335
-0.104872,-1.57753,3.95792,0.951214,-0.115218,-0.286076,0.111482,0.935209,-0.0305328,0.287686,-0.00434609,0.95772,16.8586,10.5744,8.08879,8.39348,7.99732,7.74094
0.239245,-1.37111,4.17445,0.995834,-0.0562259,-0.0744185,0.0546755,0.94021,0.0249116,0.0729715,-0.0274468,0.996916,16.996,9.84387,8.2423,8.33553,7.63079,7.56195
0.0713378,-1.71554,2.95932,0.97646,-0.0725079,-0.204001,0.0683177,0.939496,-0.0156309,0.204595,0.000140619,0.978846,14.0267,11.0338,8.63156,8.82419,8.65469,8.49631
-0.0413911,-1.77512,4.35573,0.966956,-0.0935416,-0.237588,0.0870983,0.93759,-0.0329512,0.239602,0.00918261,0.970807,19.0254,11.3181,7.74691,8.0003,7.94131,7.69887
-0.0419495,-1.01715,3.88026,0.963802,-0.12667,-0.234086,0.136885,0.932235,0.0236474,0.228798,-0.0529383,0.971928,14.8346,8.5123,8.56989,8.8634,7.58102,7.38092
0.223378,-1.57607,3.06695,0.994241,-0.0468755,-0.0982667,0.0440409,0.94101,0.0107921,0.0977041,-0.014589,0.995102,13.9953,10.5509,8.71538,8.81368,8.44994,8.37467
0.192371,-2.12978,3.02351,0.99295,0.0331059,-0.110801,-0.0463529,0.940937,-0.0360406,0.109093,0.0380838,0.993189,16.4954,13.9303,8.3585,8.39433,8.91047,8.74849
0.551326,-2.77221,4.03172,0.988803,-0.117209,0.0919906,0.125367,0.93055,-0.0849836,-0.0809437,0.0908228,0.992127,12.3852,8.91339,7.31234,7.24447,8.68393,8.86324
-0.145098,-2.58932,2.73499,0.941374,0.111215,-0.313477,-0.14158,0.933224,-0.0316022,0.30622,0.0680659,0.94907,19.68,19.2816,8.14779,8.24287,9.54372,9.11198
0.352393,-1.62302,4.47087,0.999928,-0.0138272,-0.00925339,0.00773732,0.942171,0.00609041,0.00920616,-0.00562229,0.999939,19.1293,10.8431,7.93735,7.94314,7.64767,7.63578
0.52357,-1.32733,3.38309,0.994957,0.0275637,0.093548,-0.0394139,0.941291,0.0329042,-0.092234,-0.0334718,0.995071,15.3668,10.5474,8.82106,8.68063,7.99256,8.04275
-0.10047,-1.56931,2.89587,0.942019,-0.108521,-0.317534,0.105503,0.935969,-0.0266779,0.318543,-0.00975372,0.947872,13.7573,10.6277,8.70974,9.02902,8.60404,8.38667
0.77699,-2.59919,4.10733,0.963352,-0.139398,0.228032,0.15319,0.92953,-0.0353896,-0.220197,0.066728,0.97301,9.8648,6.53391,7.45591,7.25352,8.45179,8.7492
0.0567083,-1.17775,4.04624,0.97881,-0.102322,-0.177729,0.107653,0.935811,0.0241435,0.174188,-0.0412033,0.983783,15.9058,9.10451,8.39524,8.61488,7.59412,7.43081
0.370169,-2.68541,4.30291,0.996654,-0.0833256,-0.00663299,0.0805775,0.935059,-0.0870876,0.0136804,0.0814347,0.996179,15.9042,10.885,7.1744,7.20441,8.55222,8.60774
0.228436,-2.32554,4.13818,0.996492,0.0387735,-0.0684649,-0.0516207,0.940153,-0.0501009,0.0658759,0.0501822,0.996395,20.4878,14.2602,7.53508,7.56346,8.42801,8.30083
0.0554345,-1.00295,2.81421,0.973879,-0.10819,-0.19976,0.12041,0.933383,0.0512416,0.192511,-0.070716,0.978504,11.9732,8.43557,9.18719,9.45576,8.20991,8.10143
0.00333586,-2.71348,3.84456,0.976474,0.101378,-0.182746,-0.127635,0.933559,-0.0619767,0.173803,0.0780974,0.981205,22.5545,18.1584,7.3578,7.46498,8.96614,8.66888
-0.0292984,-2.1884,2.66708,0.960374,0.0775617,-0.26409,-0.0961779,0.938436,-0.0139784,0.261594,0.0350948,0.964397,18.0563,16.5815,8.48952,8.59864,9.24846,8.92433
0.352192,-0.9865,3.55042,0.998111,-0.0643542,-0.00371761,0.061426,0.937624,0.0723718,-0.000736855,-0.0680315,0.997371,13.5818,8.35753,8.89127,8.95299,7.6628,7.69356
0.780856,-2.26233,3.5994,0.95794,-0.122552,0.259069,0.130536,0.933291,-0.0103388,-0.255562,0.0431172,0.965803,9.22363,6.50074,8.0142,7.81368,8.45002,8.74789
0.505561,-1.99227,2.76127,0.99354,-0.0559866,0.100613,0.0552303,0.940173,-0.0245788,-0.099139,0.0291423,0.994622,11.391,9.50774,8.69799,8.62778,8.84502,8.95533
0.83946,-2.11407,2.71317,0.938676,-0.106303,0.327993,0.111578,0.935644,0.00286047,-0.326247,0.034334,0.944676,7.79646,6.30082,8.69184,8.48292,8.84006,9.18465
-0.0801073,-1.93819,4.07187,0.959133,0.0817607,-0.267045,-0.0917218,0.938727,0.0193232,0.267677,0.00408809,0.96349,24.3025,16.2758,7.76583,7.97444,8.25414,7.94442
-0.105722,-1.11136,3.31118,0.946636,-0.131123,-0.293827,0.141041,0.931889,0.008104,0.289806,-0.0479536,0.955824,13.5008,8.84228,8.78013,9.12558,7.99489,7.79157
0.644519,-1.36926,2.95225,0.981838,0.0488625,0.180418,-0.0632332,0.94062,0.0196168,-0.178872,-0.0274798,0.983394,14.1816,10.5701,9.08789,8.86091,8.26011,8.36466
0.592111,-0.89026,3.63864,0.990883,0.0652842,0.111117,-0.0839449,0.93739,0.0669249,-0.105376,-0.070339,0.991551,17.1231,10.5419,9.0415,8.83446,7.50063,7.55972
0.636432,-2.62879,3.24803,0.979533,-0.117803,0.162911,0.131013,0.930922,-0.0701618,-0.152808,0.0861163,0.984143,9.80912,8.00214,7.92409,7.82915,8.94323,9.19143
-0.0127435,-1.93484,2.5153,0.960441,0.0647683,-0.268049,-0.0761982,0.940001,0.00789211,0.267857,0.010574,0.963373,17.1856,15.4856,8.76536,8.88889,9.15614,8.8585
0.312139,-0.869143,3.98377,0.996777,-0.0790596,-0.0227662,0.0784507,0.936134,0.0759545,0.0167869,-0.0728888,0.996851,14.4846,7.94569,8.74044,8.82751,7.31926,7.32325
0.432543,-2.60935,3.32787,0.995783,-0.0865766,0.0346953,0.087736,0.934229,-0.0895897,-0.0268128,0.0873494,0.995374,12.3481,10.2073,7.8457,7.85525,8.95655,9.07178
0.779734,-2.14749,3.45306,0.956756,-0.116736,0.266206,0.122139,0.934405,-0.00175287,-0.264007,0.0341918,0.963915,9.12839,6.527,8.191,7.98919,8.44654,8.74066
0.046817,-1.78869,3.9822,0.977918,-0.0736107,-0.196476,0.0679358,0.939376,-0.023478,0.19764,0.00799419,0.980228,17.4291,11.3471,7.965,8.1634,8.12459,7.93438
0.115659,-1.73523,3.61234,0.98516,-0.0609754,-0.161623,0.0564987,0.940312,-0.0125265,0.162076,0.00219712,0.986773,15.9673,11.1444,8.23824,8.39547,8.27088,8.12382
0.176415,-2.14931,3.55602,0.992452,0.0366778,-0.113727,-0.0500639,0.940858,-0.0340886,0.111953,0.0367479,0.992927,18.4785,14.1594,7.99787,8.05335,8.61743,8.45411
-0.0578194,-2.62571,4.31426,0.969833,0.10895,-0.210778,-0.133291,0.934044,-0.0379117,0.204102,0.060012,0.976798,25.9484,18.5365,7.11132,7.28081,8.67958,8.37273
-0.0511745,-2.615,2.91302,0.962616,0.0998985,-0.246259,-0.129452,0.933872,-0.0524029,0.237934,0.0762387,0.967786,19.3226,18.3615,8.03397,8.11729,9.42505,9.05841
-0.145926,-1.45813,3.27363,0.935123,-0.122989,-0.331953,0.121737,0.934093,-0.0273937,0.332753,-0.0159021,0.942898,14.4636,10.1965,8.54531,8.89448,8.29139,8.05211
0.439939,-2.48157,4.00997,0.996287,-0.0787451,0.0392768,0.0791618,0.936581,-0.0680308,-0.0338501,0.0672613,0.99691,14.4061,10.163,7.52497,7.50666,8.51221,8.6016
0.54871,-2.53546,3.28629,0.988973,-0.0991816,0.1107,0.106671,0.93373,-0.071712,-0.102727,0.0788723,0.991263,11.0409,8.95995,7.95384,7.89476,8.88761,9.06976
0.441295,-1.27849,3.14353,0.998899,0.0153615,0.0407407,-0.025082,0.941217,0.0443904,-0.0396545,-0.0422393,0.998183,14.7523,10.5425,8.97497,8.88034,8.14038,8.13719
0.368051,-0.921753,3.92904,0.99797,-0.0661997,0.00717749,0.0625757,0.937422,0.0742109,-0.0118397,-0.0690398,0.997217,14.4888,8.13775,8.74769,8.79743,7.37779,7.41461
0.776244,-1.83225,3.87282,0.960621,-0.10421,0.257688,0.101697,0.936486,0.0220754,-0.258583,0.0066508,0.965976,10.4439,6.59913,8.20165,7.97265,7.98604,8.25462
0.646432,-1.68103,3.92847,0.98415,0.0338867,0.172095,-0.0415558,0.941668,-0.0108232,-0.172399,0.00467438,0.985021,16.462,10.5701,8.27438,8.07979,7.88663,8.0366
0.474569,-2.50354,3.33598,0.994405,-0.0853767,0.0644731,0.0884469,0.935297,-0.0751577,-0.0577487,0.076419,0.995085,12.0775,9.7697,7.93036,7.90778,8.86439,8.99466
0.0729025,-2.62857,2.56827,0.980909,0.0810917,-0.17081,-0.107703,0.934503,-0.079142,0.16192,0.0896569,0.98212,16.9627,17.0459,8.31137,8.33106,9.6038,9.29938
0.0930796,-1.39757,3.12241,0.980011,-0.0833701,-0.181446,0.0858029,0.938116,0.0155379,0.179487,-0.0299603,0.983278,13.714,9.87511,8.75467,8.95501,8.30454,8.17399
0.67684,-2.34971,4.40671,0.978805,-0.112292,0.171211,0.11906,0.934366,-0.0292729,-0.166629,0.0475441,0.984799,12.4807,7.6195,7.47025,7.29827,8.14719,8.36301
0.806487,-1.97571,2.56601,0.944037,-0.104124,0.31302,0.105331,0.936258,0.0126554,-0.31257,0.022101,0.949662,7.89698,6.4505,8.88292,8.68421,8.84847,9.16518
0.693068,-2.00493,3.53989,0.972717,-0.0948323,0.212145,0.0968843,0.937188,-0.00370766,-0.210797,0.0243926,0.977231,10.6269,7.47314,8.23801,8.06407,8.32369,8.55142
0.653432,-1.79867,3.91759,0.982973,0.0299958,0.179636,-0.0354949,0.941697,-0.0208006,-0.180288,0.0146859,0.983513,16.1688,10.5743,8.19148,7.99551,7.98062,8.14045
0.739311,-0.995476,2.90187,0.970252,0.0825494,0.222963,-0.106732,0.936672,0.0441993,-0.217301,-0.0611624,0.973824,14.7902,10.5684,9.43069,9.11049,8.01438,8.12232
0.778498,-1.8213,4.397,0.964802,-0.104756,0.241326,0.102248,0.936434,0.0218367,-0.242285,0.00523191,0.970198,11.7627,6.59576,7.93422,7.69214,7.7037,7.96604
0.32981,-1.87295,2.92471,0.999716,-0.00854502,-0.0237497,0.00167876,0.94212,-0.016596,0.0237808,0.0156832,0.99958,14.1723,11.5511,8.64211,8.63051,8.73435,8.68608
0.0747513,-1.87725,3.12902,0.978172,0.0562558,-0.19684,-0.0670843,0.940579,0.00417699,0.196673,0.0075363,0.980427,18.2936,14.6087,8.42487,8.53547,8.69405,8.46859
0.247211,-1.95048,3.62174,0.997054,0.0134064,-0.0737131,-0.0227615,0.941976,-0.0201624,0.0732512,0.0202842,0.997076,17.5014,12.7368,8.12382,8.15737,8.40151,8.29695
0.188199,-2.15517,2.8115,0.99234,0.0356721,-0.115117,-0.0496357,0.940695,-0.0392609,0.113126,0.041592,0.992576,15.978,14.0762,8.48182,8.51187,9.06133,8.89014
0.792031,-2.64342,3.98905,0.960442,-0.141084,0.238917,0.156483,0.928928,-0.0380251,-0.230358,0.071395,0.970295,9.40943,6.41714,7.49144,7.28926,8.53707,8.85047
0.821102,-2.21535,3.52651,0.949173,-0.126019,0.287918,0.132712,0.933057,0.000303103,-0.28541,0.0378472,0.957655,8.66485,6.09847,8.09932,7.88221,8.4428,8.76525
0.451506,-2.43508,3.11627,0.995813,-0.0764848,0.0533611,0.0779772,0.936405,-0.0721119,-0.0477069,0.0721423,0.995968,11.973,10.0275,8.1193,8.10863,8.94748,9.06112
0.835567,-2.09587,3.4598,0.945005,-0.123066,0.302605,0.126343,0.933816,0.01216,-0.301666,0.0274171,0.953038,8.53114,5.96997,8.23444,8.00695,8.38857,8.71524
0.459049,-2.58541,3.5932,0.994884,-0.0891475,0.0502071,0.0915751,0.93452,-0.0817131,-0.042664,0.081458,0.99539,12.7386,9.92909,7.70147,7.6877,8.79133,8.9128
-0.112921,-1.4304,4.49049,0.955726,-0.122627,-0.267138,0.121957,0.934194,-0.0220118,0.267795,-0.0124047,0.963407,18.6984,10.0763,7.93124,8.23509,7.60577,7.33026
0.304298,-2.12986,3.91302,0.999274,0.013497,-0.0315827,-0.0225182,0.941481,-0.038122,0.030739,0.0366065,0.998774,18.1381,12.7697,7.83836,7.83156,8.36361,8.29052
0.827844,-1.59721,4.38528,0.960953,0.0762897,0.262475,-0.082943,0.939165,-0.0288481,-0.263989,0.00758224,0.964507,18.621,10.5928,8.15846,7.85522,7.517,7.76746
-0.0830404,-1.43353,4.35816,0.95975,-0.11643,-0.255424,0.116347,0.934961,-0.0168866,0.255625,-0.014179,0.966682,18.0826,10.0785,8.0011,8.28931,7.66787,7.41195
0.216047,-1.10578,3.64439,0.993143,-0.0784357,-0.088594,0.0810108,0.937411,0.0511467,0.0842853,-0.0549384,0.994754,14.2881,8.81401,8.70836,8.84298,7.7316,7.67258
0.460294,-2.63794,3.81631,0.99461,-0.0933885,0.0475049,0.095921,0.93393,-0.0839233,-0.0393823,0.083448,0.995339,13.2227,9.91349,7.52358,7.50709,8.71639,8.83681
0.518543,-2.11635,4.41795,0.994045,-0.0681671,0.087152,0.0681259,0.939238,-0.0284846,-0.0850507,0.0330782,0.995788,15.505,9.38267,7.61188,7.52349,8.00703,8.11531
-0.121719,-2.76616,4.19506,0.960372,0.125249,-0.241184,-0.153524,0.931357,-0.0394118,0.232629,0.0692588,0.969679,26.102,19.7319,7.05932,7.23946,8.87448,8.51882
0.511449,-2.13012,2.78501,0.992692,-0.0659625,0.102868,0.0673168,0.938989,-0.0381447,-0.100153,0.0431073,0.993963,11.1376,9.41975,8.57941,8.5174,8.91775,9.04557
0.728555,-2.17105,4.38847,0.972116,-0.111909,0.206013,0.116362,0.935058,-0.00903373,-0.203593,0.0324431,0.978508,11.9438,7.08599,7.6385,7.43268,7.99904,8.24005
0.0964477,-0.847949,2.59147,0.979341,-0.109796,-0.169916,0.124024,0.931409,0.0765101,0.159714,-0.0912728,0.982484,11.0738,7.8585,9.43045,9.69872,8.23926,8.17218
0.598305,-2.79534,4.25599,0.985351,-0.126442,0.11345,0.136599,0.929614,-0.0780461,-0.1021,0.0879799,0.990474,12.3427,8.40448,7.17573,7.07353,8.58664,8.7861
0.187947,-1.57416,4.18734,0.993104,-0.0536945,-0.106035,0.050874,0.940699,0.00542431,0.105625,-0.0106119,0.994348,17.6839,10.5965,8.06354,8.17853,7.80299,7.69612
0.588489,-1.0465,3.92699,0.991396,0.0554678,0.113171,-0.0716602,0.939202,0.0487994,-0.109536,-0.0522641,0.992376,17.8333,10.5433,8.75997,8.57573,7.43303,7.51188
0.628252,-2.69602,3.22106,0.98045,-0.12056,0.155063,0.134466,0.929864,-0.0785722,-0.143653,0.0934224,0.984775,9.75446,8.08318,7.88919,7.8049,9.00629,9.25763
0.441055,-1.09323,3.17217,0.998804,0.0272514,0.0332081,-0.0379614,0.939931,0.0638156,-0.0308257,-0.0608005,0.997409,15.1794,10.531,9.1005,8.99046,7.99663,7.97666
0.65507,-1.03928,2.58221,0.9812,0.0664679,0.17681,-0.0884059,0.937715,0.0554918,-0.171552,-0.0646635,0.982679,13.8887,10.5638,9.56772,9.29334,8.2931,8.35683
0.0104069,-0.81042,4.41003,0.97485,-0.130486,-0.179847,0.14154,0.93096,0.043437,0.172148,-0.0647799,0.982735,15.919,7.76964,8.49536,8.75057,7.1131,6.92472
-0.00796799,-1.55112,4.12122,0.970252,-0.0964349,-0.222463,0.0949491,0.937298,-0.0132055,0.2227,-0.00905935,0.974852,17.3803,10.4844,8.05203,8.29371,7.86981,7.65597
0.661261,-1.7443,4.32395,0.984064,0.0334878,0.172693,-0.0400519,0.941635,-0.0169172,-0.173247,0.010551,0.98483,17.8579,10.5709,8.01451,7.81669,7.71695,7.88407
0.429781,-2.23525,3.37106,0.997605,-0.0583306,0.042014,0.0570521,0.939123,-0.0508316,-0.0390984,0.0505421,0.997823,13.228,10.3067,8.10354,8.08565,8.67474,8.74925
0.503799,-2.17276,3.31383,0.993698,-0.0677745,0.0913166,0.0689075,0.938797,-0.0402714,-0.0884076,0.0444618,0.995007,12.2857,9.50786,8.20478,8.14248,8.63652,8.75525
0.8137,-2.79616,3.85653,0.956278,-0.153038,0.24751,0.172702,0.925855,-0.0480071,-0.236022,0.0853267,0.967695,8.60156,6.11454,7.44902,7.25599,8.70705,9.0502
0.843859,-2.65941,3.28666,0.947231,-0.121804,0.29613,0.141903,0.93086,-0.0440909,-0.287431,0.0810754,0.954129,8.15048,6.40976,7.92263,7.72203,8.89131,9.26125
-0.0431094,-2.54388,2.86313,0.962935,0.0952298,-0.24723,-0.123052,0.934864,-0.0467945,0.240031,0.0697794,0.967826,19.0435,18.016,8.11745,8.2032,9.39801,9.04118
-0.00827574,-1.35952,4.22665,0.9709,-0.105332,-0.215267,0.107521,0.936096,0.000273575,0.21399,-0.023231,0.976555,17.2352,9.78928,8.14572,8.39301,7.65831,7.44751
0.227956,-1.82609,3.85812,0.996118,0.0104326,-0.0861501,-0.0187877,0.942194,-0.0076584,0.0859941,0.00839012,0.996253,18.4348,12.5139,8.0697,8.12556,8.17681,8.06771
0.654307,-1.8532,3.19992,0.977379,-0.0790772,0.196928,0.0779453,0.938881,0.00366903,-0.196611,0.0126191,0.980411,10.6666,7.90723,8.55465,8.39635,8.42738,8.62423
-0.0273149,-2.76652,2.85482,0.968306,0.103657,-0.220754,-0.13619,0.93172,-0.0745429,0.209368,0.0952001,0.972477,18.908,18.6455,7.98625,8.04107,9.5678,9.19658
0.525683,-1.85408,3.77595,0.993562,-0.0518559,0.102562,0.049253,0.940761,-0.0086093,-0.102019,0.0137349,0.994689,13.8294,9.33731,8.18255,8.08493,8.14014,8.24542
0.210946,-2.39397,3.1606,0.994812,0.0444197,-0.0861431,-0.0597367,0.939025,-0.0640281,0.0823471,0.0645676,0.994223,16.9996,14.6501,8.09598,8.10156,9.02495,8.85717
0.490931,-2.59087,3.20578,0.993012,-0.0939487,0.0729352,0.0988351,0.933609,-0.0843159,-0.0644941,0.0863527,0.993766,11.4391,9.57644,7.95181,7.93041,8.98917,9.14307
0.0538728,-1.9277,3.80623,0.97861,0.0597593,-0.193333,-0.071343,0.940335,0.00163825,0.192955,0.0104544,0.981132,21.1931,14.9396,7.96732,8.10424,8.34315,8.11387
0.289066,-1.72869,2.85319,0.998371,-0.0222268,-0.0545943,0.0165407,0.942027,-0.00143305,0.0546106,0.000381286,0.998508,13.8069,11.133,8.77546,8.81456,8.68839,8.63781
-0.128872,-2.41233,3.79848,0.951525,0.10824,-0.282515,-0.129624,0.935122,-0.00982201,0.278924,0.0417095,0.959213,23.9134,18.5067,7.56007,7.74244,8.79286,8.43089
0.583281,-0.893602,3.7029,0.991662,0.0636506,0.105178,-0.0817348,0.937565,0.0666676,-0.0996273,-0.0694966,0.992216,17.3366,10.5401,9.0012,8.80233,7.46492,7.52177
0.177972,-1.87642,4.08329,0.993093,0.0237095,-0.112846,-0.033317,0.941926,-0.00860511,0.112503,0.0110964,0.993575,20.2518,13.2342,7.88755,7.97098,8.10994,7.96799
0.653015,-2.77027,2.82036,0.976458,-0.125575,0.174731,0.143441,0.92786,-0.0880274,-0.161104,0.10591,0.980673,8.7444,7.83115,8.10226,8.02962,9.26392,9.55657
0.288279,-0.91013,3.77131,0.9962,-0.0801134,-0.038664,0.0807353,0.936106,0.0736909,0.0326809,-0.0720858,0.996531,13.9724,8.08474,8.8083,8.9119,7.4845,7.4769
0.845153,-1.68121,3.94811,0.952226,0.0775403,0.292176,-0.0811356,0.938983,-0.0385197,-0.294418,0.0143977,0.955589,16.6802,10.5973,8.333,8.01094,7.81553,8.06281
0.0159394,-1.99629,4.3638,0.977119,0.0650826,-0.198671,-0.0774962,0.939943,1.08374e-05,0.198074,0.0134318,0.980066,24.5577,15.4599,7.5881,7.75835,8.11494,7.87071
0.653572,-1.41701,2.79614,0.979769,0.0484358,0.191482,-0.0621166,0.94076,0.0144885,-0.190248,-0.0230903,0.981389,13.7208,10.574,9.15311,8.91988,8.39313,8.50172
0.160292,-1.17962,4.09999,0.98976,-0.0836378,-0.116973,0.0864625,0.937589,0.0352437,0.113578,-0.0429047,0.99251,16.0738,9.11439,8.39958,8.55423,7.53934,7.43312
