0.403052,-0.870833,3.78222,0.999002,0.0355096,8.83788e-05,-0.0445592,0.939167,0.072393,0.00314574,-0.0679262,0.997376,17.5726,10.5066,8.92213,8.83888,7.459,7.41771
0.138386,-1.72025,3.07009,0.991008,-0.0570782,-0.122591,0.0532298,0.940559,-0.00641621,0.122758,-0.000723706,0.992437,14.3194,11.0799,8.58848,8.72449,8.57054,8.45399
0.148119,-1.31819,2.59665,0.990024,-0.0787264,-0.118262,0.0807992,0.938202,0.0311462,0.115432,-0.0385771,0.992494,12.2768,9.57421,9.15334,9.32049,8.56704,8.49132
0.722809,-2.63891,3.81501,0.976704,-0.137308,0.163544,0.149213,0.929419,-0.0522733,-0.154225,0.0723585,0.98515,9.83508,7.04925,7.57878,7.42397,8.64092,8.90956
-0.0300633,-0.8685,3.59969,0.973643,-0.134534,-0.18315,0.146392,0.930203,0.0448466,0.174895,-0.0673197,0.982062,13.4624,7.9742,8.83215,9.12455,7.61952,7.45772
0.371914,-2.19977,3.8364,0.999158,-0.0450293,0.00419455,0.0409428,0.940382,-0.0415542,-0.00249185,0.0395444,0.999127,15.4147,10.9559,7.83372,7.83851,8.41668,8.4425
0.836425,-1.17695,3.71226,0.969889,0.0960862,0.217945,-0.113963,0.936816,0.0116949,-0.215238,-0.0324352,0.975891,16.9367,10.5681,8.8474,8.52298,7.58256,7.77721
0.618855,-1.43728,2.51753,0.989498,0.0423001,0.134959,-0.0547719,0.941054,0.0185848,-0.13377,-0.0231698,0.990677,13.0498,10.566,9.29994,9.09709,8.60798,8.68927
0.46195,-1.45705,4.29498,0.999043,0.00580619,0.0417115,-0.0138807,0.942125,0.0176121,-0.0414697,-0.0166078,0.998974,18.2631,10.506,8.19421,8.118,7.57178,7.60983
0.27327,-2.45024,3.55002,0.998238,0.0395273,-0.0335577,-0.0509933,0.939461,-0.0634314,0.0303422,0.0613201,0.997422,17.652,14.2034,7.8227,7.79986,8.82497,8.7097
-0.080879,-2.58339,3.32366,0.97105,0.109811,-0.204545,-0.135124,0.933565,-0.044419,0.196985,0.0656272,0.977849,21.1886,18.6096,7.76684,7.87759,9.16488,8.81795
0.195389,-1.82412,4.19703,0.996303,0.0175584,-0.0819989,-0.0261953,0.942098,-0.0059316,0.0818173,0.00729682,0.996615,20.4049,12.8795,7.87297,7.94521,7.99856,7.87597
0.356856,-2.18365,4.35351,0.99989,0.00737642,0.000922587,-0.0147738,0.941583,-0.0376694,-0.00148006,0.0357317,0.99929,19.3685,12.4108,7.56318,7.52868,8.16203,8.12816
0.158686,-1.42331,2.72169,0.991285,-0.0704706,-0.112928,0.0707027,0.939227,0.0216406,0.111151,-0.0282265,0.993368,12.7964,9.96741,9.01089,9.1597,8.56156,8.47973
0.234113,-2.36774,4.25831,0.997381,0.0416499,-0.0511025,-0.05369,0.940123,-0.048841,0.0484676,0.0484103,0.997498,21.0623,14.364,7.4358,7.45897,8.39765,8.28022
0.0889202,-0.946088,4.47184,0.98691,-0.112005,-0.116097,0.117475,0.934142,0.0419793,0.110491,-0.0523745,0.99235,16.6842,8.2816,8.38709,8.57987,7.16432,7.01965
0.223046,-1.11705,4.48157,0.995314,-0.0768403,-0.0615518,0.0770558,0.938248,0.0389893,0.0584143,-0.0411765,0.997342,17.3733,8.91986,8.28686,8.39393,7.26098,7.18936
0.829767,-1.31631,4.13575,0.972258,0.089063,0.210854,-0.103531,0.937885,-0.000283353,-0.20975,-0.0186895,0.977517,18.2286,10.5708,8.50773,8.20339,7.4371,7.6579
0.138185,-2.64341,3.50138,0.991807,0.0771481,-0.0918056,-0.0956491,0.936053,-0.0727163,0.0846809,0.0759156,0.993118,19.3625,16.4152,7.67557,7.70292,9.04542,8.83128
0.168955,-1.96188,3.37668,0.994182,0.0298214,-0.100551,-0.0404668,0.941631,-0.0163353,0.0998246,0.018722,0.994798,17.6847,13.6117,8.2436,8.30507,8.57406,8.42137
0.78541,-1.24162,3.78071,0.976205,0.0837151,0.194632,-0.0999832,0.93813,0.0126993,-0.192427,-0.0285106,0.980794,17.003,10.565,8.74213,8.45261,7.60312,7.78423
0.231031,-1.66555,2.79589,0.996587,-0.0397978,-0.0746465,0.0355876,0.941431,0.00320882,0.0744857,-0.00576355,0.997205,13.5199,10.8839,8.83285,8.91215,8.68431,8.6171
0.512958,-1.56288,3.82796,0.997297,0.0108586,0.0711155,-0.0192026,0.942179,0.0095141,-0.0709234,-0.00951653,0.997423,16.2577,10.52,8.37673,8.26797,7.89796,7.96454
0.281934,-2.31158,2.50713,0.998587,0.0297652,-0.0365464,-0.0406557,0.940161,-0.0578589,0.0342227,0.0558596,0.997656,14.3717,13.625,8.62225,8.58118,9.33591,9.21452
0.228128,-2.48111,4.3531,0.996975,0.0497702,-0.0496475,-0.0625921,0.9393,-0.0566626,0.0460817,0.0560978,0.997158,21.7885,14.8281,7.29375,7.3164,8.44712,8.32334
0.0818597,-1.91488,3.10242,0.986585,0.0533517,-0.150367,-0.0650486,0.940686,-0.00501367,0.149728,0.0131323,0.988618,18.0437,14.5892,8.42343,8.51638,8.73039,8.51897
-0.115102,-2.60609,3.37502,0.96688,0.116685,-0.219254,-0.142934,0.932721,-0.0410511,0.211452,0.0657744,0.974804,21.8034,19.0695,7.70671,7.82854,9.16496,8.7982
0.607475,-2.2552,3.06874,0.987544,-0.0937317,0.127204,0.0981306,0.936383,-0.0378831,-0.122991,0.0480656,0.991153,10.3536,8.33719,8.3146,8.21449,8.80183,8.99063
-0.0167167,-1.82348,3.32295,0.976668,0.0633137,-0.201576,-0.073374,0.940156,0.010952,0.201832,0.00276715,0.979412,19.7792,15.1798,8.32159,8.46934,8.56181,8.29528
0.417999,-0.993664,3.56742,0.999185,0.0298577,0.011559,-0.039325,0.939929,0.0631621,-0.0090845,-0.0595918,0.997936,16.5705,10.5156,8.94421,8.85556,7.67587,7.64778
0.543596,-1.24509,4.05284,0.99605,0.0365214,0.0761318,-0.0482482,0.941014,0.0319276,-0.0745451,-0.0326921,0.996586,17.8481,10.5332,8.51669,8.3788,7.51946,7.58815
0.721818,-2.49809,2.85635,0.975006,-0.124166,0.183678,0.136112,0.931441,-0.0491113,-0.175606,0.0700733,0.981759,8.42142,7.11645,8.28437,8.16222,9.05151,9.33849
0.186146,-1.36945,2.51949,0.992908,-0.06843,-0.099108,0.0688621,0.939178,0.0292896,0.0969072,-0.0342292,0.994646,12.2323,9.76049,9.18307,9.32137,8.65083,8.58945
0.579286,-1.51363,2.51432,0.992537,0.0302324,0.115538,-0.040903,0.941656,0.0141943,-0.114876,-0.0167286,0.993202,12.8928,10.5647,9.23468,9.0638,8.67225,8.74434
0.167744,-2.39973,3.09308,0.993627,0.0564805,-0.0907138,-0.0721814,0.938782,-0.0561088,0.0865796,0.0583747,0.994295,17.3611,15.2088,8.12349,8.14223,9.07761,8.88891
0.0022352,-1.82552,3.24132,0.978725,0.0592515,-0.192946,-0.0693924,0.940418,0.00874814,0.193084,0.00351586,0.98117,19.2251,14.977,8.37648,8.51422,8.60613,8.35074
0.652019,-2.07991,3.20132,0.984238,-0.0921886,0.151646,0.0948744,0.937224,-0.018531,-0.149249,0.0319671,0.988261,10.3349,7.87655,8.37248,8.23786,8.58872,8.78982
0.805521,-1.86288,3.70767,0.967894,-0.112485,0.224693,0.112035,0.935484,0.0156087,-0.22501,0.0112051,0.974305,9.59574,6.24169,8.2673,8.04296,8.09489,8.37494
-0.0523784,-1.83912,4.20916,0.975854,0.0729452,-0.201503,-0.0832392,0.939459,0.0136966,0.201939,0.0021192,0.979392,24.5093,15.6637,7.77974,7.97374,8.08697,7.80908
0.423925,-2.51027,3.03511,0.996721,-0.0781508,0.0278477,0.0778469,0.936308,-0.0736735,-0.0220898,0.0716241,0.996894,11.9602,10.3112,8.11174,8.11926,9.05776,9.15752
0.28852,-1.95587,3.52766,0.999203,0.00555938,-0.0377881,-0.01368,0.942064,-0.0205642,0.0375114,0.0198454,0.999074,16.616,12.3092,8.19201,8.19785,8.44413,8.37014
0.434832,-2.25407,3.1124,0.99763,-0.0611951,0.0370589,0.0597464,0.939066,-0.0485088,-0.0341365,0.0481548,0.998135,12.4916,10.2372,8.25572,8.2374,8.83641,8.91506
-0.0548328,-1.1635,3.04597,0.969063,-0.120548,-0.215059,0.128847,0.933332,0.0223087,0.210511,-0.0476288,0.976346,13.0358,9.107,8.91874,9.21845,8.18677,8.024
-0.129353,-2.75284,3.66862,0.966901,0.127358,-0.212001,-0.155632,0.930648,-0.0490914,0.202189,0.0747216,0.976036,23.3141,19.7637,7.40559,7.54074,9.12655,8.75446
0.489215,-1.04481,3.48459,0.99766,0.0394333,0.047868,-0.0514945,0.939862,0.056499,-0.0449701,-0.0548954,0.997254,16.2349,10.5279,8.97032,8.84019,7.74033,7.75281
0.642496,-1.72721,3.54914,0.988975,0.0316438,0.142451,-0.0393844,0.941742,-0.010366,-0.142752,0.00555555,0.989748,15.1295,10.5652,8.45163,8.26426,8.1442,8.28117
0.00784339,-1.91174,4.21705,0.9826,0.0632978,-0.170316,-0.0748374,0.940116,0.00203801,0.169989,0.00924397,0.985387,23.6983,15.2624,7.73626,7.89979,8.11993,7.87835
-0.0443163,-1.7179,3.37769,0.972073,-0.0972057,-0.214005,0.0937064,0.937262,-0.0223005,0.215157,0.000351355,0.976578,15.2072,11.0732,8.33956,8.59333,8.41428,8.21234
0.324273,-1.64404,3.08633,0.999631,-0.0199031,-0.0232007,0.0142882,0.942056,0.0067783,0.0231021,-0.00660503,0.999708,14.2231,10.8416,8.69922,8.71842,8.465,8.44213
0.030161,-1.26507,4.41115,0.983079,-0.104317,-0.15094,0.107221,0.936029,0.0147078,0.148527,-0.0296108,0.988433,17.6667,9.46083,8.14527,8.36028,7.46953,7.28577
0.55687,-2.20612,3.15649,0.991734,-0.0813134,0.100801,0.0834963,0.937762,-0.0372098,-0.0974247,0.043587,0.994211,11.2129,8.90182,8.28739,8.20526,8.73467,8.8858
0.109141,-2.34715,2.98455,0.989493,0.0635669,-0.123961,-0.0807979,0.938648,-0.0473026,0.119897,0.052993,0.991159,17.6276,15.6566,8.21372,8.25878,9.11986,8.89606
0.352527,-1.41742,3.48213,0.999639,-0.0306589,-0.008279,0.0257551,0.941467,0.0262054,0.00760396,-0.0246905,0.999622,14.7499,10.0069,8.62811,8.64728,8.03785,8.04165
0.369536,-1.68638,3.47244,0.99979,-0.0258009,0.00179859,0.0203878,0.941934,0.0023329,-0.00184579,-0.00190684,0.999996,14.8632,10.5573,8.44316,8.43019,8.24249,8.23955
0.519524,-1.8434,3.8259,0.995843,-0.0503603,0.0783206,0.0472746,0.940869,-0.0080183,-0.0778576,0.0117692,0.996896,14.0784,9.39427,8.15899,8.06694,8.10821,8.20413
0.195688,-1.10745,3.07286,0.993014,-0.083103,-0.0855823,0.0857573,0.93703,0.0506209,0.081045,-0.0545717,0.995044,12.7688,8.80791,9.02289,9.17273,8.09028,8.0394
-0.0603781,-1.78864,4.08871,0.973327,-0.0974422,-0.208114,0.092585,0.937211,-0.028749,0.209909,0.00706678,0.977682,17.8651,11.3574,7.87667,8.13376,8.08424,7.85196
0.731505,-1.21716,3.7492,0.981975,0.0746052,0.168314,-0.0907864,0.938771,0.0209472,-0.165781,-0.0324477,0.985511,16.9069,10.559,8.76116,8.50208,7.62048,7.77464
0.762956,-2.47578,3.17662,0.970834,-0.130622,0.200216,0.142509,0.930957,-0.0395263,-0.192801,0.0645526,0.978954,8.46773,6.6746,8.09929,7.94641,8.84357,9.14412
0.631867,-1.3476,4.13621,0.991162,0.0481501,0.119305,-0.0605362,0.940793,0.0177474,-0.118038,-0.0223602,0.992699,18.0065,10.5475,8.41764,8.23215,7.52088,7.64502
0.384699,-2.73556,2.86525,0.996144,-0.0891813,0.00304787,0.087548,0.933338,-0.0996617,0.00571756,0.0940025,0.995017,11.6057,10.7009,8.05309,8.10281,9.31545,9.424
0.346292,-2.09842,3.74276,0.999929,0.00321311,-0.00578009,-0.0105899,0.94175,-0.0333672,0.00542944,0.0317045,0.999426,16.8407,12.1909,7.9772,7.94561,8.41702,8.37376
0.490383,-2.62373,2.59755,0.993463,-0.0971062,0.0615703,0.101182,0.933309,-0.0850748,-0.0528521,0.0861003,0.99447,10.2144,9.56133,8.33691,8.33165,9.35997,9.52662
0.776298,-1.08279,3.48082,0.976689,0.0891856,0.189185,-0.108768,0.937007,0.0287916,-0.185063,-0.0444273,0.981519,16.3182,10.5606,9.03047,8.72983,7.67843,7.831
0.161234,-2.04986,4.06516,0.994403,0.0360664,-0.0954763,-0.0474915,0.941297,-0.0212982,0.094383,0.02385,0.995204,20.6884,14.0119,7.76321,7.8392,8.26024,8.10778
0.704123,-2.74901,4.28741,0.979223,-0.142505,0.14235,0.153938,0.928391,-0.0581806,-0.132006,0.0754414,0.988105,11.0152,7.24634,7.2182,7.05561,8.51132,8.75882
0.5328,-2.0396,4.42022,0.994883,-0.0667115,0.078284,0.0656702,0.939592,-0.0207263,-0.0767746,0.0250231,0.996716,15.4505,9.22775,7.67625,7.57859,7.94245,8.05224
0.0768452,-1.67341,3.00017,0.985199,-0.0734063,-0.156031,0.0707748,0.939413,-0.00684757,0.156122,-0.0048361,0.987728,14.0364,10.8961,8.64171,8.8217,8.58775,8.448
0.559781,-1.05435,3.61814,0.99478,0.0515459,0.0813284,-0.0658648,0.939469,0.0503497,-0.077945,-0.051486,0.995415,16.6925,10.5354,8.90897,8.74056,7.63863,7.69255
0.0457155,-2.63972,3.84686,0.985577,0.0934344,-0.131846,-0.114751,0.935077,-0.0599521,0.124377,0.0693543,0.989456,21.9912,17.4389,7.42391,7.51128,8.88635,8.63081
0.526196,-2.45083,3.26867,0.992696,-0.0918418,0.0797264,0.09547,0.9356,-0.060235,-0.0737626,0.0642438,0.994995,11.4013,9.20437,8.02394,7.97068,8.85107,9.00255
-0.106032,-1.84657,3.32773,0.964239,0.0834129,-0.247295,-0.0932256,0.938588,0.0202308,0.248096,0.00194425,0.968729,21.0178,16.2466,8.27689,8.45212,8.60692,8.28238
0.543978,-1.13352,4.17608,0.996028,0.0431636,0.0717321,-0.055698,0.940437,0.0396847,-0.0694707,-0.0403086,0.996634,18.6145,10.5287,8.54348,8.40328,7.36414,7.42971
0.481341,-1.03149,2.75752,0.997697,0.0397105,0.0467846,-0.0520955,0.939353,0.0649558,-0.0434323,-0.0628317,0.996791,14.2374,10.5369,9.40723,9.2606,8.22045,8.20953
0.650529,-1.45731,4.48241,0.990543,0.0456699,0.125537,-0.0566744,0.941104,0.0069108,-0.124949,-0.0120888,0.992065,19.2757,10.5501,8.15782,7.96988,7.4111,7.55867
-0.0642777,-1.05473,2.60896,0.966974,-0.118443,-0.225451,0.130133,0.932801,0.0356683,0.219149,-0.0613498,0.973601,12.0088,8.88794,9.2491,9.5724,8.39179,8.2503
0.614458,-1.28608,3.9777,0.992076,0.0482065,0.111417,-0.0611724,0.940624,0.0246514,-0.109743,-0.0285007,0.993468,17.5106,10.545,8.54541,8.36501,7.57117,7.67865
0.801536,-2.04283,4.12289,0.970048,-0.120498,0.210544,0.123267,0.934264,0.00310805,-0.209313,0.0232314,0.97758,10.3043,6.28065,7.89428,7.66465,8.01126,8.28935
0.141413,-1.13955,3.0436,0.989446,-0.0906294,-0.11417,0.0947738,0.936493,0.0440326,0.109615,-0.0517279,0.992485,12.8055,8.92901,8.99951,9.18057,8.14295,8.0647
0.1946,-2.0453,2.95328,0.995335,0.029424,-0.0885899,-0.0406664,0.941427,-0.0261023,0.0874891,0.027542,0.995726,16.1561,13.6257,8.46527,8.49873,8.88463,8.73782
0.0631307,-0.991207,2.56372,0.981572,-0.109971,-0.156395,0.119637,0.933294,0.0548731,0.149009,-0.0691234,0.986169,11.4459,8.42062,9.35464,9.61017,8.35998,8.27571
0.321169,-1.23749,3.26691,0.998628,-0.0508432,-0.0231476,0.0479369,0.94,0.0431398,0.0210731,-0.0415338,0.998801,13.6211,9.30846,8.86623,8.92253,8.03954,8.04019
0.205734,-2.11726,3.94415,0.996477,0.0314571,-0.0735072,-0.042632,0.941274,-0.0294596,0.0722191,0.0303815,0.996859,19.6193,13.7732,7.79722,7.84302,8.36471,8.23528
0.786077,-2.70744,3.1215,0.96834,-0.139134,0.206041,0.155967,0.928059,-0.0585174,-0.194914,0.0851963,0.976792,8.01553,6.56583,7.96603,7.82062,9.03015,9.36494
0.00826425,-1.88895,3.35332,0.979893,0.0608753,-0.186271,-0.0722008,0.940279,0.00305232,0.186003,0.00886877,0.982494,19.65,15.1398,8.26247,8.39747,8.58458,8.33182
0.202858,-0.863896,4.085,0.992972,-0.097771,-0.0680928,0.101038,0.934984,0.0617894,0.0616323,-0.0644585,0.995764,14.8373,7.95122,8.66447,8.80701,7.28304,7.22007
0.569518,-2.06507,4.3242,0.992634,-0.0758594,0.0962371,0.0759033,0.938843,-0.0205747,-0.0944249,0.0269921,0.995146,14.4543,8.81682,7.71604,7.59991,7.99786,8.13217
0.543084,-1.10811,3.53638,0.995598,0.0452925,0.0758902,-0.0587114,0.939976,0.0474499,-0.0730635,-0.0479875,0.995987,16.3011,10.5358,8.9071,8.7501,7.73388,7.78067
0.034694,-2.50177,2.76301,0.982572,0.0847164,-0.158677,-0.106866,0.936071,-0.0560454,0.152092,0.0671063,0.985738,17.8667,17.0266,8.24226,8.2914,9.39386,9.10322
0.351732,-2.51216,2.51052,0.999103,0.0327013,0.00744594,-0.040949,0.938621,-0.0810826,-0.0107954,0.0763601,0.99668,13.9211,13.6005,8.51705,8.42234,9.46346,9.3635
-0.149176,-1.00251,3.43385,0.958551,-0.133162,-0.251149,0.144799,0.931143,0.0226785,0.245386,-0.0561303,0.967683,13.9751,8.81149,8.79251,9.14774,7.84313,7.62956
0.562512,-2.77303,4.43926,0.989508,-0.121875,0.0766958,0.128004,0.931166,-0.07233,-0.067006,0.0773738,0.994428,13.4442,8.78465,7.08088,6.9909,8.50403,8.66769
0.43643,-0.80606,4.38783,0.998449,0.0447013,0.0117655,-0.0551008,0.938982,0.0687532,-0.00797828,-0.0649981,0.997564,20.3067,10.5006,8.67919,8.59103,7.03375,7.02238
0.149259,-1.35418,3.44206,0.991178,-0.0762348,-0.109992,0.0769822,0.938706,0.0236009,0.107889,-0.0304889,0.993652,14.4518,9.74097,8.62401,8.77641,8.05763,7.95949
0.130959,-2.33075,3.10024,0.991272,0.0588072,-0.112108,-0.0750118,0.939054,-0.0469101,0.108415,0.0512681,0.992588,17.7339,15.3605,8.15357,8.19504,9.03164,8.82579
-0.0562814,-0.976899,2.51258,0.96801,-0.118671,-0.220835,0.132119,0.932183,0.045016,0.213311,-0.0697195,0.974272,11.6591,8.6435,9.36088,9.68891,8.39995,8.27073
0.0583482,-1.65454,4.44532,0.986887,-0.0771871,-0.142944,0.0745405,0.939118,-0.00843099,0.143173,-0.00290142,0.989695,19.0757,10.902,7.82948,8.01457,7.76502,7.58717
0.835171,-1.17461,3.07891,0.967193,0.0954266,0.229954,-0.114719,0.936682,0.0161163,-0.226666,-0.0378138,0.973068,14.9918,10.5699,9.21275,8.86875,7.98858,8.14731
0.647542,-1.68059,3.2821,0.98803,0.0354582,0.147704,-0.0439717,0.941621,-0.00684478,-0.147863,0.00146821,0.989008,14.4626,10.5674,8.64864,8.45341,8.26982,8.40084
0.472981,-1.33354,2.91527,0.998338,0.0183797,0.0511806,-0.0282775,0.941511,0.0348678,-0.050206,-0.0335894,0.998081,14.0614,10.5349,9.07993,8.97014,8.31532,8.33139
0.780669,-1.55416,4.27361,0.978037,0.068745,0.192574,-0.0790433,0.939775,-0.0113378,-0.192863,-0.00238405,0.981217,18.2063,10.5717,8.22926,7.96095,7.55992,7.77341
-0.0568948,-0.918338,2.71055,0.968307,-0.125751,-0.215283,0.139943,0.931,0.0477024,0.206877,-0.0730365,0.975386,11.7834,8.34035,9.27983,9.61009,8.22275,8.09067
0.681688,-1.34413,2.90875,0.984528,0.0591217,0.160815,-0.0737414,0.940003,0.02001,-0.158953,-0.0284489,0.986782,14.1464,10.5644,9.13982,8.89763,8.26269,8.37301
0.769456,-1.52254,3.9686,0.978014,0.0680793,0.19298,-0.0791225,0.939807,-0.00728396,-0.192945,-0.00616422,0.981176,17.058,10.5709,8.41324,8.14591,7.7084,7.90491
-0.133898,-2.19215,3.32275,0.961573,0.102081,-0.249245,-0.119704,0.936274,-0.00324479,0.247078,0.0296618,0.968435,21.6527,17.7923,8.02439,8.1813,8.88071,8.5248
0.0874032,-1.6202,2.57531,0.985309,-0.0740342,-0.155029,0.0723895,0.939317,-0.000820311,0.154681,-0.0105907,0.98791,12.9175,10.6882,8.95083,9.13027,8.81485,8.69219
0.0713369,-2.71604,3.08121,0.986593,0.091595,-0.125653,-0.114447,0.933935,-0.0778078,0.116342,0.0853582,0.989018,18.6242,17.3962,7.89112,7.92178,9.35883,9.08135
0.308645,-1.75379,4.0901,0.999573,-0.0142544,-0.0280824,0.00802264,0.942175,-0.00399638,0.0281138,0.00361065,0.999598,17.8072,11.3042,8.02469,8.04876,7.96676,7.92769
0.833947,-1.2209,4.30672,0.972972,0.0939794,0.204905,-0.109855,0.937276,0.00509637,-0.20312,-0.0243054,0.978769,19.197,10.568,8.49844,8.19447,7.26537,7.49195
0.504446,-1.18079,2.8481,0.99704,0.0343268,0.063479,-0.0464982,0.940459,0.0484226,-0.061235,-0.0476263,0.996808,14.2002,10.5426,9.24553,9.10116,8.24838,8.26456
0.197793,-1.10542,4.43739,0.994096,-0.0823998,-0.0727752,0.0834568,0.937725,0.0388394,0.0693405,-0.0423174,0.996592,17.1381,8.87134,8.30892,8.43201,7.28196,7.19675
-0.125091,-1.41751,2.52742,0.958836,-0.0902502,-0.269652,0.0935608,0.93751,0.00405875,0.268105,-0.0289704,0.962949,13.3789,10.8128,9.05315,9.37767,8.73637,8.5361
0.271061,-1.10301,3.67991,0.996767,-0.0696166,-0.0444944,0.069102,0.938394,0.0499079,0.0409936,-0.049798,0.997762,14.3736,8.82012,8.71425,8.80721,7.69201,7.66624
0.716246,-2.45573,2.52006,0.975161,-0.117957,0.187187,0.129629,0.932318,-0.0488043,-0.179604,0.0691311,0.981111,8.11454,7.23018,8.54036,8.42908,9.22375,9.51168
-0.03646,-2.16455,2.53682,0.972508,0.0808007,-0.213662,-0.0985498,0.938183,-0.0173124,0.210987,0.0345537,0.976754,17.7209,16.6034,8.5996,8.69144,9.30718,8.99424
0.277651,-2.29284,4.25823,0.998713,0.0295783,-0.0331607,-0.0398502,0.940822,-0.0448144,0.0313809,0.043455,0.998445,20.3259,13.6467,7.50696,7.50976,8.32286,8.2347
-0.0220039,-1.89474,4.12537,0.979096,0.0687355,-0.187072,-0.0800642,0.939751,0.00637454,0.186977,0.0072402,0.982325,23.6367,15.5249,7.79172,7.96664,8.16476,7.9037
0.573287,-2.14034,4.02977,0.991754,-0.0811106,0.100771,0.0822584,0.938184,-0.0268401,-0.0982685,0.033783,0.994547,13.2947,8.75505,7.8179,7.7073,8.20309,8.34703
-0.109618,-1.12331,4.26208,0.966883,-0.136782,-0.214468,0.143598,0.931518,0.00902155,0.210988,-0.0383899,0.976689,16.616,8.94678,8.28932,8.59441,7.46246,7.21899
0.46786,-1.58773,2.74098,0.998452,0.00339477,0.0546055,-0.0112211,0.94222,0.0116411,-0.0544753,-0.0109267,0.99844,13.2367,10.5823,8.99985,8.91071,8.60323,8.63621
0.728899,-2.37698,2.83872,0.974257,-0.119138,0.191052,0.129088,0.932853,-0.0375576,-0.184823,0.059174,0.980861,8.46263,7.04733,8.38698,8.2534,8.97842,9.25878
0.0532634,-2.08816,3.08592,0.98439,0.0607182,-0.160882,-0.0753088,0.939919,-0.0185574,0.159073,0.0278224,0.986799,18.3555,15.3498,8.30558,8.39872,8.88034,8.64178
0.453959,-2.12509,4.19807,0.997696,-0.056215,0.0427426,0.0540603,0.940058,-0.0314441,-0.041002,0.0322517,0.998591,15.6623,10.0742,7.70617,7.65844,8.14492,8.21281
0.694184,-0.911639,3.54243,0.985456,0.0835021,0.140576,-0.103681,0.936589,0.0522637,-0.134636,-0.0611353,0.988689,16.8178,10.5468,9.10469,8.84425,7.54339,7.65073
0.582078,-2.45031,4.1283,0.989899,-0.102856,0.0981991,0.107438,0.934957,-0.0489429,-0.0925073,0.0564448,0.993963,12.8463,8.61202,7.51686,7.41212,8.38815,8.55271
0.415497,-1.95175,3.19947,0.99915,-0.0350951,0.0279877,0.030867,0.941396,-0.0212633,-0.0273244,0.0212567,0.999382,13.5378,10.5113,8.42736,8.39738,8.58568,8.62413
0.462535,-2.13915,4.45573,0.997421,-0.0592008,0.0450579,0.0572911,0.939881,-0.0309779,-0.0432316,0.0320752,0.998504,16.4879,9.98281,7.55695,7.50224,8.02636,8.09751
0.744831,-1.35711,3.80068,0.980457,0.0705765,0.17896,-0.0845507,0.939419,0.00829362,-0.177635,-0.0205092,0.983821,16.796,10.5643,8.62707,8.36663,7.68881,7.85932
0.15807,-2.57928,2.64949,0.992586,0.0682477,-0.0920292,-0.0865379,0.936516,-0.0764356,0.0853453,0.0786731,0.992818,16.2904,15.9365,8.31182,8.30141,9.48423,9.25846
0.561416,-0.850587,3.4689,0.994322,0.0645451,0.0750529,-0.0807213,0.937413,0.0701244,-0.069333,-0.0707097,0.994711,16.6229,10.5313,9.15392,8.96455,7.59212,7.62662
0.326325,-2.0141,3.46608,0.999809,0.00151879,-0.0175718,-0.00907265,0.941947,-0.0266082,0.0173359,0.0253473,0.999491,16.0175,12.1006,8.20034,8.18181,8.51365,8.46001
0.596614,-1.85661,3.3765,0.990315,-0.0679529,0.122562,0.066304,0.939744,-0.0047478,-0.121981,0.0131335,0.99245,11.7853,8.52554,8.42937,8.30382,8.34864,8.49731
0.824629,-2.32915,3.56417,0.964153,-0.134256,0.227964,0.143381,0.931445,-0.0169472,-0.223274,0.0479037,0.973522,8.54659,6.04507,7.98316,7.77972,8.51107,8.82765
0.374532,-2.09842,3.98431,0.999435,-0.0377947,0.00571777,0.0332921,0.941024,-0.0323303,-0.00464069,0.0309006,0.999461,16.1314,10.9504,7.82834,7.82571,8.26228,8.28132
-0.11167,-1.6464,2.6085,0.959067,-0.105771,-0.2628,0.103383,0.936305,-0.0218304,0.263632,-0.00737361,0.964603,13.3121,10.9976,8.84555,9.15177,8.83319,8.63692
0.656102,-1.20394,2.79483,0.986997,0.0612737,0.143764,-0.0777866,0.939326,0.0358068,-0.140662,-0.0426699,0.988964,14.1065,10.5588,9.30685,9.06748,8.25278,8.33681
0.49929,-1.38454,3.25929,0.997523,0.0203688,0.0642682,-0.0303797,0.941687,0.0272875,-0.0634349,-0.0268266,0.99756,14.8896,10.5419,8.84,8.72273,8.11841,8.15733
0.560748,-1.45252,3.68432,0.99493,0.0283999,0.0934866,-0.0387777,0.941689,0.0164944,-0.0927921,-0.0180248,0.995484,16.0726,10.5458,8.55883,8.41326,7.88543,7.96794
0.788782,-2.50443,3.93122,0.970098,-0.139432,0.197382,0.150468,0.930037,-0.0324688,-0.190444,0.0591584,0.979789,9.43989,6.38891,7.62817,7.43092,8.46483,8.75942
0.145786,-2.26851,3.07604,0.992248,0.0534039,-0.106738,-0.0684959,0.939643,-0.0424481,0.10369,0.0461358,0.993381,17.4405,14.9976,8.21652,8.25558,8.99376,8.80112
0.107532,-0.96016,3.71486,0.987128,-0.107446,-0.118778,0.113745,0.934196,0.0506655,0.112428,-0.0603549,0.991627,14.0422,8.29657,8.7473,8.94839,7.59701,7.49023
0.231614,-1.44544,2.7185,0.99597,-0.0543655,-0.0739781,0.0525958,0.940356,0.0237166,0.0726521,-0.0261588,0.996978,12.8386,10.0557,9.02538,9.12463,8.56814,8.5179
0.131795,-2.27323,3.00062,0.990888,0.0609305,-0.114068,-0.0767946,0.939161,-0.0416174,0.110652,0.0466248,0.992601,17.4965,15.2818,8.25897,8.29904,9.04635,8.84131
0.77279,-1.83683,3.56764,0.971878,-0.104445,0.211224,0.103601,0.936431,0.013477,-0.211472,0.00990977,0.977345,9.81448,6.59672,8.36296,8.15467,8.16496,8.42458
0.363378,-2.48651,3.7121,0.998012,-0.0659032,-0.00290305,0.0626224,0.937823,-0.0676848,0.0071523,0.0636756,0.997703,14.4664,10.9898,7.68268,7.70998,8.69459,8.74035
0.227213,-2.24395,4.33546,0.997363,0.0355875,-0.0571299,-0.0469896,0.940831,-0.03837,0.0553074,0.0384682,0.997629,21.3751,14.0125,7.48323,7.51915,8.2593,8.14429
0.747361,-1.3428,3.24354,0.978354,0.0718838,0.189529,-0.086866,0.939215,0.0117454,-0.187823,-0.0248637,0.981805,15.0724,10.5676,8.95866,8.68305,8.02333,8.17227
0.222185,-1.06456,3.00467,0.994268,-0.0813248,-0.0716714,0.0834836,0.936913,0.0568315,0.0667961,-0.0590783,0.995808,12.4779,8.64425,9.10041,9.23945,8.09738,8.06437
0.793921,-1.83254,3.96049,0.970785,-0.109156,0.213709,0.108168,0.935906,0.0161429,-0.214188,0.00866494,0.976764,10.3436,6.37551,8.15093,7.92259,7.93734,8.20618
0.838389,-1.09819,3.58906,0.969446,0.0996968,0.217973,-0.119416,0.93615,0.0186518,-0.214277,-0.0399148,0.975776,16.6823,10.5661,8.97795,8.64486,7.60202,7.78538
0.81077,-0.880274,2.51944,0.97023,0.103192,0.212463,-0.129923,0.933885,0.0515553,-0.204384,-0.071558,0.975808,14.1024,10.5595,9.76709,9.3916,8.19083,8.28195
0.246809,-1.76203,2.92954,0.997586,-0.0295014,-0.0650449,0.0240325,0.941822,-0.00515737,0.0651507,0.00318941,0.997869,14.0599,11.2562,8.69001,8.7507,8.67015,8.60275
0.731497,-1.47625,3.6019,0.980944,0.0625623,0.179973,-0.07465,0.940129,0.00124737,-0.179379,-0.0123903,0.983671,15.8688,10.5678,8.64202,8.38993,7.90059,8.06496
0.0564426,-1.89862,2.90731,0.982403,0.0728539,-0.166704,-0.0851446,0.939405,0.00166388,0.166238,0.0109798,0.986006,18.1314,15.1791,8.55217,8.6422,8.84589,8.61255
0.402695,-2.1892,2.75356,0.998698,-0.0501205,0.0215906,0.0471546,0.939929,-0.0452796,-0.0194518,0.0439413,0.998741,12.1909,10.5961,8.53488,8.53129,9.01987,9.07572
0.0328407,-1.65681,3.74238,0.982465,-0.0833359,-0.167678,0.0809808,0.938587,-0.0101189,0.167944,-0.00429299,0.98579,16.218,10.865,8.19657,8.4017,8.14534,7.9697
0.178616,-1.06544,4.16104,0.992712,-0.0886322,-0.0832866,0.0909257,0.936888,0.043288,0.0790929,-0.0479052,0.995585,15.8821,8.70529,8.46632,8.60807,7.40555,7.31793
0.539602,-0.879566,3.84587,0.995606,0.0586263,0.0631225,-0.0732238,0.93827,0.0644621,-0.058363,-0.0642011,0.995922,17.8699,10.525,8.92018,8.75921,7.37792,7.41577
0.127046,-2.34685,2.8975,0.990778,0.0601424,-0.115534,-0.0769002,0.938819,-0.0493593,0.111557,0.0539596,0.992076,17.1514,15.4554,8.27885,8.31329,9.16658,8.95181
0.100311,-1.45354,4.28171,0.989208,-0.0797647,-0.124214,0.0793841,0.938737,0.00863036,0.123147,-0.0179047,0.992218,17.7152,10.1526,8.0822,8.24987,7.67297,7.52596
-0.0178315,-1.32374,3.84398,0.976457,-0.110073,-0.18559,0.113515,0.935394,0.00870405,0.183427,-0.0288279,0.982589,15.677,9.6512,8.37201,8.62316,7.8325,7.64292
0.011052,-2.3887,3.17369,0.980724,0.0839204,-0.170207,-0.104164,0.937062,-0.0399045,0.165316,0.0527332,0.9846,19.4455,16.8941,8.02798,8.11612,9.07046,8.78793
0.287812,-1.49386,2.52771,0.998397,-0.0395488,-0.0444964,0.0359801,0.941199,0.0218781,0.0436917,-0.0221344,0.99877,12.5389,10.2374,9.13771,9.19622,8.72109,8.69561
0.486512,-2.63346,4.38148,0.993995,-0.0991172,0.0481618,0.101382,0.934565,-0.0675265,-0.0411685,0.0683614,0.996554,14.6534,9.63269,7.20425,7.15481,8.44207,8.55562
0.243682,-2.79614,4.43638,0.996096,0.0717626,-0.0297034,-0.0853197,0.936176,-0.0821483,0.0226652,0.0795853,0.996177,22.4895,15.8628,7.01532,7.01175,8.66788,8.5386
0.475935,-1.69165,2.83485,0.998167,-0.00118797,0.0602578,-0.00580343,0.942288,0.00150001,-0.0602481,-0.00109965,0.998182,13.2703,10.587,8.86609,8.77989,8.6103,8.65681
0.278731,-2.60138,3.73923,0.99795,0.0488888,-0.0250904,-0.0606113,0.938216,-0.0755589,0.0205244,0.0725919,0.996826,18.4718,14.685,7.59776,7.56546,8.84241,8.72413
0.37946,-1.7413,2.55121,0.999776,-0.0250148,0.00805749,0.0195748,0.941955,-0.00183435,-0.00802005,0.00217371,0.999966,12.5387,10.5965,8.98611,8.96744,8.85688,8.86271
0.430789,-2.04528,3.00867,0.998488,-0.0451652,0.0366637,0.0420649,0.940727,-0.0298645,-0.0353916,0.0300281,0.998881,12.7007,10.3188,8.48062,8.45041,8.75853,8.81618
0.0642441,-1.97293,4.08108,0.987611,0.0522459,-0.143987,-0.0642427,0.940709,-0.00825301,0.143169,0.0156947,0.989545,22.1183,14.8075,7.78249,7.91208,8.22159,8.01168
0.830476,-1.37278,4.04223,0.971477,0.0868535,0.215519,-0.100402,0.938158,-0.00404729,-0.214829,-0.0150308,0.976491,17.7233,10.5728,8.51229,8.20638,7.53381,7.75329
0.348431,-1.939,3.56568,0.999973,-0.0082494,-0.00716355,0.00161771,0.942061,-0.0200277,0.00719738,0.0190567,0.999774,15.8808,11.5913,8.20022,8.17712,8.39107,8.35717
0.187799,-2.4592,3.09974,0.994739,0.0556416,-0.0783291,-0.0710452,0.938454,-0.0631205,0.073807,0.0641638,0.994927,17.187,15.1777,8.08571,8.09061,9.11368,8.93285
0.319341,-1.20525,4.37022,0.998599,-0.0523034,-0.0210992,0.0492825,0.940152,0.0372201,0.019253,-0.0358848,0.999084,17.2176,9.25226,8.30144,8.34867,7.36552,7.35061
0.420128,-2.21614,3.86419,0.998257,-0.0558164,0.0274072,0.0533757,0.939747,-0.0415382,-0.0251735,0.04086,0.998761,14.8032,10.4231,7.81608,7.79469,8.3972,8.45373
0.245367,-1.55715,3.501,0.997272,-0.0432204,-0.0627482,0.0396852,0.941202,0.0116415,0.0622419,-0.0134522,0.997961,15.1763,10.5146,8.47956,8.5564,8.16025,8.09948
0.190173,-1.97166,4.1555,0.995982,0.0266945,-0.0822983,-0.0368093,0.941735,-0.0167105,0.0816409,0.0182424,0.996468,20.5704,13.4466,7.78061,7.84737,8.14058,8.00981
0.202653,-2.79583,2.84058,0.994513,0.0756449,-0.0577134,-0.0927188,0.934039,-0.100118,0.0484385,0.098786,0.9933,16.5245,16.2223,8.05317,8.00861,9.52224,9.30487
-0.0185682,-1.41471,3.84938,0.976565,-0.105817,-0.187637,0.107704,0.936074,0.00196874,0.186337,-0.0218417,0.982237,15.9611,9.98446,8.30084,8.54805,7.90208,7.7084
0.460812,-1.47461,4.14882,0.999032,0.00491948,0.0422755,-0.0129215,0.942142,0.0169569,-0.0420592,-0.0159561,0.998962,17.6227,10.513,8.256,8.17951,7.66592,7.70266
0.28619,-1.16238,3.25441,0.997415,-0.0629469,-0.0398187,0.0617413,0.938944,0.0489177,0.0367687,-0.0482894,0.998009,13.367,9.02196,8.91267,8.99796,7.99766,7.985
0.233061,-2.66033,2.9672,0.996231,0.0615618,-0.0479127,-0.0762751,0.936433,-0.0868395,0.041312,0.0849319,0.995069,16.4779,15.4065,8.0599,8.01993,9.3339,9.15654
0.204736,-1.50955,3.92183,0.995515,-0.0547604,-0.0795935,0.0522805,0.940564,0.0123779,0.0788456,-0.015808,0.996751,16.4523,10.351,8.26256,8.36613,7.88806,7.80263
0.198385,-1.41095,2.53093,0.99385,-0.0634327,-0.0928499,0.0630114,0.939665,0.0260397,0.0910624,-0.0302551,0.99534,12.3521,9.91583,9.15398,9.27996,8.67208,8.6126
0.549426,-0.917374,4.48944,0.995682,0.0571607,0.0636124,-0.0710134,0.939046,0.052888,-0.0597869,-0.0532387,0.996572,20.6084,10.5202,8.56992,8.42603,7.01984,7.08569
0.198479,-1.36157,3.65094,0.994503,-0.0659148,-0.0836555,0.0652703,0.939539,0.0249463,0.08188,-0.028818,0.996182,15.0999,9.78222,8.51799,8.63682,7.9281,7.85039
0.60284,-2.31113,4.10088,0.989073,-0.0977107,0.111186,0.101456,0.936082,-0.036892,-0.106965,0.0459587,0.993115,12.7378,8.40524,7.64819,7.52719,8.28829,8.458
0.33953,-2.76652,4.22168,0.997872,0.0540987,0.0102458,-0.0632562,0.93719,-0.087061,-0.0157919,0.0815967,0.99615,20.0388,14.7094,7.20066,7.13501,8.71698,8.63669
0.244611,-1.4861,2.78676,0.996751,-0.0488887,-0.0668709,0.0463441,0.94076,0.0202341,0.0658769,-0.0221145,0.997556,13.0917,10.2132,8.96086,9.04731,8.55179,8.50369
0.0159485,-2.28563,2.80165,0.980155,0.0770952,-0.177269,-0.0960852,0.938003,-0.0334005,0.173386,0.0459951,0.983595,18.047,16.462,8.35147,8.42937,9.21375,8.9314
0.138746,-1.05078,3.94969,0.990011,-0.0966487,-0.103608,0.100566,0.935938,0.0435815,0.0988161,-0.0508814,0.993663,15.0918,8.64103,8.57002,8.74064,7.52343,7.4206
0.260131,-0.936452,3.34813,0.995503,-0.0835709,-0.0479123,0.0848533,0.936168,0.0675177,0.0421123,-0.0671985,0.996567,12.9008,8.17981,9.00791,9.12914,7.77231,7.75859
-0.0819663,-2.26322,2.53077,0.96647,0.0932501,-0.233979,-0.113678,0.936703,-0.0204856,0.230246,0.0424389,0.972026,18.257,17.4575,8.5266,8.61837,9.39779,9.04781
-0.00803401,-1.77557,4.46281,0.981072,-0.0856377,-0.174483,0.0813967,0.938371,-0.0219235,0.175703,0.00596731,0.984416,19.5121,11.3409,7.70526,7.92819,7.87371,7.6582
0.817415,-1.04612,3.50023,0.972,0.0981704,0.207152,-0.118925,0.936036,0.0265197,-0.202666,-0.0459281,0.977949,16.4824,10.563,9.06143,8.73496,7.62778,7.79471
0.770712,-0.811473,4.17824,0.980296,0.102171,0.160432,-0.123922,0.934863,0.0451464,-0.153827,-0.0591807,0.986014,19.5493,10.5485,8.87605,8.59134,7.04881,7.21821
0.13194,-2.62079,3.77897,0.991671,0.0774128,-0.0929898,-0.0955515,0.936426,-0.0672388,0.086361,0.0708752,0.993394,20.5709,16.417,7.50867,7.55261,8.88012,8.67391
0.831843,-2.18176,3.67396,0.963508,-0.13085,0.232762,0.13685,0.932492,-0.00391012,-0.230053,0.0353175,0.972526,8.77541,5.94171,8.0353,7.81711,8.34148,8.65231
0.0532848,-2.29158,3.19844,0.984887,0.0712555,-0.152263,-0.0889518,0.938504,-0.0357323,0.148612,0.0451848,0.987694,18.9561,16.0809,8.09093,8.17202,8.96798,8.71895
0.190652,-1.17307,2.73643,0.992716,-0.0798399,-0.0920162,0.0823237,0.937501,0.0468007,0.0879632,-0.0512519,0.994657,12.1939,9.03866,9.17648,9.32907,8.36014,8.31095
0.837648,-1.87297,2.87139,0.959712,-0.110807,0.25815,0.110403,0.935651,0.0166725,-0.258386,0.0137162,0.965961,7.98906,6.0556,8.76031,8.55045,8.58604,8.8956
0.298338,-1.91605,3.79347,0.999441,0.000966449,-0.0324627,-0.00857579,0.942149,-0.0169606,0.0323207,0.0162659,0.999329,17.3317,12.0678,8.06496,8.07192,8.25884,8.19537
0.111557,-1.3048,3.73643,0.988607,-0.086428,-0.124374,0.0883061,0.937757,0.0231132,0.121896,-0.0324404,0.991966,15.2183,9.57089,8.48389,8.65891,7.8527,7.73055
0.767969,-1.1881,4.25468,0.980081,0.0828544,0.174545,-0.0989931,0.938176,0.0158143,-0.172168,-0.029511,0.984522,18.9898,10.5596,8.52936,8.26164,7.28923,7.48027
0.451053,-2.25909,2.96317,0.997037,-0.0645971,0.0460726,0.0638481,0.938771,-0.0491203,-0.0428973,0.0494454,0.99773,11.96,10.0544,8.35246,8.32841,8.92153,9.01313
0.378621,-2.19147,4.19139,0.999104,-0.0459063,0.00708417,0.0419797,0.940439,-0.0388097,-0.00545284,0.0370965,0.999222,16.6062,10.8903,7.63677,7.63493,8.22465,8.25044
0.0845601,-2.38805,3.10718,0.987646,0.070535,-0.133661,-0.0888908,0.93802,-0.0479896,0.129052,0.0552471,0.989864,18.3528,16.0781,8.09561,8.15208,9.08586,8.84682
0.745823,-2.66841,4.48819,0.976082,-0.145257,0.159828,0.156309,0.928687,-0.0447802,-0.151102,0.0659622,0.986129,11.0714,6.80264,7.1826,6.98596,8.34943,8.60874
0.406336,-2.22068,3.22766,0.998524,-0.0532567,0.0222679,0.0505234,0.939729,-0.0458059,-0.0199466,0.044533,0.998702,13.1754,10.5598,8.20105,8.19366,8.75709,8.81301
0.065351,-2.33904,2.80918,0.98541,0.0708053,-0.149102,-0.0894609,0.93817,-0.043534,0.14479,0.0522782,0.987863,17.5633,16.1072,8.32574,8.38171,9.23358,8.97823
-0.0620508,-1.93077,2.69784,0.968457,0.0765788,-0.233086,-0.0888918,0.9391,0.00713685,0.232786,0.0117144,0.97243,18.2973,16.0518,8.63821,8.76545,9.04326,8.73298
0.147214,-0.929372,3.18505,0.989293,-0.102475,-0.104568,0.10868,0.934146,0.0622448,0.0974075,-0.0691308,0.992568,12.5144,8.15836,9.06479,9.25907,7.89337,7.82757
0.800281,-2.68201,3.25584,0.966831,-0.141352,0.211426,0.157702,0.928094,-0.0527784,-0.200918,0.0810612,0.975968,8.06127,6.3937,7.90029,7.74137,8.93651,9.27257
0.615363,-1.63355,3.05943,0.990387,0.0310566,0.13246,-0.0401676,0.94177,-0.000272217,-0.132364,-0.00364531,0.991188,13.9509,10.5651,8.81044,8.63114,8.38497,8.49372
0.721472,-1.9908,2.78792,0.975644,-0.0998227,0.195666,0.102152,0.93665,-0.00519125,-0.194125,0.0251245,0.980657,8.92209,7.13733,8.71038,8.55264,8.75325,8.99788
0.65603,-0.901745,2.72171,0.987315,0.0774409,0.13145,-0.098283,0.936337,0.0654592,-0.124701,-0.0720079,0.989159,14.4676,10.5499,9.5787,9.30873,8.10624,8.15927
-0.100308,-1.93949,4.17748,0.969832,0.087411,-0.222499,-0.0992098,0.938195,0.0129822,0.222675,0.0077071,0.974847,25.2212,16.5494,7.70512,7.91333,8.20008,7.89095
0.713325,-0.887929,2.72807,0.98207,0.0875656,0.15996,-0.110667,0.935468,0.0608004,-0.152614,-0.0716972,0.985249,14.5376,10.554,9.60265,9.29641,8.07525,8.14916
0.103443,-1.89302,2.61223,0.987757,0.0479208,-0.144899,-0.0591992,0.940989,-0.0053553,0.144333,0.0123578,0.989432,16.279,14.2776,8.76738,8.83905,9.016,8.81346
-0.0775521,-1.42991,3.61387,0.96817,-0.11604,-0.22162,0.118121,0.934878,-0.00517077,0.220667,-0.0211651,0.975119,15.2599,10.0445,8.40034,8.68666,8.05591,7.8452
0.565293,-0.845169,3.97523,0.994475,0.0651422,0.0723462,-0.0807494,0.93779,0.0641496,-0.0670807,-0.0649316,0.995314,18.4679,10.5259,8.88833,8.71467,7.26425,7.31829
0.209814,-1.4657,3.96161,0.995659,-0.0565395,-0.0764971,0.0543837,0.940399,0.0158197,0.0755355,-0.0190158,0.996944,16.4696,10.19,8.27541,8.37805,7.82931,7.74779
0.495191,-2.21987,4.26462,0.995796,-0.0712386,0.0606349,0.070944,0.93879,-0.0364069,-0.0579423,0.0388394,0.997496,15.0544,9.60471,7.60348,7.53516,8.17138,8.2687
0.0138733,-2.54374,4.13113,0.983386,0.0944207,-0.146553,-0.114905,0.93578,-0.0457076,0.140532,0.0575361,0.988146,23.8177,17.4621,7.3072,7.43044,8.67334,8.41478
-0.118615,-1.45073,4.2007,0.965676,-0.123068,-0.228352,0.123974,0.934089,-0.0136304,0.228256,-0.0155386,0.973483,17.481,10.1641,8.06105,8.36233,7.76164,7.50754
-0.117592,-1.93979,4.14836,0.96731,0.0909843,-0.231569,-0.102633,0.937859,0.0153122,0.231902,0.00714781,0.972698,25.3199,16.739,7.71632,7.92986,8.22165,7.90142
0.420773,-0.971475,3.13177,0.999053,0.0326066,0.0128143,-0.0423814,0.939419,0.0697461,-0.00987103,-0.0658603,0.997482,15.2937,10.5224,9.2111,9.10679,7.94543,7.90756
0.509838,-1.68488,2.52995,0.996638,0.00735473,0.0805939,-0.0149102,0.942259,0.00135354,-0.0805649,-0.00162923,0.996746,12.641,10.5996,9.07997,8.96835,8.79571,8.85362
0.705899,-1.18567,4.08023,0.985367,0.0711924,0.149203,-0.0868912,0.939013,0.0237906,-0.146636,-0.0330976,0.98852,18.2086,10.553,8.60076,8.36461,7.40702,7.55981
-0.0357483,-1.19068,3.17738,0.971905,-0.117671,-0.203639,0.124903,0.933857,0.0211771,0.199499,-0.0444358,0.978817,13.3815,9.17215,8.83002,9.11327,8.12351,7.96058
0.716994,-1.26859,3.37193,0.982251,0.0694248,0.16942,-0.0851903,0.939207,0.0205748,-0.167111,-0.0313009,0.985329,15.5707,10.5615,8.93001,8.67231,7.8976,8.03377
0.480481,-1.79813,2.73575,0.997906,-0.00604216,0.0646799,1.9325e-06,0.94223,-0.00850068,-0.0646822,0.00866306,0.99787,12.8711,10.6005,8.8544,8.77196,8.74578,8.80258
0.48879,-2.65501,4.23046,0.993737,-0.100833,0.0497101,0.103457,0.934129,-0.0708699,-0.0422253,0.0717275,0.996246,14.057,9.60255,7.27318,7.22727,8.5264,8.64698
-0.0406397,-2.18213,3.05387,0.973685,0.0833772,-0.206994,-0.100876,0.937995,-0.0162967,0.204357,0.0335195,0.978206,19.4672,16.722,8.23428,8.35142,9.00096,8.69664
-0.126401,-1.09562,4.36141,0.965126,-0.14205,-0.218655,0.14921,0.930709,0.00764976,0.215099,-0.0388774,0.975772,16.8964,8.83145,8.25985,8.57303,7.39128,7.13605
0.24835,-1.29071,2.81808,0.996318,-0.061394,-0.0629797,0.0606681,0.939442,0.038451,0.0605802,-0.0398535,0.997274,12.6754,9.48156,9.07075,9.17335,8.38383,8.35126
-0.106737,-2.46507,3.43829,0.967527,0.109049,-0.221073,-0.132216,0.934447,-0.0294014,0.215433,0.053165,0.974814,21.9442,18.4748,7.76477,7.90049,9.01656,8.66641
0.71398,-0.867472,3.6128,0.983929,0.0892812,0.146843,-0.110431,0.935895,0.053326,-0.140317,-0.063554,0.987721,17.1613,10.5469,9.10727,8.83494,7.46062,7.5772
0.58381,-1.3684,3.07448,0.992915,0.0384798,0.108811,-0.0507536,0.941098,0.0249885,-0.107443,-0.0276322,0.993748,14.4685,10.5539,8.98937,8.81421,8.19976,8.27434
0.160866,-1.85661,2.66091,0.992887,0.0273508,-0.113488,-0.0370501,0.941838,-0.00717444,0.113149,0.0101713,0.993513,15.5119,13.3581,8.77682,8.83371,8.94059,8.78118
-0.125199,-1.45721,3.52008,0.960833,-0.123096,-0.24791,0.124558,0.934025,-0.0129149,0.247558,-0.0187981,0.968697,15.0917,10.1681,8.41872,8.73459,8.13632,7.9105
0.705714,-1.15486,3.38233,0.98365,0.0728549,0.159216,-0.0902322,0.938561,0.031321,-0.155852,-0.0412995,0.986747,15.8212,10.5568,9.00814,8.75111,7.81398,7.9375
0.155622,-2.55818,2.93155,0.99263,0.067782,-0.0919769,-0.0856236,0.936924,-0.0716115,0.0857521,0.0740781,0.993183,17.1248,15.8961,8.12547,8.12926,9.29878,9.08325
-0.0711329,-1.00038,3.49716,0.968364,-0.134263,-0.209445,0.144967,0.930946,0.0296468,0.203117,-0.0567605,0.977371,13.6403,8.46241,8.778,9.08831,7.7871,7.60671
0.221337,-1.66465,3.54846,0.996517,-0.0412361,-0.0748478,0.037014,0.941376,0.00179515,0.0747304,-0.00454489,0.997193,15.5962,10.9149,8.36694,8.45186,8.22235,8.1433
0.388778,-2.6084,2.55776,0.996948,-0.0796835,0.00859415,0.0780558,0.93507,-0.0894148,-0.00159502,0.0848813,0.995957,11.191,10.6722,8.35927,8.40169,9.41049,9.51251
-0.0294542,-1.37458,2.94557,0.972041,-0.108033,-0.208605,0.111883,0.935586,0.00783132,0.206444,-0.030286,0.977969,13.2788,9.83282,8.84138,9.11157,8.40649,8.24426
0.215875,-1.3043,4.03605,0.995459,-0.065917,-0.0713763,0.0651209,0.939471,0.0281111,0.0694262,-0.0309615,0.997053,16.2415,9.59202,8.35931,8.4668,7.65675,7.58367
0.431787,-1.72681,3.24038,0.999348,-0.0140395,0.0352156,0.00796985,0.942183,-0.00122757,-0.0352047,0.00189639,0.999379,14.1751,10.5725,8.57169,8.51928,8.39289,8.42372
0.0458074,-2.04712,3.08434,0.983564,0.0601928,-0.166102,-0.0741941,0.940058,-0.0143066,0.164615,0.0240277,0.986005,18.3944,15.2851,8.3329,8.43214,8.85285,8.61195
0.631658,-1.37607,4.28521,0.991444,0.0463852,0.117848,-0.0582818,0.940948,0.0149019,-0.116799,-0.0193814,0.99292,18.5659,10.5469,8.3174,8.13566,7.45954,7.58869
0.646982,-0.915618,2.84526,0.988216,0.0751828,0.126166,-0.0952554,0.936702,0.0637094,-0.119813,-0.0696169,0.989961,14.7471,10.5483,9.49044,9.2322,8.03116,8.08714
0.15054,-2.08552,3.29583,0.992949,0.0396634,-0.107912,-0.0521518,0.941003,-0.0259787,0.106454,0.0291505,0.993821,17.8067,14.233,8.20133,8.2605,8.72227,8.54983
0.784527,-1.65782,3.34816,0.973141,0.066244,0.216932,-0.0748698,0.939953,-0.018266,-0.217694,0.00311771,0.976016,14.7788,10.5797,8.67108,8.38814,8.17334,8.36198
0.271491,-2.72004,3.28256,0.997058,0.061859,-0.0245275,-0.074583,0.936145,-0.0915278,0.0177086,0.0878399,0.9955,17.1473,15.2571,7.81595,7.76147,9.18854,9.03851
0.715492,-1.22052,2.85481,0.981187,0.0714534,0.174477,-0.0888481,0.938761,0.0280249,-0.171402,-0.0391475,0.984262,14.2562,10.5639,9.27593,9.00229,8.20527,8.31634
0.0758556,-1.41585,4.07354,0.986691,-0.0869448,-0.138416,0.0875811,0.938022,0.0101889,0.137007,-0.0215564,0.990322,16.7591,10.0008,8.21048,8.39694,7.75978,7.60586
0.219303,-2.56552,2.71279,0.995595,0.0617949,-0.0593838,-0.0771274,0.937019,-0.0786728,0.053314,0.0780116,0.99513,15.9271,15.323,8.29484,8.25971,9.41659,9.23066
0.201875,-2.76286,4.15491,0.994855,0.0758124,-0.0511776,-0.0913672,0.935834,-0.0805335,0.0437558,0.0798545,0.995437,21.5418,16.1804,7.19495,7.20688,8.78547,8.62396
0.471729,-2.42454,3.88232,0.995669,-0.0808243,0.0492868,0.081573,0.937069,-0.0564154,-0.0445966,0.0572538,0.99719,13.6989,9.81922,7.65369,7.6141,8.52519,8.62782
0.0727929,-2.00724,4.40362,0.989123,0.0511777,-0.133724,-0.0633005,0.940734,-0.0110297,0.132772,0.0176232,0.990957,23.7402,14.8153,7.57952,7.71288,8.08043,7.87979
0.212904,-1.76667,2.62081,0.995788,-0.0375968,-0.0855789,0.0324697,0.941533,-0.0066019,0.0857492,0.00325463,0.99631,13.3153,11.2481,8.87469,8.95737,8.87727,8.79629
0.683951,-2.44302,3.69298,0.980929,-0.119411,0.152969,0.127687,0.932862,-0.042043,-0.146539,0.0584712,0.987336,10.3746,7.49077,7.79714,7.65438,8.56843,8.80439
0.485622,-1.48423,2.87684,0.997902,0.0123461,0.0615615,-0.0213564,0.942001,0.0204143,-0.061125,-0.0197878,0.997895,13.7186,10.5567,8.99513,8.8882,8.43858,8.47283
0.386095,-1.25532,3.75787,0.99991,0.00566613,0.00331773,-0.0131225,0.941571,0.0388172,-0.00281018,-0.0363513,0.999241,16.6492,10.5211,8.62118,8.57444,7.7542,7.73103
0.270861,-1.82948,4.21765,0.998937,0.00157507,-0.0452765,-0.00908615,0.942247,-0.00904734,0.0451944,0.00884978,0.998934,19.3008,12.0784,7.88147,7.91314,7.96819,7.89337
0.522225,-1.00087,3.3569,0.996307,0.0483327,0.0630903,-0.0620406,0.939174,0.0599967,-0.0593604,-0.059378,0.996203,15.9448,10.5325,9.08695,8.92972,7.78178,7.80461
0.288091,-1.15103,4.48179,0.997688,-0.0621547,-0.0337555,0.0602936,0.939433,0.0393584,0.0313466,-0.0388807,0.998655,17.4988,9.05253,8.28043,8.34771,7.27035,7.23672
0.83204,-2.6309,4.21007,0.966003,-0.151789,0.207371,0.164836,0.927731,-0.0339738,-0.199168,0.0646837,0.977672,9.32084,5.9674,7.38038,7.15442,8.42031,8.7364
0.432372,-2.20978,3.8337,0.997962,-0.0577401,0.0335133,0.0556592,0.939645,-0.040762,-0.0312197,0.0405375,0.998607,14.5526,10.289,7.84207,7.81392,8.40438,8.4684
0.818816,-1.17643,2.77272,0.968225,0.0921256,0.227209,-0.111932,0.936895,0.0201257,-0.223632,-0.0406139,0.973638,14.1922,10.5699,9.39246,9.04874,8.20187,8.3389
0.643005,-2.01322,2.85145,0.984704,-0.0863245,0.152223,0.0880092,0.937925,-0.0146678,-0.150372,0.0274651,0.988237,9.90066,7.97685,8.64313,8.51594,8.756,8.95072
0.156218,-0.918006,3.97088,0.990605,-0.101988,-0.0918798,0.106644,0.934749,0.0553921,0.0856035,-0.0612577,0.994228,14.677,8.14938,8.6647,8.8335,7.40283,7.31488
-0.0286757,-1.8986,3.1816,0.974809,0.0689587,-0.208181,-0.0805172,0.939721,0.0062588,0.208002,0.00891405,0.97807,19.5012,15.5781,8.35314,8.49431,8.70728,8.42795
-0.0740332,-1.81355,4.44352,0.974331,0.0769956,-0.20696,-0.0867652,0.939138,0.017843,0.207727,-0.000590768,0.978187,26.2793,15.8239,7.6677,7.88115,7.95356,7.66566
0.41666,-2.60475,2.51906,0.996348,-0.0839124,0.0234757,0.0838595,0.934692,-0.0881498,-0.0160648,0.0849613,0.995831,10.8475,10.3672,8.39366,8.42306,9.42093,9.54098
0.74341,-1.2354,3.53602,0.98004,0.0760073,0.178523,-0.0924076,0.938668,0.0195153,-0.176018,-0.0321662,0.983742,16.162,10.5619,8.86984,8.59864,7.76217,7.91406
0.502868,-1.22943,3.51324,0.997415,0.0302605,0.0602991,-0.0414808,0.941013,0.0392155,-0.0586685,-0.0385827,0.99741,15.954,10.5344,8.81295,8.68796,7.84749,7.88158
0.317311,-1.29337,3.92027,0.998802,-0.046716,-0.0240784,0.0433856,0.940569,0.0336031,0.022611,-0.0325144,0.999145,15.7845,9.55529,8.46247,8.50996,7.68845,7.67487
0.220251,-1.03592,4.24181,0.994695,-0.0830653,-0.0631756,0.0842411,0.937314,0.0473315,0.0590374,-0.0495225,0.996879,16.0673,8.6004,8.46288,8.58037,7.32627,7.26158
0.381202,-0.829545,4.29339,0.999033,0.0335273,-0.0110107,-0.0416997,0.939436,0.0698328,0.013947,-0.0651531,0.997498,19.7638,10.4935,8.68976,8.63171,7.12624,7.0804
0.620949,-0.915125,3.17941,0.990586,0.0708188,0.109569,-0.0892726,0.937248,0.0626667,-0.103773,-0.0667838,0.992002,15.6411,10.5425,9.28526,9.05521,7.80949,7.86762
0.0355841,-2.11458,3.28485,0.983062,0.0658552,-0.166403,-0.080969,0.939542,-0.0183655,0.164418,0.0288653,0.985887,19.3121,15.6454,8.15268,8.25819,8.78741,8.54001
0.362419,-2.64281,2.71706,0.997087,-0.0782113,-0.00607226,0.0751462,0.935035,-0.0924745,0.0130599,0.0866089,0.995697,11.7034,10.956,8.21867,8.27441,9.34855,9.43472
0.260622,-1.55257,2.78796,0.997623,-0.0409342,-0.0584809,0.037368,0.941265,0.0146456,0.0578999,-0.0159641,0.998181,13.252,10.4659,8.92282,8.99257,8.5983,8.55295
0.453,-2.2411,4.17997,0.997258,-0.0643738,0.0413867,0.0630322,0.939193,-0.0404855,-0.0387864,0.0410009,0.998323,15.337,10.0625,7.62256,7.58023,8.24329,8.31745
0.53519,-2.43579,3.88475,0.992618,-0.0930901,0.0791717,0.0962527,0.935895,-0.0533783,-0.0737866,0.057835,0.995431,12.8295,9.12253,7.65834,7.58459,8.51176,8.65324
0.440775,-2.35836,3.90474,0.997074,-0.0703349,0.0355352,0.0694863,0.938228,-0.0522571,-0.0318638,0.0518763,0.998001,14.3282,10.1701,7.68495,7.65878,8.47479,8.55347
0.648351,-0.863478,2.57149,0.987786,0.0783129,0.12721,-0.0996294,0.935822,0.0715956,-0.119806,-0.0775494,0.989289,14.1713,10.5494,9.69761,9.4221,8.19152,8.23106
0.25206,-1.28755,3.0088,0.996539,-0.0607612,-0.0600268,0.0598305,0.93952,0.0377564,0.0577054,-0.0389742,0.997482,13.1123,9.4786,8.95888,9.05717,8.25661,8.22262
0.616942,-2.6713,3.09634,0.985216,-0.120687,0.121057,0.130757,0.93068,-0.0741516,-0.110693,0.0847238,0.989872,9.67626,8.18716,7.98495,7.91035,9.0669,9.30095
0.387739,-2.47278,4.17959,0.997742,-0.069371,0.00827006,0.0670309,0.937908,-0.0614154,-0.00414262,0.0585324,0.998078,15.723,10.7352,7.42075,7.42648,8.4426,8.49259
0.845541,-1.88013,4.26452,0.965201,-0.12189,0.230954,0.121474,0.934314,0.0194472,-0.231585,0.0105115,0.97277,10.1922,5.82841,7.96122,7.70247,7.8003,8.09898
0.556909,-2.01306,3.94235,0.993218,-0.0695379,0.0951058,0.0689561,0.939399,-0.0187204,-0.0936107,0.0245592,0.995291,13.5306,8.9547,7.96548,7.85976,8.15816,8.28624
-0.106942,-1.16433,3.44011,0.963219,-0.132055,-0.233294,0.140027,0.931992,0.0122147,0.229349,-0.0431412,0.972329,14.0266,9.08336,8.68015,9.00255,7.95138,7.75137
0.225873,-1.44632,4.2732,0.996529,-0.0541607,-0.0661844,0.0516982,0.94054,0.0166001,0.0652485,-0.0189977,0.997669,17.6454,10.1394,8.1322,8.22381,7.63888,7.56248
0.778534,-2.33469,2.70821,0.967883,-0.11948,0.220863,0.129747,0.933021,-0.0296911,-0.215333,0.0557369,0.974853,7.921,6.64647,8.51078,8.35921,9.01356,9.3226
0.341549,-2.47835,3.66859,0.999219,0.0306483,0.00090004,-0.0393617,0.939635,-0.0673958,-0.00356025,0.063689,0.997726,17.2903,13.5915,7.75066,7.69161,8.76283,8.68973
0.468713,-1.09306,4.16836,0.99852,0.03146,0.0364547,-0.0420422,0.940695,0.0466368,-0.0345005,-0.0448523,0.998246,18.6276,10.5163,8.55834,8.46057,7.36369,7.38367
0.439356,-1.72445,4.3344,0.999357,-0.0151486,0.0346852,0.00917701,0.942164,-0.00210342,-0.0346645,0.00275307,0.999396,17.806,10.5332,7.95031,7.89715,7.76676,7.80525
0.496488,-2.14495,4.47101,0.996149,-0.0665126,0.0603045,0.0655242,0.939383,-0.0298194,-0.0582504,0.0323403,0.997735,15.987,9.60881,7.55332,7.47894,8.01265,8.10441
0.735836,-2.41713,4.49377,0.977979,-0.129208,0.163009,0.136679,0.932135,-0.0283203,-0.157722,0.0483712,0.986218,11.6716,6.9445,7.38077,7.18102,8.14809,8.39155
0.28434,-2.46137,2.73766,0.998369,0.0392294,-0.0299169,-0.0506574,0.938954,-0.0715649,0.0263221,0.0688213,0.996987,15.0914,14.1296,8.3656,8.31412,9.30396,9.17356
-0.0892808,-2.16966,2.61932,0.965176,0.0910541,-0.240279,-0.109152,0.9373,-0.0105328,0.23774,0.0329625,0.970647,18.5542,17.2051,8.52405,8.63142,9.27582,8.93075
0.0745535,-2.59752,3.01495,0.986766,0.0839293,-0.130673,-0.105443,0.935542,-0.0673182,0.123184,0.0750053,0.989137,18.3041,16.935,8.01592,8.05335,9.30438,9.03805
0.52241,-1.95016,2.7005,0.9946,-0.057764,0.088402,0.0561756,0.94025,-0.0180403,-0.0872671,0.0224044,0.995921,11.1363,9.31226,8.77052,8.69301,8.85246,8.96385
0.278327,-2.47162,3.09127,0.998256,0.0402938,-0.0317939,-0.0518624,0.939043,-0.0694764,0.0282177,0.0669624,0.997077,16.134,14.2209,8.11315,8.07338,9.10169,8.97595
0.0644193,-1.78735,4.30536,0.98746,-0.0687293,-0.143411,0.0642841,0.93976,-0.0165658,0.144188,0.00601858,0.989524,18.7863,11.3814,7.80024,7.978,7.94389,7.76907
0.224332,-1.67334,4.44642,0.99721,-0.0389766,-0.0662552,0.0344401,0.94148,-0.000164237,0.0662216,-0.00218838,0.997803,19.1388,11.0007,7.86733,7.94904,7.73555,7.64998
0.758421,-2.42583,2.96117,0.970921,-0.12562,0.2032,0.136921,0.931808,-0.0376011,-0.196382,0.0621487,0.978415,8.28243,6.75262,8.2742,8.12828,8.93175,9.23119
0.630361,-1.67547,3.56579,0.990034,0.031506,0.134936,-0.0399552,0.941762,-0.00543698,-0.135045,0.00112356,0.990839,15.2778,10.5622,8.47725,8.29582,8.09952,8.22796
0.0504823,-1.30011,4.38935,0.984923,-0.0984737,-0.142843,0.100652,0.936724,0.0143928,0.140698,-0.0275899,0.989641,17.6856,9.58866,8.13398,8.33606,7.5043,7.33133
0.381288,-2.19128,2.91076,0.999072,-0.0460926,0.00987375,0.0423399,0.940164,-0.0452794,-0.007956,0.0433159,0.998926,12.7746,10.8353,8.42448,8.4303,8.93369,8.9742
0.372948,-2.66647,2.85072,0.996808,-0.0817835,-0.00123191,0.0793632,0.934637,-0.0931715,0.00866004,0.0876061,0.995649,11.8251,10.8397,8.11124,8.16122,9.28329,9.37555
0.735361,-1.70583,4.28242,0.982605,0.052135,0.175001,-0.0601362,0.94082,-0.0168156,-0.175704,0.00705078,0.984425,17.8434,10.57,8.0885,7.84975,7.68849,7.8856
0.25978,-1.21308,3.99375,0.996916,-0.0636344,-0.0499276,0.0624605,0.939356,0.0376285,0.0475163,-0.0383545,0.998044,15.7803,9.25171,8.46439,8.55145,7.59692,7.55317
0.680096,-2.74639,4.20501,0.981182,-0.138248,0.133085,0.149078,0.928923,-0.0617131,-0.122708,0.0768006,0.989181,11.1438,7.50727,7.26129,7.11474,8.55241,8.78932
0.789051,-1.99632,4.43704,0.973223,-0.116675,0.197818,0.118417,0.934846,0.00505315,-0.197015,0.018976,0.980226,11.3712,6.42431,7.76662,7.53118,7.82281,8.08699
0.0139147,-2.65898,3.43351,0.982031,0.0985495,-0.152261,-0.122134,0.934152,-0.0623902,0.143867,0.0745476,0.986369,20.5647,17.8389,7.67025,7.74787,9.13307,8.84113
0.716254,-1.03524,4.45048,0.985638,0.0807904,0.141222,-0.097884,0.93794,0.0309602,-0.137609,-0.0406309,0.989494,20.2405,10.5477,8.54138,8.30532,7.07709,7.24246
0.303608,-2.58812,3.36697,0.998424,0.0445573,-0.0143036,-0.0552385,0.938204,-0.079245,0.00993598,0.0754747,0.996753,16.8504,14.376,7.85846,7.80288,9.02767,8.91414
0.505459,-1.98899,3.05976,0.995638,-0.0568124,0.0765445,0.0551611,0.940241,-0.0217169,-0.0752513,0.0250916,0.99683,12.0109,9.50319,8.5054,8.43476,8.66195,8.76306
0.844813,-1.73947,2.95038,0.962032,0.0767069,0.258338,-0.0825513,0.939098,-0.0321396,-0.260153,0.0109891,0.96552,13.6291,10.5886,8.87744,8.55327,8.46478,8.66307
0.760471,-2.60538,4.09916,0.973622,-0.142018,0.177018,0.153642,0.929207,-0.0422,-0.168682,0.0656933,0.983302,10.0082,6.65876,7.4483,7.26071,8.46963,8.7479
0.512738,-2.71393,4.34603,0.992354,-0.1093,0.0577615,0.113144,0.932948,-0.0726321,-0.0493148,0.0746416,0.995685,13.9747,9.33428,7.167,7.10654,8.51282,8.64763
0.814615,-2.47694,4.44149,0.968913,-0.145783,0.198255,0.155481,0.929533,-0.022663,-0.192438,0.0512429,0.979888,10.2082,6.08292,7.37595,7.14151,8.19827,8.49072
0.221974,-2.67769,4.30168,0.995948,0.0668291,-0.0449386,-0.0810317,0.937181,-0.0727129,0.0390072,0.0716548,0.99634,21.9404,15.6647,7.17511,7.18695,8.63747,8.49817
0.273229,-2.70443,4.48228,0.997272,0.0601823,-0.0206968,-0.0722188,0.937571,-0.0754485,0.0152383,0.0724501,0.996935,22.2165,15.212,7.06712,7.05344,8.56044,8.45497
0.760562,-2.17018,4.45094,0.976038,-0.120118,0.181055,0.124428,0.93408,-0.00932945,-0.178514,0.0312241,0.983429,11.5828,6.70988,7.61024,7.39265,7.96296,8.21415
0.340726,-1.9106,2.66431,0.999923,-0.00828393,-0.0122857,0.00156709,0.942085,-0.0187105,0.0123172,0.0177738,0.999749,13.4788,11.56,8.79269,8.76714,8.9226,8.87995
0.210529,-2.57948,3.67268,0.995723,0.0609284,-0.0583441,-0.0756909,0.937694,-0.0704952,0.052981,0.0701964,0.995804,19.0966,15.3967,7.63216,7.63517,8.87981,8.71982
0.0172259,-0.838613,2.72003,0.976958,-0.123653,-0.17346,0.13705,0.930586,0.0632015,0.163614,-0.0814186,0.982811,11.3906,7.915,9.34731,9.64295,8.1495,8.05239
0.416599,-0.952695,2.79275,0.999031,0.0336989,0.0105044,-0.0434169,0.939007,0.0752598,-0.0072476,-0.0709845,0.997109,14.4358,10.5268,9.42709,9.31353,8.16674,8.11738
0.29082,-2.37097,2.60764,0.998715,0.0320955,-0.0297065,-0.0428763,0.939757,-0.0636149,0.0270074,0.061131,0.997532,14.5916,13.7389,8.51666,8.46792,9.31431,9.19453
0.597845,-2.74393,3.08696,0.986384,-0.122429,0.109099,0.132407,0.929799,-0.0829821,-0.0975464,0.0916225,0.990561,9.76265,8.38687,7.93427,7.87434,9.12716,9.35827
0.245176,-1.6225,4.07324,0.997677,-0.0381878,-0.0592926,0.0338878,0.941492,0.0049241,0.0590927,-0.00666786,0.998229,17.3591,10.7914,8.10977,8.18126,7.88524,7.81598
0.258477,-2.6724,2.9981,0.996823,0.0613989,-0.0337754,-0.0748985,0.936326,-0.0891891,0.0271115,0.086221,0.995442,16.3838,15.2451,8.03882,7.98527,9.31753,9.15406
0.556301,-1.29571,3.72267,0.995188,0.0364612,0.0867153,-0.048335,0.941084,0.0293447,-0.0852375,-0.0306622,0.995801,16.5319,10.5405,8.65898,8.50916,7.7488,7.81994
0.0421832,-2.15431,3.89793,0.985191,0.0677051,-0.15229,-0.0827495,0.939388,-0.0198883,0.150171,0.029589,0.988136,21.8596,15.7391,7.74531,7.86865,8.47074,8.23819
0.196365,-0.900146,3.14041,0.992239,-0.096495,-0.0796959,0.101029,0.934527,0.0691821,0.0724928,-0.0725035,0.994416,12.2979,8.04167,9.12573,9.2945,7.89119,7.85313
0.0474187,-2.52119,4.23962,0.986428,0.0875573,-0.130343,-0.106686,0.936554,-0.0465202,0.124812,0.0557619,0.990377,23.9381,17.0192,7.26971,7.3831,8.59052,8.35599
0.375109,-2.74525,4.34096,0.996186,-0.0887288,-0.00313604,0.0866423,0.934888,-0.0827507,0.0103293,0.0775951,0.996565,15.8232,10.8278,7.10857,7.13206,8.58185,8.64066
0.667846,-2.55557,4.09264,0.982837,-0.124241,0.135655,0.132723,0.931888,-0.0492978,-0.128126,0.0637053,0.989529,11.3488,7.66178,7.47314,7.32885,8.46047,8.68248
0.807075,-2.24709,3.22527,0.965286,-0.126105,0.228162,0.134007,0.932777,-0.0147858,-0.224199,0.0439734,0.973511,8.32413,6.24605,8.24877,8.06192,8.64303,8.95207
0.595846,-1.99867,2.83458,0.989142,-0.0760339,0.127084,0.0766197,0.938845,-0.0173592,-0.12541,0.0264228,0.99174,10.4489,8.49623,8.65818,8.55015,8.77345,8.93639
0.727109,-1.662,3.5446,0.980849,0.0534062,0.184132,-0.0622356,0.940772,-0.0125815,-0.184559,0.00228604,0.982821,15.306,10.5731,8.53178,8.28813,8.07378,8.24542
0.524693,-0.939672,3.85624,0.996338,0.0521364,0.0585719,-0.0657905,0.938971,0.0600172,-0.0546012,-0.059373,0.996477,17.7668,10.5246,8.86166,8.71375,7.41955,7.45365
0.686278,-0.853136,2.87186,0.984986,0.0851359,0.142669,-0.107409,0.935494,0.0656614,-0.135152,-0.0742493,0.98759,14.9502,10.5495,9.53396,9.24651,7.95972,8.02706
-0.0543373,-2.55989,4.34797,0.977435,0.10812,-0.172707,-0.129789,0.9345,-0.0367584,0.166658,0.0541185,0.984287,26.0801,18.2857,7.14466,7.31059,8.60255,8.31189
-0.129058,-1.34937,4.28132,0.964602,-0.129743,-0.228935,0.132412,0.933059,-0.00876694,0.228057,-0.0218599,0.973402,17.4993,9.79284,8.09718,8.40613,7.63949,7.37986
0.24669,-2.72242,3.9897,0.99653,0.0651009,-0.0337909,-0.078614,0.936674,-0.0818868,0.0273437,0.0794576,0.996069,20.1239,15.5299,7.34235,7.32607,8.82083,8.68213
0.390982,-0.826756,3.02613,0.99885,0.0380727,-0.0072332,-0.046591,0.938046,0.0863714,0.0112915,-0.0808048,0.996237,15.2637,10.5163,9.37742,9.27282,7.93266,7.86333
0.464739,-2.3318,2.88128,0.99617,-0.0723094,0.0526859,0.0727126,0.937808,-0.0557847,-0.048571,0.0565359,0.997052,11.5024,9.8894,8.35467,8.33076,9.01338,9.12245
0.838678,-2.3368,3.02555,0.960986,-0.123549,0.247012,0.133947,0.932659,-0.0218973,-0.242001,0.0528354,0.968765,7.86082,6.17269,8.31446,8.12499,8.81367,9.15043
0.630026,-1.00162,4.06291,0.991149,0.067079,0.107353,-0.0833313,0.938582,0.0452207,-0.103338,-0.0497388,0.993192,18.5089,10.5381,8.73505,8.53537,7.30389,7.40613
0.276963,-2.41057,3.44078,0.998404,0.0363639,-0.0333529,-0.0475508,0.93975,-0.0608631,0.0304791,0.0587949,0.997589,17.1798,14.0236,7.92203,7.89755,8.85335,8.74073
0.810214,-1.76613,3.48552,0.969937,0.0675737,0.230371,-0.0735796,0.939776,-0.0296092,-0.231968,0.0128547,0.972652,14.9779,10.5846,8.51649,8.22249,8.16309,8.37277
0.0644933,-1.76916,3.6186,0.985652,-0.0706307,-0.154473,0.0664042,0.93963,-0.0156464,0.155177,0.00408503,0.987873,16.0598,11.273,8.1966,8.37661,8.29856,8.13615
0.574733,-2.49023,3.269,0.989392,-0.102809,0.103226,0.108771,0.934238,-0.0599777,-0.0962962,0.0673722,0.992848,10.7625,8.66795,8.00281,7.9286,8.86208,9.04702
0.092669,-1.80842,3.49404,0.988662,0.0388997,-0.142202,-0.0484783,0.941477,0.00173688,0.142118,0.00418311,0.989836,18.9197,13.927,8.25936,8.36871,8.41232,8.21882
0.495703,-2.38395,3.19096,0.994609,-0.0817849,0.0661501,0.0836583,0.936872,-0.0568035,-0.0612748,0.0590969,0.996192,11.7095,9.54722,8.11861,8.07762,8.85863,8.9866
0.774851,-1.97214,3.77044,0.972085,-0.111566,0.206357,0.113243,0.935452,0.00415591,-0.205492,0.0198055,0.978468,10.0067,6.56231,8.13991,7.93093,8.15069,8.41514
0.363184,-2.17818,2.82246,0.999312,-0.0415343,0.000320061,0.0370695,0.940419,-0.044762,0.00134081,0.0423951,0.998998,12.8067,11.0357,8.48946,8.50378,8.98558,9.01385
0.378452,-0.875535,2.66514,0.999048,0.0329882,-0.0118288,-0.0408313,0.938292,0.0858125,0.0153791,-0.0801842,0.996241,14.2472,10.5222,9.55333,9.45047,8.22058,8.1415
0.562414,-1.17783,3.63113,0.99474,0.0446512,0.0868384,-0.0579169,0.940341,0.039457,-0.0844816,-0.0409229,0.995441,16.4777,10.5391,8.80485,8.64284,7.71772,7.78199
-0.116212,-0.969712,2.54121,0.961107,-0.105648,-0.255299,0.120254,0.933748,0.0435073,0.24862,-0.0697314,0.965883,12.3722,9.18076,9.34173,9.69721,8.39853,8.23209
0.644474,-1.78393,2.7932,0.987211,0.0305099,0.154517,-0.0373395,0.941743,-0.0151933,-0.154987,0.00995887,0.987873,13.063,10.5755,8.8793,8.68677,8.65218,8.77938
0.366409,-0.88766,2.78908,0.997684,-0.0704833,0.00512373,0.0671714,0.936466,0.082895,-0.0107171,-0.07729,0.996545,11.4441,7.961,9.39312,9.46834,8.08307,8.14231
-0.07873,-1.04626,2.83696,0.9655,-0.124574,-0.228224,0.136172,0.932112,0.0320311,0.221964,-0.0596487,0.973082,12.3897,8.79253,9.11401,9.44205,8.2356,8.08069
0.0190886,-1.81375,2.57387,0.977962,-0.079263,-0.193974,0.0740528,0.938923,-0.0235973,0.19521,0.00716339,0.980723,13.301,11.3988,8.8029,9.01259,8.96982,8.80805
0.705423,-0.810026,2.79252,0.983153,0.0905168,0.15107,-0.114289,0.934618,0.0687416,-0.142647,-0.0787699,0.98613,14.8342,10.5503,9.62026,9.31323,7.98198,8.04861
0.817697,-1.10475,2.50961,0.967829,0.0945541,0.227699,-0.116576,0.936225,0.0287449,-0.222974,-0.0495191,0.973307,13.7016,10.5677,9.60972,9.25191,8.33897,8.45402
-0.0560882,-1.03741,4.48329,0.974147,-0.132234,-0.182269,0.139408,0.93196,0.0200589,0.177774,-0.043286,0.983044,17.1725,8.62881,8.26912,8.54056,7.26798,7.04156
0.754879,-2.19944,3.80192,0.974156,-0.119071,0.191613,0.124668,0.93399,-0.0145448,-0.188358,0.0373403,0.981363,10.0226,6.7517,7.93748,7.74632,8.30956,8.5716
0.483899,-1.28053,2.853,0.997911,0.0242138,0.0557334,-0.0349056,0.941185,0.0398042,-0.0543552,-0.0386592,0.997652,14.0208,10.5432,9.16149,9.03904,8.31788,8.3333
0.73354,-2.74133,3.06936,0.973997,-0.138056,0.178326,0.153917,0.927788,-0.0681785,-0.166253,0.0897696,0.981607,8.3549,7.01289,7.96652,7.84871,9.09451,9.40547
0.557499,-2.07841,3.19884,0.992219,-0.0733689,0.102304,0.0739741,0.938871,-0.0260352,-0.100142,0.0323747,0.994412,11.5124,8.91627,8.35872,8.26725,8.62162,8.76224
0.729749,-2.10779,3.99687,0.978013,-0.109805,0.177332,0.113338,0.935396,-0.0102527,-0.175055,0.02978,0.984098,10.9707,7.04647,7.89682,7.70658,8.14666,8.38542
0.589255,-1.65088,3.95706,0.993561,0.023079,0.108855,-0.0314487,0.942006,-0.00137574,-0.108844,-0.000977909,0.994057,16.5972,10.5515,8.25964,8.10727,7.8672,7.98039
0.28268,-1.70578,2.58796,0.998694,-0.0255177,-0.0469697,0.0201619,0.941942,0.00113428,0.0469373,-0.00202501,0.998896,13.1327,11.038,8.96246,9.00333,8.84068,8.79566
0.154928,-1.65164,3.37395,0.992424,-0.0571189,-0.110527,0.053974,0.940537,-7.25017e-05,0.11037,-0.0060378,0.993873,15.0201,10.8434,8.45589,8.58497,8.32967,8.22014
0.300728,-2.56317,3.03434,0.998433,0.0435907,-0.0171887,-0.0544562,0.938189,-0.0799217,0.0128526,0.0762303,0.996653,15.8411,14.3189,8.09927,8.03799,9.19965,9.07686
-0.0518341,-1.21955,3.99138,0.972879,-0.121588,-0.196412,0.126884,0.933755,0.0114735,0.19341,-0.0350352,0.980454,15.8835,9.27808,8.36418,8.63778,7.6741,7.46681
0.130579,-2.4288,3.30356,0.991405,0.0649456,-0.106577,-0.0820128,0.938222,-0.0543452,0.101936,0.0585744,0.992818,18.5332,15.7224,7.95121,7.99201,8.98918,8.781
0.202328,-0.861014,2.99604,0.992311,-0.0981218,-0.0766537,0.10292,0.93394,0.0749221,0.0687494,-0.0776976,0.994239,11.8478,7.8907,9.2347,9.40821,7.95545,7.92795
-0.109117,-1.66909,2.60062,0.959433,-0.104803,-0.261876,0.101859,0.936428,-0.0234823,0.262894,-0.00540189,0.964816,13.3274,11.0705,8.83657,9.13971,8.85511,8.65846
0.746473,-2.74412,2.64306,0.972431,-0.129183,0.193357,0.146725,0.928551,-0.072876,-0.181245,0.0949408,0.978418,7.83669,7.09367,8.25558,8.14802,9.33316,9.66446
0.763637,-1.02929,2.77834,0.976174,0.0889607,0.191953,-0.110952,0.9364,0.0407994,-0.186479,-0.056128,0.980556,14.4372,10.5619,9.48116,9.15968,8.11664,8.224
0.445543,-1.53383,2.61307,0.999076,0.00246591,0.0418901,-0.0103426,0.94214,0.0177542,-0.041711,-0.0166032,0.998964,13.0477,10.5877,9.11504,9.03504,8.65888,8.67531
0.567353,-1.41591,3.47853,0.994357,0.0320909,0.0978498,-0.0431401,0.941489,0.0200199,-0.0969186,-0.0218537,0.995,15.5034,10.5483,8.70748,8.55271,7.98187,8.06122
0.478678,-2.09067,3.27006,0.996656,-0.0582815,0.0605273,0.0568681,0.939897,-0.0312893,-0.0586818,0.0332579,0.997676,12.6411,9.78645,8.28901,8.23585,8.61643,8.70677
0.210755,-1.18668,3.01627,0.99414,-0.0752751,-0.0798102,0.0766505,0.938053,0.044772,0.0762306,-0.0479633,0.995804,12.857,9.10001,9.00755,9.14139,8.18357,8.13604
0.330129,-1.96643,4.12458,0.999873,-0.00232619,-0.015298,-0.0048465,0.942075,-0.020976,0.0151996,0.0199763,0.999663,18.2723,11.9124,7.84732,7.83785,8.10955,8.06634
0.341098,-0.81462,3.88417,0.997062,-0.0785756,-0.00517181,0.0765896,0.9363,0.0757149,-0.000644206,-0.0712595,0.997116,13.952,7.75139,8.84326,8.91478,7.3281,7.35375
0.618545,-0.824449,4.17941,0.991844,0.075452,0.0931644,-0.092737,0.937167,0.0592881,-0.0874412,-0.0627318,0.993884,19.4146,10.5304,8.81794,8.61999,7.10703,7.19691
0.578207,-0.915298,3.66401,0.993697,0.063262,0.0841519,-0.0793097,0.938087,0.0608023,-0.0792273,-0.0624547,0.994596,17.1548,10.533,9.00009,8.8127,7.50516,7.56017
-0.115178,-1.26055,4.35704,0.966789,-0.131622,-0.218324,0.135813,0.93264,-0.00154327,0.216506,-0.0277214,0.975875,17.4988,9.45786,8.13425,8.43595,7.52593,7.27131
0.761509,-0.833778,2.89283,0.977526,0.09825,0.17919,-0.123317,0.934261,0.0587558,-0.170986,-0.0735746,0.982058,15.0814,10.5546,9.55929,9.22541,7.90944,8.00397
0.441026,-2.17236,4.34292,0.997923,-0.0571452,0.0356267,0.0549187,0.939903,-0.0347924,-0.0336837,0.035025,0.998759,16.2935,10.2105,7.5848,7.54484,8.11395,8.17497
0.615231,-2.46126,2.54949,0.985534,-0.106182,0.132371,0.114451,0.933638,-0.0592787,-0.124993,0.0703887,0.989426,9.10085,8.22715,8.50494,8.43263,9.24182,9.46768
0.671438,-0.984584,3.62752,0.98744,0.0755918,0.131825,-0.0940234,0.937665,0.0472822,-0.126975,-0.0545936,0.990145,16.9397,10.5463,8.99301,8.75386,7.54722,7.65279
0.117896,-0.906552,2.79362,0.986595,-0.107956,-0.122656,0.116317,0.933058,0.0658974,0.114462,-0.0752161,0.990259,11.5996,8.07149,9.29179,9.51732,8.1368,8.07362
-0.0280742,-1.00886,2.93908,0.972211,-0.122939,-0.198802,0.134066,0.932129,0.0399098,0.191914,-0.0626999,0.979227,12.3505,8.53915,9.09405,9.39318,8.13581,7.99841
0.0128853,-0.989257,3.87521,0.979206,-0.121753,-0.161839,0.129938,0.93277,0.0372835,0.155793,-0.055001,0.986113,14.6839,8.42152,8.61582,8.86628,7.54508,7.38298
0.695079,-1.38087,3.81108,0.985359,0.0594908,0.155468,-0.0726388,0.940197,0.011449,-0.154245,-0.0200137,0.987775,16.7461,10.5593,8.58648,8.35736,7.71529,7.86406
0.559059,-1.17482,3.96214,0.995196,0.0438289,0.0820267,-0.0566606,0.940478,0.0373081,-0.0798435,-0.0385954,0.995932,17.6651,10.5346,8.62596,8.47363,7.51532,7.58625
0.740292,-0.942176,3.51205,0.981055,0.0897713,0.164648,-0.110846,0.936245,0.0448848,-0.158884,-0.0574017,0.985331,16.6833,10.5526,9.11175,8.82504,7.57014,7.69898
0.364093,-1.32957,4.25857,0.99957,-0.0341364,-0.00213198,0.0292885,0.941274,0.0292011,0.00127636,-0.0273266,0.999571,17.1993,9.72134,8.27594,8.2899,7.515,7.52323
0.653802,-1.23785,3.75181,0.988885,0.0586833,0.131622,-0.0732865,0.939883,0.0267737,-0.129369,-0.0329425,0.990938,16.8192,10.5508,8.71869,8.50737,7.65796,7.77614
0.697321,-1.67756,3.41342,0.983589,0.0463659,0.171502,-0.0549889,0.941145,-0.0108732,-0.171842,0.00256371,0.985124,14.8674,10.5714,8.58793,8.36212,8.17285,8.32885
0.769367,-1.30133,3.81003,0.977962,0.0779464,0.188623,-0.0930164,0.938751,0.00979662,-0.186919,-0.0240884,0.982001,16.9673,10.5652,8.6738,8.39683,7.63441,7.81321
-0.0625236,-1.70777,3.30271,0.969219,-0.101244,-0.224704,0.0978248,0.936834,-0.0235368,0.225932,-0.000467871,0.974143,14.9786,11.0418,8.38572,8.65221,8.45216,8.24602
-0.0239717,-2.29107,3.21128,0.976616,0.085591,-0.191505,-0.104758,0.93742,-0.026988,0.187744,0.0427413,0.981121,19.9311,16.9322,8.05962,8.17021,8.98483,8.68829
0.173436,-2.1493,4.30159,0.995203,0.0395528,-0.0847036,-0.05154,0.940961,-0.028589,0.0831567,0.0306182,0.995996,21.843,14.2417,7.55713,7.62713,8.21509,8.07038
0.3844,-1.40531,3.12826,0.999975,-0.00271463,0.00579361,-0.00427598,0.941894,0.0291005,-0.00567153,-0.0271617,0.99956,14.4796,10.5636,8.86904,8.82463,8.25306,8.2337
-0.04321,-2.3992,4.45765,0.97873,0.0982648,-0.172419,-0.117236,0.93623,-0.025353,0.168356,0.0415591,0.984697,26.5378,17.5936,7.20784,7.38284,8.41365,8.13743
-0.149767,-2.24209,3.71182,0.96147,0.108259,-0.246513,-0.126344,0.935542,-0.00313559,0.244155,0.0308162,0.969134,23.6681,18.1592,7.7373,7.9194,8.70518,8.34845
-0.14051,-1.17491,3.64162,0.959039,-0.139796,-0.245349,0.147238,0.931017,0.00472507,0.242003,-0.0396667,0.969423,14.5979,9.08551,8.55361,8.89089,7.84423,7.62213
0.269485,-2.34716,2.93318,0.998252,0.0336502,-0.0408573,-0.0450437,0.939993,-0.0582217,0.0382602,0.0564901,0.997467,15.6308,13.8755,8.29998,8.27179,9.10258,8.97905
-0.136169,-2.03627,3.79419,0.962953,0.0977597,-0.245969,-0.111358,0.937088,0.0106509,0.245602,0.0147636,0.969219,23.7508,17.2741,7.84328,8.0395,8.49449,8.15413
-0.077234,-1.56544,4.32713,0.971927,-0.110598,-0.207705,0.109542,0.935745,-0.0162661,0.208225,-0.00767499,0.978056,18.311,10.5655,7.91903,8.19054,7.78298,7.54049
0.670985,-2.51875,3.0421,0.980743,-0.119642,0.153969,0.129931,0.931968,-0.0550523,-0.145814,0.070927,0.986541,9.20069,7.62114,8.14176,8.03427,8.97588,9.22874
0.669375,-1.44244,2.89979,0.985533,0.051967,0.157735,-0.064769,0.940644,0.0124655,-0.156619,-0.0199295,0.987403,13.939,10.5667,9.06854,8.84054,8.3395,8.45251
-0.0270074,-1.64968,4.23424,0.977694,-0.0960603,-0.187291,0.0937466,0.937376,-0.0158875,0.187953,-0.00290632,0.982176,18.1238,10.8685,7.91581,8.15512,7.88855,7.67143
0.531436,-2.52347,4.07959,0.992478,-0.0986822,0.0736229,0.102237,0.934992,-0.0589873,-0.0673388,0.0629428,0.99554,13.2674,9.154,7.47458,7.40228,8.48316,8.6237
0.307416,-0.805345,2.66152,0.996161,-0.0860979,-0.0232329,0.0861757,0.934326,0.0906007,0.0154036,-0.0867871,0.995616,10.9578,7.65488,9.4985,9.62463,8.12195,8.16119
0.788043,-1.52357,4.21481,0.976999,0.0716941,0.196485,-0.0825167,0.939547,-0.00998208,-0.196632,-0.00455292,0.980456,18.0376,10.572,8.28689,8.0127,7.5658,7.77961
0.601817,-2.49144,2.57595,0.986626,-0.105983,0.124162,0.114084,0.93345,-0.0632278,-0.116424,0.0731366,0.990245,9.23654,8.36736,8.46325,8.39823,9.24985,9.47014
0.267152,-2.41197,2.76829,0.99803,0.0384905,-0.0405911,-0.0504359,0.93935,-0.065615,0.037313,0.0636317,0.997019,15.2905,14.1329,8.37035,8.33276,9.25278,9.11759
0.808263,-2.41688,3.5833,0.966377,-0.136443,0.216892,0.14708,0.930728,-0.0257254,-0.210908,0.0551116,0.975857,8.65907,6.1958,7.90123,7.70835,8.56982,8.88138
0.118475,-1.01684,4.16885,0.988792,-0.102372,-0.109302,0.106867,0.935322,0.0424544,0.104259,-0.0510057,0.993102,15.7509,8.5269,8.48156,8.66115,7.37762,7.25792
0.527941,-2.02637,3.58328,0.994582,-0.0641971,0.0840375,0.0632868,0.939718,-0.0224134,-0.0824763,0.026803,0.99621,12.909,9.26141,8.15758,8.07216,8.37429,8.48831
0.237431,-1.36906,2.79988,0.996058,-0.0582327,-0.0697325,0.0570706,0.939917,0.0307241,0.0679016,-0.0327899,0.997092,12.8354,9.77369,9.02654,9.12867,8.45646,8.41323
0.367302,-1.75823,3.98699,0.999618,-0.032607,0.00103723,0.0276203,0.941715,-0.00437243,-0.00091607,0.00439565,0.99999,16.3482,10.5382,8.08973,8.08309,8.00152,8.00196
0.505688,-1.46505,2.51679,0.996913,0.0183858,0.0739201,-0.0282135,0.941839,0.0227346,-0.0732699,-0.0225949,0.997005,12.9628,10.5713,9.24565,9.11908,8.66054,8.69651
0.29569,-0.819176,3.81363,0.996106,-0.0858899,-0.0262003,0.0859189,0.935615,0.0743647,0.0197705,-0.0718065,0.996887,13.7615,7.76279,8.86008,8.95959,7.38546,7.38622
0.310033,-2.32275,4.32869,0.999257,0.0258401,-0.0173686,-0.0352096,0.940826,-0.0477693,0.015694,0.0456946,0.998707,20.2451,13.4122,7.45529,7.43924,8.30311,8.23431
0.718596,-1.92387,4.00491,0.979871,-0.0978863,0.174436,0.0983579,0.937049,0.00131425,-0.173718,0.0163381,0.984668,11.4584,7.19418,8.03861,7.8466,8.00591,8.23025
0.369509,-1.66321,3.65685,0.999814,-0.0247226,0.00154357,0.0192409,0.941958,0.00406285,-0.00162147,-0.0035447,0.999991,15.4621,10.5493,8.35258,8.33898,8.1168,8.11234
0.338453,-1.60106,2.99939,0.99977,-0.0200921,-0.0159285,0.0145063,0.942017,0.0110716,0.0157672,-0.0105075,0.999812,13.8975,10.6778,8.78766,8.80121,8.48403,8.47143
0.370451,-1.11973,3.26175,0.998898,-0.0507103,0.00298593,0.0465977,0.939505,0.0553119,-0.00556859,-0.0516495,0.998465,13.2485,8.86483,8.96806,9.00499,7.94233,7.97738
0.718843,-2.53535,3.8936,0.977651,-0.130697,0.163701,0.140788,0.931029,-0.0438083,-0.156133,0.0633424,0.985537,10.2206,7.11338,7.61341,7.45116,8.52619,8.78291
0.720554,-2.06146,3.03748,0.976266,-0.103886,0.190257,0.107419,0.936052,-0.0105067,-0.188059,0.0304011,0.981678,9.23111,7.13421,8.49825,8.33862,8.6497,8.89558
0.178813,-1.06557,2.66018,0.991511,-0.0886189,-0.0965498,0.0928481,0.936069,0.0568212,0.0910275,-0.0618901,0.993705,11.7495,8.63929,9.28795,9.46115,8.33369,8.2896
0.557645,-2.01488,4.35244,0.993577,-0.0701813,0.0907803,0.0694419,0.939381,-0.0177521,-0.0893475,0.0233916,0.995713,14.8541,8.9571,7.73893,7.62746,7.94845,8.07308
0.246582,-2.0424,3.78081,0.998038,0.0193724,-0.0562303,-0.0290408,0.941739,-0.0258346,0.055476,0.0257123,0.998084,18.262,13.0744,7.96262,7.98823,8.38146,8.27873
0.369145,-2.47089,3.56079,0.998032,-0.0656613,0.000192172,0.0625766,0.93784,-0.0674578,0.00403869,0.0636665,0.997722,13.9873,10.9271,7.79019,7.8154,8.76086,8.81168
-0.0572799,-2.05225,3.64805,0.973305,0.082191,-0.209346,-0.0965713,0.938497,-0.00165706,0.208211,0.0194364,0.97784,21.9634,16.4573,7.94237,8.10333,8.56115,8.26587
0.405228,-1.36626,3.68334,0.999844,0.0021734,0.0150359,-0.00973208,0.941886,0.0293793,-0.0147556,-0.0274754,0.999455,16.173,10.5302,8.58029,8.5273,7.87305,7.8673
0.104503,-1.17105,3.38343,0.987058,-0.0954199,-0.129684,0.0997211,0.936318,0.035699,0.125587,-0.0459736,0.990913,13.7718,9.06134,8.77205,8.96658,7.9605,7.85218
0.535389,-2.04985,3.61841,0.99409,-0.0672971,0.0873248,0.0668015,0.939449,-0.0237768,-0.0855716,0.0285753,0.995896,12.855,9.17601,8.11976,8.0313,8.36902,8.48897
0.480192,-2.33361,4.38221,0.995919,-0.0764687,0.0513723,0.0765304,0.938035,-0.0448989,-0.047838,0.0463974,0.99767,15.4476,9.75152,7.4431,7.38573,8.20847,8.30098
0.760447,-2.55412,3.6299,0.972253,-0.137533,0.188002,0.149637,0.929805,-0.042382,-0.179815,0.0667591,0.981254,9.12162,6.65788,7.76018,7.59284,8.65968,8.95076
0.557743,-1.08217,2.50481,0.994104,0.0502891,0.0901219,-0.0656424,0.939115,0.0575676,-0.0863066,-0.0586871,0.994266,13.599,10.5496,9.54943,9.35266,8.40565,8.42742
0.590201,-2.21156,3.16467,0.989247,-0.0879895,0.117934,0.0912005,0.937147,-0.0350962,-0.114334,0.0438447,0.992401,10.8169,8.53489,8.28398,8.18645,8.72221,8.89474
0.671478,-1.79033,3.10795,0.985252,0.0358748,0.165108,-0.042572,0.94154,-0.0177257,-0.165729,0.0111655,0.986116,13.8133,10.5749,8.6828,8.47539,8.44975,8.59493
0.715024,-1.01778,3.09725,0.982366,0.0813601,0.162097,-0.101645,0.937117,0.0447736,-0.156922,-0.0556953,0.985759,15.2658,10.5555,9.28287,9.00154,7.90477,8.00903
0.721106,-1.20401,3.78533,0.983128,0.0732652,0.162186,-0.0894405,0.938838,0.0228548,-0.15956,-0.0335484,0.986496,17.0558,10.5573,8.7484,8.49597,7.59194,7.7419
-0.00162925,-1.67795,4.03699,0.979802,-0.0895774,-0.179486,0.0868664,0.938021,-0.015119,0.18012,-0.00167924,0.983644,17.3675,10.9555,8.00675,8.2308,8.00895,7.8088
0.617111,-2.05606,3.48561,0.988049,-0.0841865,0.130225,0.0856331,0.938068,-0.0188677,-0.128168,0.0291602,0.991305,11.4203,8.27087,8.21129,8.08495,8.42034,8.59387
-0.0402347,-2.6212,4.46216,0.979261,0.109419,-0.160982,-0.131341,0.934115,-0.0421244,0.154262,0.0580166,0.986058,26.6451,18.3598,7.03596,7.19855,8.595,8.31461
-0.0603367,-1.77425,3.87022,0.97223,-0.0982299,-0.212798,0.0935655,0.937138,-0.0280217,0.21451,0.00573486,0.976694,16.9765,11.2942,8.00828,8.26694,8.18746,7.96183
0.754454,-2.68958,2.66078,0.9715,-0.127446,0.19918,0.144243,0.929337,-0.0665182,-0.188102,0.089441,0.977703,7.8427,7.01302,8.2838,8.16779,9.2852,9.61429
0.43691,-1.5908,2.81271,0.99929,-0.00334351,0.0375234,-0.00387848,0.942221,0.0119223,-0.0374796,-0.0108722,0.999225,13.3856,10.583,8.94234,8.87454,8.5676,8.58709
0.437889,-1.93572,3.49474,0.998664,-0.0388114,0.0387209,0.0349649,0.941289,-0.0188049,-0.0380469,0.0194659,0.999073,14.0687,10.2728,8.2621,8.21877,8.39202,8.44263
0.310472,-2.73199,4.16565,0.997815,0.0555652,-0.00413301,-0.0660617,0.937316,-0.0836097,-0.00140435,0.0791203,0.99649,20.1038,14.8821,7.24922,7.20164,8.72339,8.62708
0.848448,-2.73937,3.6627,0.961802,-0.154279,0.224202,0.171475,0.926148,-0.0461946,-0.213383,0.0797341,0.973447,8.0259,5.84391,7.61027,7.41551,8.75699,9.11001
-0.118462,-1.94199,3.4857,0.963538,0.0898526,-0.247303,-0.101691,0.937953,0.0146968,0.247496,0.00895943,0.968827,21.9553,16.7301,8.10583,8.28605,8.59023,8.25734
0.0390348,-2.2778,3.52034,0.984159,0.0738754,-0.155408,-0.0912314,0.938467,-0.0312782,0.152014,0.0416047,0.987355,20.3567,16.1998,7.88738,7.9889,8.77687,8.52807
0.0294168,-1.28497,2.81388,0.978799,-0.101917,-0.178036,0.106941,0.935924,0.0225119,0.174689,-0.0396132,0.983767,12.7138,9.48058,9.00032,9.24281,8.41586,8.28693
0.116138,-1.3707,3.12671,0.988223,-0.0817888,-0.130528,0.0833291,0.93823,0.0213507,0.12834,-0.0307334,0.991215,13.6424,9.78794,8.78436,8.9603,8.2702,8.16302
0.406961,-2.70521,2.94978,0.995934,-0.0902545,0.0150012,0.0898501,0.933598,-0.0945866,-0.00647129,0.0903192,0.995404,11.604,10.4647,8.02172,8.05552,9.24074,9.35614
0.326873,-2.20226,3.64361,0.999669,0.0140815,-0.0134765,-0.022492,0.941314,-0.0425041,0.0125285,0.0404839,0.999005,16.9491,12.7685,7.95652,7.92619,8.56019,8.49698
0.815884,-1.32304,3.52081,0.971026,0.0860294,0.217942,-0.101299,0.938081,0.00383577,-0.216444,-0.0226481,0.975954,15.9835,10.5715,8.83443,8.52275,7.81377,8.00008
0.344819,-0.974356,2.91229,0.997911,-0.067022,-0.00766188,0.0645356,0.937438,0.0720942,0.00300113,-0.0680321,0.997368,11.9758,8.29636,9.25741,9.33231,8.06769,8.106
0.446045,-1.22576,3.00472,0.99902,0.0202337,0.0338958,-0.0299778,0.941077,0.0454672,-0.032552,-0.0432994,0.998391,14.4829,10.5347,9.09861,8.99859,8.192,8.18695
0.583603,-2.19166,3.00287,0.98966,-0.0853602,0.116477,0.0882715,0.937431,-0.0346401,-0.113052,0.0429779,0.992589,10.6089,8.60647,8.40124,8.30896,8.80541,8.97472
0.570415,-2.19515,2.68852,0.99036,-0.0827856,0.11239,0.0856336,0.937571,-0.0373652,-0.108873,0.044897,0.992961,10.1803,8.74398,8.60222,8.52276,9.00163,9.16775
0.348175,-2.76678,2.89103,0.997684,0.0557878,0.01572,-0.0641852,0.935557,-0.104437,-0.0225128,0.0976196,0.994407,15.2596,14.6339,8.08507,7.97355,9.42841,9.30346
0.419381,-2.07508,3.10892,0.998711,-0.0450095,0.030199,0.0417737,0.940659,-0.0326108,-0.0288263,0.032311,0.999012,13.0172,10.4415,8.39103,8.36791,8.72252,8.77472
0.678107,-2.27971,3.45119,0.981494,-0.108606,0.157829,0.114705,0.934824,-0.0311188,-0.153336,0.0470894,0.986976,10.1976,7.57045,8.0686,7.92754,8.57999,8.80709
0.121304,-0.996196,3.11685,0.98752,-0.102559,-0.120076,0.109069,0.934523,0.0546522,0.11361,-0.0637012,0.991259,12.5691,8.40622,9.04857,9.25385,7.99168,7.9114
0.669964,-1.30553,3.73144,0.987467,0.0583253,0.142054,-0.0723282,0.94009,0.02006,-0.140274,-0.0271806,0.989656,16.6144,10.5549,8.68176,8.4632,7.71497,7.8446
0.790682,-2.40931,3.19206,0.967408,-0.130653,0.216129,0.141754,0.931369,-0.0304321,-0.209829,0.0582295,0.975891,8.27994,6.41112,8.1434,7.97458,8.78062,9.09199
-0.0706059,-1.99676,2.74664,0.967646,0.0809477,-0.234653,-0.0947713,0.938647,0.00260361,0.233838,0.0172774,0.972076,18.6154,16.3831,8.55817,8.68406,9.06305,8.74418
0.662239,-2.23236,4.20029,0.984823,-0.104289,0.139081,0.108341,0.935698,-0.02525,-0.135596,0.0387644,0.989959,12.294,7.76942,7.67016,7.51226,8.16055,8.36008
0.0961508,-2.72609,2.99553,0.988435,0.0880633,-0.11365,-0.110065,0.934036,-0.0822235,0.104317,0.0879217,0.990113,18.0752,17.1553,7.95256,7.96792,9.40873,9.14154
0.492102,-1.61104,4.27518,0.998239,0.0030558,0.0584351,-0.0105355,0.942272,0.00531202,-0.0583768,-0.00494825,0.998277,17.8401,10.5223,8.08903,7.99905,7.69235,7.75476
-0.142286,-1.31757,2.59018,0.956477,-0.0959071,-0.275901,0.101813,0.936651,0.0103518,0.273469,-0.0373651,0.96113,13.3465,10.4804,9.0743,9.41606,8.62303,8.42106
0.84775,-0.818324,4.06046,0.971712,0.114627,0.198219,-0.138125,0.933536,0.036018,-0.191565,-0.0572756,0.979496,19.0772,10.5568,8.95406,8.62118,7.10178,7.29994
0.727826,-1.91222,3.67628,0.97775,-0.0989854,0.185336,0.0994425,0.936937,0.00293955,-0.184705,0.0161148,0.982671,10.5609,7.08109,8.2335,8.04485,8.17292,8.40626
-0.0403023,-2.72885,3.77277,0.977503,0.112421,-0.169012,-0.137732,0.932557,-0.0583752,0.159744,0.0748899,0.983884,22.7436,18.7021,7.38125,7.49494,9.02401,8.7097
0.429013,-1.8192,2.90611,0.999268,-0.0196193,0.035653,0.0141933,0.942033,-0.00956063,-0.0355155,0.0099569,0.999318,13.1869,10.5899,8.71288,8.6672,8.66648,8.70238
0.802953,-2.00006,4.24888,0.97057,-0.119129,0.208965,0.121057,0.934522,0.00631395,-0.20818,0.0196722,0.977903,10.6469,6.27028,7.86297,7.62708,7.91417,8.18982
0.376203,-2.14392,3.75677,0.999288,-0.041581,0.00661774,0.0373643,0.940704,-0.0371104,-0.00523014,0.0354545,0.999289,15.2273,10.9176,7.92623,7.92613,8.41701,8.4421
0.589448,-2.04397,3.05702,0.989794,-0.0775781,0.120901,0.0785609,0.938618,-0.0212315,-0.118898,0.0297769,0.992438,10.8802,8.56569,8.48027,8.37422,8.67084,8.83093
0.646884,-1.27387,3.29926,0.988577,0.0557329,0.135488,-0.0703255,0.940054,0.0272031,-0.133306,-0.0331979,0.990405,15.3042,10.5554,8.94628,8.73031,7.9691,8.07189
0.764597,-1.65214,3.26571,0.975405,0.0622699,0.208031,-0.0711831,0.940228,-0.0155028,-0.208608,0.00190829,0.977999,14.5484,10.5786,8.71847,8.44678,8.22569,8.40349
-0.0428438,-2.35228,3.02487,0.973939,0.0914127,-0.201626,-0.112361,0.936574,-0.0310748,0.197023,0.0488056,0.97897,19.5081,17.3546,8.13702,8.23872,9.14768,8.82998
0.841729,-0.977477,3.07389,0.967462,0.104804,0.223849,-0.12842,0.934806,0.0328342,-0.218002,-0.0553448,0.974071,15.3513,10.5636,9.36762,9.00585,7.85582,7.99961
