45.1238,90.1323,64.2015,91.0144,290.472,2.28789e-08,5.49581e-07,9.65984e-08,5.64489e-07,1.23355e-06
58.7744,104.605,30.1424,61.185,254.706,3.93766e-07,4.13662e-08,6.01309e-08,3.11087e-07,8.0635e-07
88.5129,106.622,74.3058,61.3475,330.788,2.65479e-07,1.84343e-07,1.2613e-07,5.26575e-07,1.10253e-06
93.4256,102.007,86.4695,61.8983,343.8,2.2191e-07,3.26202e-07,9.3072e-08,5.6347e-07,1.20465e-06
40.283,122.537,29.4176,87.9269,280.165,3.44567e-07,2.72736e-07,2.1183e-07,3.33136e-07,1.16227e-06
51.7373,129.528,36.5883,81.2379,299.092,6.96016e-08,2.331e-07,2.31537e-08,2.78173e-07,6.04028e-07
41.4445,110.973,50.2128,65.5647,268.195,3.04889e-07,2.38296e-07,6.40206e-08,4.26502e-07,1.03371e-06
28.6701,130.97,42.3101,85.2582,287.209,3.31429e-07,2.64759e-07,1.71871e-07,3.65523e-07,1.13358e-06
17.1033,89.5178,31.1623,79.346,217.129,1.06263e-07,3.46872e-07,1.9005e-07,3.71533e-07,1.01472e-06
114.609,151.894,137.56,114.232,518.295,5.38544e-07,7.58772e-07,3.33119e-07,8.95478e-07,2.52591e-06
22.7772,124.604,50.2097,105.119,302.71,1.30788e-07,4.9877e-07,9.14746e-08,4.50486e-07,1.17152e-06
51.1816,109.119,84.1089,78.6307,323.04,1.52147e-07,4.4686e-07,2.6625e-08,6.04533e-07,1.23016e-06
37.0833,162.829,70.8036,95.7521,366.468,6.2972e-07,3.20369e-07,3.71711e-07,5.06006e-07,1.82781e-06
56.6983,139.515,49.3519,83.5341,329.1,5.28795e-07,2.33916e-07,2.76438e-07,4.05817e-07,1.44497e-06
34.7387,117.428,57.8329,93.8775,303.878,3.23736e-07,4.40256e-07,1.60923e-07,5.22576e-07,1.44749e-06
90.1794,83.1426,79.8259,96.6476,349.795,1.56705e-07,6.45367e-07,4.85014e-08,6.96685e-07,1.54726e-06
11.6336,129.977,46.2972,101.633,289.541,3.50258e-07,3.33852e-07,2.18931e-07,3.92433e-07,1.29547e-06
32.6611,115.766,39.8029,73.7754,262.006,3.80125e-07,2.14521e-07,1.33357e-07,4.0211e-07,1.13011e-06
87.6804,100.328,66.1921,28.8514,283.052,1.23363e-07,6.09398e-08,2.47542e-07,2.62627e-07,6.94471e-07
63.609,152.733,29.9891,110.186,356.517,3.95925e-07,2.65408e-07,3.3792e-07,2.41161e-07,1.24041e-06
17.3403,135.994,70.1149,119.902,343.352,3.11328e-07,5.09831e-07,2.59069e-07,4.98509e-07,1.57874e-06
42.2717,132.953,47.7892,82.8356,305.85,2.87362e-07,2.99892e-07,1.68814e-07,3.61869e-07,1.11794e-06
28.4492,115.118,50.2742,86.5257,280.367,3.52708e-07,3.42467e-07,1.60503e-07,4.70774e-07,1.32645e-06
29.7134,142.165,46.2042,93.5794,311.662,6.82474e-07,1.71554e-07,3.84477e-07,4.152e-07,1.65371e-06
37.9541,113.438,69.4202,86.3608,307.173,1.77866e-07,4.81016e-07,6.2338e-08,5.29002e-07,1.25022e-06
56.6117,95.3263,12.4447,63.5961,227.979,4.71977e-08,1.36817e-07,9.62409e-08,2.08586e-07,4.88841e-07
90.4768,152.666,101.936,74.6069,419.686,4.67551e-07,2.65551e-07,6.83749e-08,6.04809e-07,1.40629e-06
53.513,119.807,77.4791,108.287,359.086,3.18002e-07,6.13005e-07,1.96629e-07,6.38205e-07,1.76584e-06
23.783,85.3798,36.6834,50.6021,196.448,5.57247e-08,1.74197e-07,2.49723e-07,3.41181e-07,8.20826e-07
97.5662,89.8995,41.2805,26.2411,254.987,1.82867e-07,3.15221e-07,1.32145e-07,3.65975e-08,6.6683e-07
38.5394,127.881,52.04,71.5777,290.038,4.25866e-07,2.131e-07,1.49004e-07,4.36052e-07,1.22402e-06
44.8069,165.778,120.709,95.0429,426.337,4.78269e-07,5.27917e-07,2.79774e-07,6.9756e-07,1.98352e-06
18.628,127.087,64.1208,106.784,316.621,3.26654e-07,3.8571e-07,2.04504e-07,4.53314e-07,1.37018e-06
76.9347,113.873,12.676,46.4178,249.901,4.15735e-07,2.01098e-07,8.13424e-08,9.28179e-08,7.90993e-07
40.4756,82.9258,23.2533,49.5177,196.172,1.27652e-07,1.16224e-07,1.04512e-07,2.95092e-07,6.4348e-07
41.8824,132.228,35.9706,71.5036,281.584,3.35366e-07,1.0227e-07,1.34627e-07,2.69141e-07,8.41403e-07
63.4986,170.207,121.71,100.275,455.69,5.41511e-07,5.88749e-07,3.07815e-07,7.52943e-07,2.19102e-06
51.0222,82.7247,16.2663,41.3534,191.367,6.73083e-08,2.45377e-08,1.68984e-07,2.13267e-07,4.74096e-07
79.1446,130.422,47.3984,67.9202,324.885,4.79902e-07,1.85558e-07,9.90698e-09,2.69214e-07,9.44582e-07
32.7019,148.729,101.978,72.189,355.598,3.08665e-07,4.06557e-07,1.01275e-07,5.86082e-07,1.40258e-06
70.699,95.6545,61.9683,75.8703,304.192,2.9738e-07,3.77457e-07,4.06251e-08,5.645e-07,1.27996e-06
24.2864,115.767,37.8468,104.392,282.292,2.37643e-07,3.44996e-07,2.39091e-07,3.12114e-07,1.13385e-06
44.7129,173.033,92.0433,85.7675,395.557,5.67181e-07,3.60505e-07,3.00104e-07,5.64172e-07,1.79196e-06
98.1071,123.656,106.523,75.9112,404.197,3.24763e-07,4.98941e-07,2.49514e-08,7.53058e-07,1.60171e-06
62.3815,105.879,54.6836,68.8337,291.778,3.57884e-07,2.37264e-07,4.34817e-08,4.91691e-07,1.13032e-06
40.1751,130.079,43.2946,75.4169,288.966,4.84313e-07,1.69761e-07,2.47593e-07,3.64504e-07,1.26617e-06
26.9189,154.546,56.5538,87.4752,325.494,7.06723e-07,1.25643e-07,3.54632e-07,4.40697e-07,1.62769e-06
76.3128,106.322,75.9238,59.5899,318.148,2.57431e-07,2.86224e-07,6.30231e-08,5.54057e-07,1.16073e-06
49.155,155.432,48.4064,76.9119,329.905,6.029e-07,1.1885e-07,2.8582e-07,3.79321e-07,1.38689e-06
34.8547,104.954,12.5447,83.251,235.605,6.41482e-08,2.5452e-07,3.22716e-08,2.76559e-07,6.27499e-07
68.9986,112.889,65.6119,60.0735,307.573,2.88431e-07,2.39718e-07,2.36564e-08,4.30073e-07,9.81879e-07
23.6414,113.678,48.2613,96.4782,282.059,3.83022e-07,3.57489e-07,2.07573e-07,4.66275e-07,1.41436e-06
83.7787,65.9384,50.4441,35.4883,235.65,2.47326e-08,1.93948e-08,2.10252e-07,1.66704e-07,4.21084e-07
69.9636,128.28,13.637,68.4345,280.315,3.69577e-07,7.59406e-08,1.66387e-07,2.15532e-07,8.27436e-07
28.6126,135.645,29.0196,103.919,297.196,7.54059e-07,1.22876e-07,4.2774e-07,3.58331e-07,1.66301e-06
50.4723,133.955,24.0764,92.1475,300.651,6.98363e-07,2.99096e-09,4.06621e-07,2.10985e-07,1.31896e-06
43.1883,120.491,52.2611,82.8358,298.776,4.29483e-07,3.05672e-07,1.86465e-07,4.76655e-07,1.39827e-06
32.5748,137.378,36.4715,78.2287,284.653,5.85432e-07,2.28452e-08,2.85798e-07,2.79089e-07,1.17316e-06
81.8545,152.59,49.6755,58.4224,342.543,5.34056e-07,1.38948e-07,8.84801e-08,2.73862e-07,1.03535e-06
22.4985,130.694,45.7891,106.179,305.161,1.3623e-07,3.78012e-07,5.00863e-08,3.7818e-07,9.42509e-07
54.0244,143.252,96.4272,79.8665,373.57,3.84384e-07,4.51298e-07,1.59814e-07,6.17391e-07,1.61289e-06
39.8497,144.483,87.2053,112.386,383.924,4.77572e-07,5.58728e-07,3.33981e-07,6.28536e-07,1.99882e-06
63.6601,134.473,93.3641,75.1321,366.629,3.79004e-07,4.1009e-07,1.02884e-07,6.36534e-07,1.52851e-06
49.3922,96.1387,16.8096,68.4724,230.813,2.0645e-08,7.39809e-08,1.23415e-07,1.57182e-07,3.75223e-07
87.178,140.727,122.027,75.4367,425.368,3.16687e-07,5.48858e-07,7.49811e-08,7.17707e-07,1.65823e-06
16.243,143.349,77.8882,94.5827,332.063,4.76711e-07,3.45591e-07,2.98383e-07,4.98053e-07,1.61874e-06
94.0082,151.53,82.7114,95.4799,423.729,6.30027e-07,2.23975e-07,2.09316e-07,5.63183e-07,1.6265e-06
30.0939,158.5,80.2721,79.6831,348.549,4.53811e-07,3.23009e-07,2.2468e-07,5.03295e-07,1.50479e-06
29.8233,117.761,42.0181,79.4528,269.055,2.92807e-07,2.91343e-07,1.07389e-07,4.0727e-07,1.09881e-06
41.4862,138.237,33.8724,118.478,332.074,5.43434e-08,3.83493e-07,1.84228e-08,2.79097e-07,7.35356e-07
126.756,83.8151,74.4737,28.187,313.232,2.95279e-07,4.72606e-07,6.3798e-08,1.68617e-07,1.0003e-06
53.7023,156.53,76.2978,68.5367,355.067,5.40534e-07,1.48967e-07,1.61138e-07,4.94346e-07,1.34499e-06
22.5048,128.67,64.923,89.2955,305.393,2.13278e-07,4.3169e-07,8.94055e-08,4.86928e-07,1.2213e-06
61.8333,107.447,11.1475,48.3802,228.807,4.41907e-07,2.21058e-07,6.03974e-08,1.29589e-07,8.52951e-07
32.6158,130.164,80.6463,100.951,344.378,2.15259e-07,5.59897e-07,1.7388e-07,5.38648e-07,1.48768e-06
42.9871,125.823,53.9266,86.9981,309.735,4.68295e-07,3.1686e-07,2.1851e-07,4.89702e-07,1.49337e-06
79.0951,154.286,41.5242,62.783,337.689,5.46532e-07,8.90069e-09,2.11096e-07,2.85657e-07,1.05219e-06
48.9899,169.941,39.4642,84.7913,343.186,7.9766e-07,2.65303e-08,4.11601e-07,3.17724e-07,1.55352e-06
86.7409,141.304,15.3289,72.08,315.453,7.17282e-07,3.57268e-07,2.28556e-07,9.673e-08,1.39984e-06
33.6096,110.245,56.8368,88.142,288.833,1.54296e-07,4.57159e-07,5.17197e-08,4.83647e-07,1.14682e-06
53.0843,120.048,29.7829,64.7521,267.667,4.85064e-07,9.90179e-09,1.24906e-07,3.1982e-07,9.39692e-07
69.2048,138.182,22.4723,69.8271,299.686,6.22081e-07,1.91477e-07,1.54867e-07,2.35999e-07,1.20442e-06
75.9159,164.468,54.3962,74.2435,369.023,6.60452e-07,1.70639e-08,2.42034e-07,3.48664e-07,1.26821e-06
39.9417,132.128,47.4488,53.1089,272.628,3.99513e-07,5.58899e-08,7.96788e-08,3.49628e-07,8.8471e-07
11.4164,102.54,47.1829,97.4676,258.607,1.19985e-07,4.61935e-07,1.45821e-07,4.31829e-07,1.15957e-06
85.0038,123.939,62.8715,57.8141,329.629,3.82957e-07,8.95545e-09,2.25223e-08,3.3651e-07,7.50944e-07
28.3969,144.081,43.2548,81.5195,297.252,5.6808e-07,1.24286e-07,2.86366e-07,3.56525e-07,1.33526e-06
51.1154,99.3373,13.0889,72.0633,235.605,1.98866e-07,1.90836e-07,3.1944e-08,2.6888e-07,6.90526e-07
39.9428,138.622,44.3494,81.674,304.589,3.32172e-07,2.42134e-07,1.75719e-07,3.4566e-07,1.09568e-06
88.5199,132.568,36.1393,68.476,325.703,4.87459e-07,1.45487e-07,2.41739e-07,4.87169e-08,9.23401e-07
51.3154,115.42,18.637,60.404,245.777,2.81886e-07,7.93295e-08,6.09803e-08,2.51837e-07,6.74032e-07
54.1886,179.397,70.3579,109.707,413.651,8.82683e-07,2.09984e-07,4.74006e-07,5.48231e-07,2.1149e-06
39.4941,82.1359,25.9994,47.3449,194.974,1.38753e-07,1.17429e-07,1.27287e-07,3.34279e-07,7.17749e-07
78.8762,127.063,72.9718,47.1042,326.015,3.14998e-07,5.46676e-08,3.63057e-08,3.66259e-07,7.7223e-07
44.775,104.89,52.6267,80.8947,283.186,3.11587e-07,3.62901e-07,1.00922e-07,5.03729e-07,1.27914e-06
52.4313,136.254,45.7798,81.0617,315.527,5.3956e-07,1.93698e-07,2.42761e-07,4.13624e-07,1.38964e-06
57.7413,120.323,101.55,66.605,346.22,1.12029e-07,5.03445e-07,5.0515e-08,6.09237e-07,1.27523e-06
8.70283,114.548,43.523,100.233,267.007,1.0951e-07,4.25071e-07,5.12043e-08,4.17971e-07,1.00376e-06
88.6063,135.706,65.0782,94.1866,383.578,6.0968e-07,1.62417e-07,1.85055e-07,5.24797e-07,1.48195e-06
75.2711,125.142,100.71,78.7889,379.912,3.28972e-07,4.93927e-07,1.1821e-07,6.61487e-07,1.6026e-06
55.9541,129.476,19.5209,88.4717,293.423,3.07944e-07,1.68135e-07,2.12339e-07,2.06041e-07,8.94459e-07
49.1744,157.084,40.0468,77.269,323.574,6.34703e-07,6.37884e-08,3.09971e-07,3.35119e-07,1.34358e-06
52.373,117.936,76.4191,83.1494,329.878,2.77303e-07,4.69208e-07,1.12257e-07,5.63075e-07,1.42184e-06
41.527,91.8974,21.6635,57.4703,212.558,1.37384e-07,1.46937e-07,5.6519e-08,2.85123e-07,6.25963e-07
38.3789,116.86,25.2473,77.4687,257.955,2.49673e-07,2.13373e-07,8.64297e-08,3.09046e-07,8.58521e-07
22.3129,133.544,52.9756,99.7901,308.623,1.82609e-07,3.23805e-07,9.58909e-08,3.60771e-07,9.63077e-07
79.8625,120.694,97.6563,84.6224,382.835,3.26911e-07,5.38269e-07,1.2347e-07,6.72902e-07,1.66155e-06
18.5214,100.229,17.9625,91.9616,228.675,1.20377e-07,3.32671e-07,3.01728e-08,3.39762e-07,8.22983e-07
66.1518,135.788,96.3777,96.7135,395.031,4.51809e-07,5.24751e-07,2.24087e-07,6.95077e-07,1.89572e-06
89.8178,130.837,22.541,71.6877,314.884,6.61238e-07,2.57994e-07,2.27205e-07,1.16721e-07,1.26316e-06
43.4168,162.1,118.661,103.341,427.518,3.74629e-07,6.5236e-07,2.41583e-07,7.15961e-07,1.98453e-06
22.3267,107.05,31.5316,77.8082,238.716,8.34981e-08,2.5884e-07,4.25826e-08,3.3298e-07,7.17901e-07
73.91,129.577,57.9647,86.6028,348.054,5.69158e-07,1.76864e-07,1.7529e-07,5.0929e-07,1.4306e-06
10.1952,171.944,75.3651,125.958,383.462,6.92014e-07,4.55297e-07,5.00622e-07,5.45206e-07,2.19314e-06
43.5544,107.487,74.7665,91.8444,317.653,1.34211e-07,5.39502e-07,3.00628e-08,5.79461e-07,1.28324e-06
43.0754,146.217,47.3228,94.7942,331.41,3.19072e-07,2.40378e-07,2.01335e-07,3.07793e-07,1.06858e-06
35.952,111.545,51.3309,71.6756,270.503,2.23508e-07,3.12e-07,3.04559e-08,4.39879e-07,1.00584e-06
31.3972,114.409,53.4597,88.3921,287.658,2.91399e-07,3.87145e-07,1.75207e-07,4.46026e-07,1.29978e-06
38.7595,116.958,28.6849,59.3968,243.799,2.64381e-07,9.27623e-08,3.10001e-08,2.87135e-07,6.75278e-07
85.3502,106.146,116.686,89.6133,397.796,5.68161e-08,7.57624e-07,3.58587e-08,7.64869e-07,1.61517e-06
76.6714,68.8635,58.7861,44.7379,249.059,6.32825e-08,1.85779e-07,1.88574e-07,3.4723e-07,7.84866e-07
36.0269,142.878,33.7759,79.2351,291.915,6.44177e-07,3.78796e-08,2.99044e-07,3.35194e-07,1.31629e-06
37.4489,119.926,80.9581,66.0242,304.357,1.53696e-07,3.89584e-07,2.19344e-08,5.24763e-07,1.08998e-06
51.6583,175.897,89.6325,90.4349,407.623,6.68867e-07,3.15743e-07,3.99146e-07,5.34237e-07,1.91799e-06
52.5938,156.223,56.7476,57.662,323.227,5.41268e-07,5.72168e-09,1.67124e-07,3.55971e-07,1.07008e-06
26.1019,92.9687,43.135,90.8048,253.01,8.18407e-08,4.80951e-07,1.29688e-07,4.5064e-07,1.14312e-06
45.162,87.9669,52.7404,74.4759,260.345,1.01419e-09,4.2618e-07,1.03759e-07,4.50987e-07,9.8194e-07
52.5884,125.854,29.5619,77.2564,285.261,3.64127e-07,2.09227e-07,1.65003e-07,3.27339e-07,1.0657e-06
18.1574,101.789,39.0959,79.5054,238.548,1.4956e-07,2.68758e-07,2.3923e-07,3.30995e-07,9.88544e-07
133.686,112.313,134.842,101.91,482.751,2.45327e-07,8.17009e-07,8.80822e-08,9.36112e-07,2.08653e-06
45.0569,112.308,67.7135,59.4634,284.542,2.14511e-07,3.03571e-07,2.18984e-08,4.93602e-07,1.03358e-06
66.4119,95.0648,64.5539,57.5028,283.533,1.76118e-07,2.98331e-07,6.94472e-08,4.68045e-07,1.01194e-06
34.7426,108.641,67.4071,104.774,315.564,6.2366e-08,5.94198e-07,2.21942e-08,5.58589e-07,1.23735e-06
79.8271,117.571,55.3639,60.0985,312.86,3.68945e-07,1.18112e-07,8.86635e-08,3.26951e-07,9.02671e-07
34.3206,117.619,23.7154,76.6609,252.316,3.2203e-07,1.61045e-07,1.25293e-07,2.95733e-07,9.04101e-07
52.3577,128.451,47.9715,89.1348,317.915,2.51879e-07,3.69473e-07,1.84952e-07,3.62356e-07,1.16866e-06
84.7512,131.198,6.83882,65.5857,288.374,4.56241e-07,5.53786e-08,2.14703e-07,1.2505e-07,8.51373e-07
88.4199,126.328,43.9473,51.0474,309.742,2.12257e-07,1.07673e-07,6.42882e-09,2.44423e-07,5.70782e-07
50.2916,136.117,65.9774,66.3823,318.768,3.56937e-07,2.5912e-07,1.17937e-07,4.41104e-07,1.1751e-06
82.6906,129.663,13.5292,66.2258,292.109,4.72692e-07,8.03019e-08,2.17478e-07,1.12881e-07,8.83353e-07
40.8859,75.3285,39.2791,74.2305,229.724,3.73406e-07,3.49138e-07,4.16442e-07,3.17272e-07,1.45626e-06
49.1142,134.457,35.0853,80.1756,298.832,3.24677e-07,2.1903e-07,1.75925e-07,3.10023e-07,1.02965e-06
75.062,93.6552,94.1415,90.8994,353.758,2.99904e-08,6.67698e-07,6.63093e-08,7.05226e-07,1.46922e-06
34.7877,107.384,23.7695,72.5314,238.472,4.82393e-07,8.13316e-08,1.71808e-07,3.46512e-07,1.08204e-06
56.759,125.945,25.7976,77.3593,285.861,3.88053e-07,3.5201e-08,1.87165e-07,1.77862e-07,7.88282e-07
51.6162,157.077,67.3992,70.6211,346.714,4.13926e-07,2.4673e-07,1.81267e-07,4.22146e-07,1.26407e-06
68.3493,133.748,41.7333,71.4179,315.248,5.63646e-07,1.42311e-07,2.72337e-07,1.06004e-07,1.0843e-06
68.9866,118.017,73.5426,92.9889,353.535,4.3273e-07,4.54724e-07,1.92351e-07,6.15713e-07,1.69552e-06
43.6698,66.2575,56.7602,59.7642,226.452,2.77774e-07,3.76259e-07,3.8213e-07,4.20695e-07,1.45686e-06
33.7377,113.564,56.2825,72.6891,276.273,2.18059e-07,3.3569e-07,3.84702e-08,4.56724e-07,1.04894e-06
56.4725,141.046,37.5185,89.9018,324.938,6.50673e-07,1.50773e-07,3.24029e-07,3.91155e-07,1.51663e-06
48.9958,126.897,58.2905,70.0112,304.194,2.81303e-07,2.89291e-07,1.03641e-07,4.07966e-07,1.0822e-06
77.6214,164.284,124.463,102.562,468.931,5.43986e-07,6.18007e-07,3.00211e-07,7.93445e-07,2.25565e-06
10.6945,121.188,56.7751,85.5366,274.194,1.43575e-07,3.62374e-07,2.18171e-08,4.36012e-07,9.63778e-07
55.0884,99.7283,9.44399,46.3985,210.659,3.11314e-07,6.91956e-08,2.87921e-09,1.99827e-07,5.83216e-07
42.7303,132.213,67.9883,79.5512,322.483,4.51376e-07,3.09478e-07,2.03323e-07,5.0895e-07,1.47313e-06
62.9198,120.824,25.781,74.6736,284.198,5.53406e-07,2.02226e-07,5.75571e-08,2.66735e-07,1.07992e-06
17.0619,133,42.041,112.356,304.459,3.06281e-07,3.78698e-07,2.20326e-07,3.74354e-07,1.27966e-06
87.3727,112.004,116.318,118.214,433.908,9.3736e-08,8.27858e-07,8.53734e-08,7.87911e-07,1.79488e-06
50.2907,81.668,58.2626,74.0546,264.276,2.66959e-08,4.42423e-07,1.17748e-07,5.32981e-07,1.11985e-06
74.6229,109.901,18.3163,65.5974,268.437,2.82364e-07,9.55461e-08,9.07184e-08,2.03049e-07,6.71678e-07
86.9285,87.9253,39.8309,35.8697,250.554,2.12023e-07,1.11844e-07,9.49351e-08,1.33424e-07,5.52227e-07
16.661,110.522,46.7316,82.9729,256.888,4.79107e-08,2.6582e-07,1.42313e-07,3.40401e-07,7.96444e-07
70.8391,120.512,10.7815,44.3614,246.494,3.43412e-07,9.44675e-08,4.63516e-08,1.68642e-07,6.52873e-07
66.6702,146.775,14.7399,74.2268,302.412,6.54307e-07,6.02154e-08,3.11657e-07,2.25071e-07,1.25125e-06
136.796,126.954,57.0865,46.2909,367.127,5.16949e-07,4.15126e-07,1.80761e-07,1.34689e-07,1.24752e-06
20.4051,124.403,77.29,80.0927,302.19,1.65971e-07,4.10707e-07,1.65356e-08,5.2074e-07,1.11395e-06
49.1789,172.072,83.0841,80.3804,384.715,5.52637e-07,2.92058e-07,3.22077e-07,4.7253e-07,1.6393e-06
29.1005,91.9589,20.5271,60.3067,201.893,1.18099e-07,1.56241e-07,7.32226e-08,2.99239e-07,6.46801e-07
41.0343,111.754,63.4891,83.6713,299.949,3.25359e-07,3.78854e-07,1.15449e-07,5.39096e-07,1.35876e-06
32.2964,151.254,52.225,111.981,347.757,2.90429e-07,4.2143e-07,2.26439e-07,4.0244e-07,1.34074e-06
64.2169,160.695,120.97,123.958,469.84,5.43673e-07,6.92258e-07,4.02883e-07,7.71408e-07,2.41022e-06
35.2074,112.492,26.0532,98.111,271.864,1.17488e-07,2.39077e-07,1.42239e-07,2.0203e-07,7.00834e-07
125.297,120.31,41.6861,51.9495,339.242,2.02554e-07,2.03085e-07,7.68331e-09,6.9695e-08,4.83017e-07
67.2633,107.04,13.4063,69.1894,256.899,3.51566e-07,7.46045e-08,1.22986e-07,2.10496e-07,7.59652e-07
23.1943,96.1247,27.5086,73.7001,220.528,6.91459e-08,2.71621e-07,7.02779e-08,3.49556e-07,7.60601e-07
38.3431,139.508,96.7097,79.6839,354.245,2.98549e-07,4.62212e-07,1.11557e-07,6.08599e-07,1.48092e-06
60.1646,97.2563,46.3709,61.2003,264.992,3.03834e-07,1.76178e-07,1.61017e-08,4.00956e-07,8.97069e-07
47.0841,127.335,54.5655,61.5791,290.563,3.46996e-07,1.91714e-07,8.3651e-08,4.02966e-07,1.02533e-06
39.0491,106.241,24.5962,69.2565,239.143,4.34376e-07,9.77855e-08,1.19739e-07,3.58465e-07,1.01037e-06
48.0607,119.834,39.3456,60.5607,267.801,3.10214e-07,1.51716e-07,6.81626e-08,3.39314e-07,8.69407e-07
88.0736,115.217,24.5675,66.51,294.368,5.20233e-07,1.24215e-07,2.00433e-07,1.09016e-07,9.53897e-07
47.8144,101.542,46.6966,55.535,251.588,1.90343e-07,2.05118e-07,1.45157e-08,3.65324e-07,7.753e-07
76.1814,105.282,66.5843,70.6385,318.686,3.43879e-07,3.01299e-07,1.92939e-08,5.90483e-07,1.25496e-06
58.6434,154.278,92.1135,78.6247,383.659,5.25062e-07,3.23204e-07,1.89975e-07,6.12571e-07,1.65081e-06
39.3104,72.364,15.0453,51.0981,177.818,1.32929e-07,1.00106e-07,1.12044e-07,2.8731e-07,6.32389e-07
73.128,162.046,43.1934,65.015,343.383,5.97678e-07,1.84808e-09,2.49434e-07,2.96626e-07,1.14559e-06
88.1064,118.795,49.819,58.7868,315.507,3.05021e-07,1.14324e-07,1.37064e-07,3.36036e-07,8.92446e-07
31.0389,134.382,49.6887,117.893,333.003,1.44388e-07,5.34968e-07,6.15663e-08,3.88559e-07,1.12948e-06
34.6587,105.92,30.5204,69.0374,240.137,2.49182e-08,2.25874e-07,1.72418e-07,3.24874e-07,7.48084e-07
66.9699,164.603,99.1698,101.683,432.425,6.97524e-07,3.99434e-07,3.62636e-07,6.89687e-07,2.14928e-06
51.2861,125.281,49.6657,69.0456,295.278,3.98104e-07,2.06476e-07,1.2633e-07,4.09194e-07,1.1401e-06
26.9565,148.379,55.0403,104.076,334.452,6.31755e-07,3.20512e-07,3.97301e-07,4.73507e-07,1.82308e-06
53.3723,147.505,86.6516,81.6114,369.14,4.13323e-07,4.15934e-07,1.91272e-07,5.62746e-07,1.58328e-06
87.4644,91.2772,89.6084,84.5361,352.886,1.44483e-07,5.75915e-07,2.53386e-08,7.10963e-07,1.4567e-06
25.2127,131.139,53.9605,104.179,314.49,4.88538e-07,3.93082e-07,3.1836e-07,4.84641e-07,1.68462e-06
112.406,152.429,38.1874,100.221,403.244,3.90809e-08,2.26862e-08,6.09174e-08,1.2119e-08,1.34803e-07
62.2999,130.899,49.2367,41.5961,284.032,3.10085e-07,2.62588e-08,2.06535e-09,3.04576e-07,6.42985e-07
25.5185,123.806,75.9594,113.834,339.118,9.02162e-08,6.03368e-07,7.89778e-08,5.57977e-07,1.33054e-06
44.3115,161.411,56.3113,104.779,366.813,4.76724e-07,2.52875e-07,3.37726e-07,3.3184e-07,1.39916e-06
131.974,122.391,107.978,63.8199,426.163,3.74329e-07,3.77771e-07,9.97693e-08,1.95612e-07,1.04748e-06
56.2445,106.558,51.8327,50.2009,264.836,2.87043e-07,1.05477e-07,4.457e-08,3.96953e-07,8.34042e-07
80.9492,126.646,30.2627,39.7941,277.652,2.42106e-07,3.0591e-08,1.61528e-08,1.91847e-07,4.80696e-07
81.0194,143.26,10.5591,72.6136,307.452,5.10352e-07,1.28095e-08,2.57011e-07,1.70494e-07,9.50666e-07
34.1716,142.348,54.2601,80.6223,311.402,5.18726e-07,2.13484e-07,2.34578e-07,4.3738e-07,1.40417e-06
59.7103,137.986,28.0298,84.045,309.771,2.88637e-07,2.03665e-07,1.76858e-07,2.60095e-07,9.29255e-07
49.8409,149.267,74.6955,108.378,382.182,6.52753e-07,4.24085e-07,3.84551e-07,6.08127e-07,2.06952e-06
48.1467,110.478,43.502,82.8558,284.983,1.56266e-07,3.66482e-07,7.07782e-08,3.71926e-07,9.65452e-07
49.5655,128.778,16.7501,75.7373,270.831,5.52732e-07,1.04183e-09,2.60069e-07,2.32439e-07,1.04628e-06
55.9698,196.351,90.5717,90.742,433.635,8.00176e-07,1.66207e-07,3.75115e-07,5.46792e-07,1.88829e-06
47.3372,120.089,78.0069,80.5452,325.978,2.27434e-07,4.69833e-07,6.31831e-08,5.59767e-07,1.32022e-06
54.4855,195.424,110.645,82.3089,442.863,6.98033e-07,2.55399e-07,2.92942e-07,6.30811e-07,1.87718e-06
36.1718,79.8042,22.036,58.5289,196.541,3.88618e-08,2.02356e-07,1.97026e-07,3.01426e-07,7.39669e-07
78.5975,108.869,38.8787,46.8807,273.226,3.20853e-07,2.83531e-08,2.00249e-09,2.30593e-07,5.81801e-07
84.9191,161.87,98.9485,101.388,447.125,6.75564e-07,3.9273e-07,3.15828e-07,6.91216e-07,2.07534e-06
84.4441,169.99,79.2193,130.916,464.57,7.09913e-07,1.0199e-07,5.99485e-07,1.06037e-07,1.51742e-06
54.6721,118.733,32.3302,89.4204,295.156,6.11833e-07,1.27642e-07,2.52808e-07,4.28278e-07,1.42056e-06
28.9484,96.8709,40.3467,82.5139,248.68,7.1963e-08,3.95914e-07,3.12362e-08,4.26941e-07,9.26054e-07
44.4823,124.552,33.8281,52.8033,255.666,3.84064e-07,2.68776e-08,6.34545e-08,3.10889e-07,7.85285e-07
67.2343,133.732,10.8895,106.542,318.397,2.88716e-08,2.78331e-07,1.1142e-08,1.67729e-07,4.86074e-07
89.1236,102.824,39.9336,48.8342,280.715,3.59e-07,2.32136e-07,7.24938e-08,1.18016e-10,6.63749e-07
29.5252,110.386,82.9704,105.145,328.026,1.81916e-07,6.47195e-07,1.21545e-07,5.34636e-07,1.48529e-06
71.4915,99.6431,78.817,72.9736,322.925,2.10347e-07,4.57825e-07,7.59504e-09,6.11208e-07,1.28698e-06
50.5733,128.431,74.1499,101.04,354.195,4.69089e-07,4.73782e-07,2.63414e-07,6.05476e-07,1.81176e-06
83.1264,116.711,25.7158,56.674,282.227,2.30133e-07,7.829e-08,3.47428e-08,2.02087e-07,5.45252e-07
28.6867,141.2,41.3983,112.423,323.708,4.6537e-07,3.0649e-07,3.64675e-07,3.25732e-07,1.46227e-06
45.0907,110.439,23.3594,87.2367,266.126,5.60706e-08,3.26393e-07,1.01799e-07,2.94722e-07,7.78985e-07
21.7039,105.997,51.7882,80.5939,260.083,1.63728e-07,3.6675e-07,1.95629e-08,4.59395e-07,1.00944e-06
57.138,122.318,23.4087,82.5995,285.464,5.89581e-07,6.84028e-08,2.37781e-07,3.37973e-07,1.23374e-06
102.797,128.14,99.1399,84.6502,414.727,4.22281e-07,4.40916e-07,9.48763e-08,6.99073e-07,1.65715e-06
47.989,144.653,32.7798,78.9757,304.398,5.18482e-07,1.07113e-07,2.67861e-07,2.97618e-07,1.19107e-06
50.633,156.112,50.957,81.6763,339.378,4.97505e-07,7.70175e-08,2.67379e-07,2.68763e-07,1.11066e-06
52.4973,131.217,69.4065,101.839,354.96,5.03997e-07,4.623e-07,2.93087e-07,5.82805e-07,1.84219e-06
25.9016,116.261,59.4618,113.333,314.957,1.44192e-07,5.73643e-07,1.01942e-07,5.32319e-07,1.3521e-06
49.1126,91.2742,16.6973,63.1941,220.278,3.18457e-07,9.22671e-08,4.69445e-08,2.88558e-07,7.46227e-07
115.491,116.943,45.185,51.6833,329.302,5.5551e-07,3.9057e-07,1.81266e-07,6.55429e-08,1.19289e-06
64.3748,140.407,19.124,91.4551,315.36,6.80304e-07,1.05459e-08,4.38167e-07,1.7952e-07,1.30854e-06
45.6689,144.645,21.9144,101.408,313.636,7.64705e-07,1.06084e-07,4.34864e-07,3.40247e-07,1.6459e-06
38.3229,112.117,77.349,81.6591,309.448,1.57911e-07,4.71893e-07,2.20768e-08,5.62165e-07,1.21405e-06
92.3727,142.743,19.6155,59.1929,313.924,6.11851e-07,2.42233e-07,2.69462e-07,6.33763e-08,1.18692e-06
72.6626,135.14,16.2724,67.9229,291.998,3.81938e-07,4.69987e-08,1.96317e-07,1.88889e-07,8.14143e-07
33.9969,79.7666,56.9487,61.7508,232.463,1.29316e-07,3.61336e-07,2.6852e-07,4.55912e-07,1.21508e-06
46.0722,123.939,24.1287,77.6315,271.771,2.75055e-07,1.46934e-07,1.26471e-07,2.48547e-07,7.97007e-07
52.2883,121.449,93.7463,97.0077,364.492,2.0581e-07,6.1008e-07,9.01591e-08,6.60272e-07,1.56632e-06
77.4688,140.46,23.3474,64.2273,305.503,5.38942e-07,3.03715e-08,2.11338e-07,2.33366e-07,1.01402e-06
76.4842,121.083,5.40468,60.1298,263.102,3.51953e-07,5.58067e-09,1.1294e-07,1.67627e-07,6.381e-07
53.5626,132.546,29.2595,74.8517,290.22,2.62238e-07,1.31493e-07,9.86104e-08,2.50177e-07,7.42519e-07
41.0987,117.339,23.557,69.8794,251.874,2.45839e-07,1.26722e-07,6.07566e-08,2.60622e-07,6.9394e-07
64.61,122.022,47.221,54.2003,288.054,2.46727e-07,1.50761e-07,3.42269e-08,3.10929e-07,7.42644e-07
35.94,136.084,98.6905,134.541,405.256,1.07194e-07,7.65997e-07,2.50735e-08,6.32461e-07,1.53073e-06
43.923,152.554,40.6737,70.2213,307.372,6.04421e-07,2.13953e-08,2.6473e-07,3.23232e-07,1.21378e-06
37.479,113.947,22.8223,93.9016,268.15,7.1074e-08,3.46238e-07,9.56063e-08,3.00414e-07,8.13332e-07
21.9974,167.152,66.6511,95.0357,350.836,7.79132e-07,1.57781e-07,4.23673e-07,4.73303e-07,1.83389e-06
25.4803,140.222,57.4142,82.443,305.559,3.09517e-07,2.23172e-07,1.39467e-07,3.62647e-07,1.0348e-06
72.4586,135.156,103.404,101.982,413.001,4.35404e-07,5.96554e-07,2.47027e-07,7.25343e-07,2.00433e-06
41.1142,130.9,35.8239,77.3381,285.176,3.7969e-07,1.95376e-07,1.87426e-07,3.29779e-07,1.09227e-06
43.7646,144.358,62.0587,79.3149,329.496,5.21113e-07,2.44911e-07,2.3792e-07,4.66797e-07,1.47074e-06
79.0974,89.8094,90.6921,55.1881,314.787,1.26483e-07,4.08431e-07,1.82115e-07,6.25123e-07,1.34215e-06
73.5555,143.549,79.9316,75.7372,372.773,5.06826e-07,2.09617e-07,1.15176e-07,5.54356e-07,1.38598e-06
39.7711,114.067,28.1159,70.968,252.922,3.83562e-07,1.57113e-07,1.37081e-07,3.39876e-07,1.01763e-06
40.985,116.686,58.1072,63.3702,279.148,3.09103e-07,2.46483e-07,5.05245e-08,4.58744e-07,1.06485e-06
54.0312,173.41,47.4531,72.2066,347.101,6.81746e-07,1.43057e-08,2.6892e-07,3.46089e-07,1.31106e-06
22.3845,99.4378,36.8357,76.8483,235.506,5.09779e-08,2.98334e-07,3.52732e-08,3.45227e-07,7.29812e-07
61.468,56.4898,43.5315,27.4147,188.904,8.76587e-08,5.87074e-08,3.3878e-07,2.49854e-07,7.35e-07
94.648,123.246,89.6751,79.7828,387.352,3.96043e-07,3.84291e-07,5.79864e-08,6.50808e-07,1.48913e-06
50.9936,131.772,21.5916,65.4191,269.776,4.73171e-07,7.78056e-09,1.89047e-07,2.47076e-07,9.17074e-07
44.5069,128.136,70.1711,71.5183,314.332,3.79626e-07,3.02955e-07,1.2831e-07,5.0712e-07,1.31801e-06
40.6034,139.433,49.7714,86.9505,316.759,6.53387e-07,1.41352e-07,2.9026e-07,4.60525e-07,1.54552e-06
73.8769,103.748,60.7196,48.1928,286.537,1.80362e-07,1.82267e-07,6.45461e-08,3.53133e-07,7.80308e-07
32.5334,115.337,47.6891,96.4866,292.046,3.77486e-07,3.96731e-07,2.07443e-07,4.8173e-07,1.46339e-06
95.0263,187.686,132.912,89.3193,504.943,6.09928e-07,4.24625e-07,2.27732e-07,7.41477e-07,2.00376e-06
34.7644,101.109,25.0397,73.4663,234.379,2.01801e-07,2.45459e-07,2.98735e-08,3.43873e-07,8.21007e-07
37.06,105.901,19.2745,74.9293,237.164,1.59283e-07,2.90887e-07,1.04766e-07,4.02527e-07,9.57462e-07
70.6492,118.936,11.567,64.199,265.351,5.60387e-07,1.70378e-07,1.79755e-07,1.50791e-07,1.06131e-06
92.7434,166.859,47.9567,98.4735,406.032,1.0988e-06,7.10778e-07,4.861e-07,6.64998e-08,2.36218e-06
98.7504,114.671,84.6791,73.5877,371.688,3.44216e-07,2.78217e-07,2.10179e-08,5.63574e-07,1.20702e-06
75.1382,170.568,57.5063,94.8243,398.037,4.74855e-07,9.92127e-08,3.21553e-07,2.17472e-07,1.11309e-06
68.7404,121.019,27.355,74.2528,291.368,5.4781e-07,9.75044e-08,2.8668e-07,1.0388e-07,1.03587e-06
29.1312,120.889,57.728,82.0852,289.834,3.69697e-07,3.24018e-07,1.56747e-07,4.83737e-07,1.3342e-06
43.901,126.651,31.2981,65.177,267.027,4.89196e-07,4.0118e-08,1.47396e-07,3.3562e-07,1.01233e-06
40.5278,106.572,15.2609,79.9089,242.27,5.05372e-08,2.28668e-07,3.93885e-08,2.54354e-07,5.72947e-07
42.7862,119.263,59.4505,71.2448,292.745,2.73227e-07,3.17901e-07,7.96645e-08,4.50699e-07,1.12149e-06
41.8397,109.738,60.926,80.1707,292.674,2.63804e-07,3.96335e-07,7.53091e-08,5.17135e-07,1.25258e-06
75.3408,167.338,68.7207,88.5324,399.932,7.11664e-07,4.42694e-08,2.57156e-07,4.48345e-07,1.46143e-06
86.814,130.494,28.963,44.8016,291.072,3.53758e-07,2.32928e-07,5.67343e-08,5.29521e-08,6.96373e-07
87.5209,165.64,19.7567,71.5342,344.452,7.48041e-07,2.02534e-07,3.22428e-07,1.83958e-07,1.45696e-06
64.4974,117.552,59.3965,66.9765,308.422,4.05901e-07,1.714e-07,4.48245e-08,4.83739e-07,1.10586e-06
41.4224,145.954,26.855,133.608,347.84,6.55479e-08,4.77554e-07,6.36849e-08,2.66248e-07,8.73036e-07
41.8238,183.395,86.4172,119.501,431.137,8.48761e-07,4.06845e-07,5.47187e-07,6.20026e-07,2.42282e-06
63.096,134.123,96.3792,104.091,397.689,4.2554e-07,5.80786e-07,2.44851e-07,6.95865e-07,1.94704e-06
41.1883,147.652,84.7147,94.8572,368.412,4.39494e-07,4.80264e-07,2.36644e-07,6.00086e-07,1.75649e-06
48.53,115.094,26.1081,67.9557,257.688,3.31225e-07,1.54495e-07,9.86243e-08,3.15342e-07,8.99687e-07
33.2433,134.389,47.66,86.5196,301.812,5.67894e-07,2.14353e-07,2.8323e-07,4.38688e-07,1.50417e-06
41.4388,135.355,28.6699,76.2721,281.736,5.08858e-07,7.00319e-08,2.39971e-07,2.83462e-07,1.10232e-06
23.3731,105.366,29.5803,66.3779,224.697,2.31698e-07,7.36901e-08,2.39787e-08,2.53185e-07,5.82552e-07
59.0875,107.331,22.2397,71.8161,260.474,1.35844e-07,4.31995e-08,1.7478e-08,1.33893e-07,3.30415e-07
88.3805,148.033,47.0161,75.8803,359.31,7.98218e-07,3.14784e-07,4.0169e-07,3.31924e-08,1.54788e-06
64.2438,112.692,13.2539,72.2053,262.395,2.04112e-07,6.26598e-08,5.68388e-08,1.48189e-07,4.718e-07
66.1761,159.847,72.6982,85.4024,384.124,6.5499e-07,1.78526e-07,2.80064e-07,4.93697e-07,1.60728e-06
59.1934,136.148,85.5872,100.992,381.921,4.93938e-07,5.04028e-07,2.70612e-07,6.54126e-07,1.9227e-06
37.4426,161.466,64.8864,123.221,387.016,2.2862e-07,4.62337e-07,2.18813e-07,3.90398e-07,1.30017e-06
51.1445,117.228,47.2212,58.7433,274.337,2.01717e-07,2.10274e-07,6.43368e-09,3.59064e-07,7.77489e-07
64.6231,119.716,126.56,103.208,414.107,3.06285e-08,8.13474e-07,1.71708e-08,7.45767e-07,1.60704e-06
56.0011,114.686,13.8439,67.5092,252.04,2.39403e-07,1.22903e-07,6.36493e-08,2.38269e-07,6.64224e-07
62.6657,125.829,58.6317,79.1176,326.244,4.60821e-07,2.67259e-07,1.76478e-07,4.68532e-07,1.37309e-06
27.1945,135.422,48.3822,98.0056,309.004,3.88974e-07,3.52744e-07,2.84018e-07,3.93728e-07,1.41946e-06
93.8881,151.212,115.731,93.5348,454.366,5.0349e-07,5.41783e-07,2.0967e-07,7.59036e-07,2.01398e-06
57.5298,122.75,60.2157,64.5786,305.074,3.00661e-07,2.64496e-07,6.45268e-08,4.28982e-07,1.05867e-06
36.7131,123.987,81.1149,104.764,346.579,1.69766e-07,6.229e-07,1.09959e-07,6.03787e-07,1.50641e-06
111.723,146.746,17.8716,64.8805,341.221,5.27306e-07,1.48579e-07,2.92657e-07,3.60022e-08,1.00454e-06
28.1537,124.906,28.9609,60.7945,242.815,4.8032e-07,2.95256e-08,1.34512e-07,2.93853e-07,9.3821e-07
20.033,105.552,40.0234,91.5534,257.162,1.32198e-07,4.08273e-07,3.25476e-08,4.30989e-07,1.00401e-06
83.987,80.0175,40.3946,40.6591,245.058,1.916e-07,1.45606e-07,8.14136e-08,5.38921e-08,4.72511e-07
61.7777,104.91,71.2127,88.5539,326.454,2.43136e-07,5.23595e-07,8.23535e-08,5.87871e-07,1.43696e-06
83.9745,178.961,91.4253,109.905,464.266,8.89279e-07,2.14612e-07,4.73628e-07,6.11747e-07,2.18927e-06
65.1231,153.583,40.1556,60.8673,319.729,5.79348e-07,1.7977e-07,1.07481e-07,2.77811e-07,1.14441e-06
32.4001,123.689,28.9484,84.1676,269.205,3.28183e-07,2.01126e-07,1.51737e-07,3.0863e-07,9.89676e-07
28.5941,131.194,70.4586,96.9737,327.22,3.31553e-07,4.73202e-07,2.00952e-07,5.36045e-07,1.54175e-06
19.5895,137.716,63.0786,108.002,328.386,3.39978e-07,4.78e-07,2.82448e-07,4.67739e-07,1.56816e-06
39.898,143.218,100.332,110.302,393.75,3.34341e-07,5.77342e-07,2.23133e-07,6.42177e-07,1.77699e-06
33.6048,129.431,30.5884,89.7108,283.335,4.29474e-07,1.78396e-07,2.41948e-07,2.94872e-07,1.14469e-06
53.0022,145.891,36.2482,75.7034,310.844,6.00863e-07,6.74759e-08,2.71435e-07,3.38037e-07,1.27781e-06
25.4592,99.8197,52.9118,71.4209,249.612,1.3539e-09,3.39579e-07,9.69956e-08,4.02071e-07,8.4e-07
66.7767,180.356,119.052,86.2977,452.483,6.20916e-07,3.97459e-07,2.93324e-07,6.87388e-07,1.99909e-06
37.1017,154.959,75.8478,92.6566,360.565,5.90188e-07,3.40278e-07,3.16887e-07,5.51311e-07,1.79866e-06
80.5521,107.895,20.542,60.9659,269.955,2.80267e-07,4.84628e-08,6.3592e-08,1.76519e-07,5.68841e-07
27.5378,116.674,29.0947,76.2386,249.545,3.35188e-07,1.78319e-07,1.31088e-07,3.25239e-07,9.69834e-07
45.3728,89.5494,40.174,59.6453,234.742,4.51978e-08,2.58656e-07,1.12757e-07,3.52745e-07,7.69356e-07
30.8498,121.789,54.2004,91.5279,298.367,1.80152e-07,4.42653e-07,7.82293e-08,4.60554e-07,1.16159e-06
54.7459,114.523,110.478,79.0494,358.796,1.18907e-08,6.2239e-07,8.58375e-08,6.45915e-07,1.36603e-06
71.1057,80.2378,63.0316,52.334,266.709,1.15142e-07,2.98939e-07,1.57811e-07,5.18965e-07,1.09086e-06
110.604,84.1525,57.9433,42.5125,295.213,1.06443e-07,1.82212e-07,2.70026e-07,7.84249e-08,6.37106e-07
68.9706,129.183,89.8303,100.271,388.255,4.43222e-07,5.48572e-07,2.28194e-07,6.91268e-07,1.91126e-06
75.5284,147.008,31.4098,58.3232,312.269,3.65022e-07,2.64921e-08,1.46184e-07,2.16419e-07,7.54117e-07
18.7459,101.749,26.7287,84.1485,231.372,1.39795e-07,3.07165e-07,1.46768e-08,3.61345e-07,8.22981e-07
54.8037,130.192,58.393,85.3898,328.778,7.07877e-08,4.23973e-07,4.47214e-07,4.52827e-07,1.3948e-06
14.983,116.195,36.6139,105.306,273.097,1.18328e-07,4.01611e-07,1.15134e-07,3.40594e-07,9.75667e-07
61.2269,145.933,25.4697,66.3536,298.983,5.36645e-07,2.70549e-08,2.40542e-07,2.26878e-07,1.03112e-06
56.0738,172.203,49.149,88.545,365.97,6.29342e-07,1.52452e-07,3.87727e-07,3.33832e-07,1.50335e-06
49.0015,102.57,51.6843,56.4913,259.747,2.14009e-07,2.29861e-07,3.56879e-08,4.20232e-07,8.9979e-07
31.5013,176.891,69.4385,94.7035,372.534,8.15754e-07,1.39528e-07,4.35139e-07,4.82047e-07,1.87247e-06
48.0827,112.993,58.6921,67.1633,286.931,3.72033e-07,2.32471e-07,6.54636e-08,5.03635e-07,1.1736e-06
48.8261,135.453,55.8402,95.9732,336.092,5.85087e-07,3.18646e-07,3.12054e-07,5.07806e-07,1.72359e-06
49.6141,131.802,97.6682,90.532,369.616,2.34128e-07,5.83005e-07,1.22822e-07,6.25102e-07,1.56506e-06
55.719,133.841,63.7842,93.2783,346.622,5.60272e-07,3.36866e-07,3.13812e-07,5.11434e-07,1.72238e-06
83.7503,177.992,98.5861,109.423,469.752,8.28573e-07,3.23293e-07,4.2064e-07,6.57762e-07,2.23027e-06
27.7369,123.457,81.0864,119.972,352.252,3.85588e-08,6.8226e-07,1.03486e-08,5.8186e-07,1.31303e-06
66.6324,118.233,17.86,60.0573,262.782,3.85932e-07,2.8233e-08,1.10544e-07,2.35232e-07,7.5994e-07
83.3057,141.038,29.7957,70.2697,324.409,4.52728e-07,7.62955e-08,2.15758e-07,1.09186e-07,8.53968e-07
23.3047,143.83,61.1909,111.544,339.87,5.94533e-07,3.97678e-07,3.89083e-07,5.15086e-07,1.89638e-06
28.509,123.014,64.3605,88.7251,304.608,2.71377e-07,4.20297e-07,1.51915e-07,4.83796e-07,1.32738e-06
88.9592,129.436,17.9511,54.1964,290.543,2.51697e-07,1.23098e-08,6.00483e-08,1.57444e-07,4.81499e-07
25.762,113.235,67.2941,54.7757,261.066,1.11923e-07,2.69898e-07,9.97136e-08,4.57006e-07,9.3854e-07
56.8849,117.806,17.1472,47.77,239.608,3.92457e-07,8.17894e-08,6.08082e-08,2.19092e-07,7.54147e-07
75.2531,156.462,113.464,86.2274,431.407,4.74691e-07,4.97513e-07,1.90416e-07,7.08395e-07,1.87101e-06
37.5639,107.122,71.5907,94.6385,310.915,7.57974e-08,5.8749e-07,9.65553e-08,5.22419e-07,1.28226e-06
34.3725,113.199,23.8555,85.7684,257.195,1.54331e-07,1.9452e-07,3.2904e-08,2.51252e-07,6.33006e-07
75.5497,119.795,31.5134,57.887,284.745,4.61918e-07,8.703e-08,8.70447e-08,2.31196e-07,8.6719e-07
68.1745,148.268,11.6768,88.3468,316.466,7.06851e-07,1.98176e-08,3.87355e-07,2.52914e-07,1.36694e-06
96.7497,188.826,92.1801,111.194,488.95,8.27595e-07,1.27594e-07,3.10885e-07,5.8469e-07,1.85076e-06
34.9482,95.0334,59.6003,64.2588,253.841,5.74001e-08,3.58238e-07,1.17763e-07,4.86097e-07,1.0195e-06
30.9732,94.0227,39.2286,58.4796,222.704,3.7077e-09,2.27907e-07,1.57568e-07,3.4862e-07,7.37802e-07
68.128,152.175,76.6977,96.3289,393.329,6.57396e-07,3.07362e-07,3.07026e-07,5.85382e-07,1.85717e-06
47.5702,121.444,96.1374,81.811,346.963,1.77121e-07,5.04521e-07,1.13155e-08,6.37705e-07,1.33066e-06
24.8633,113.346,26.4625,76.5225,241.194,3.35222e-07,1.29277e-07,1.2548e-07,2.86261e-07,8.7624e-07
42.4147,142.275,60.5193,86.0668,331.275,5.88759e-07,2.38536e-07,2.72295e-07,4.9803e-07,1.59762e-06
104.896,174.691,93.6291,117.897,491.113,8.26237e-07,2.79188e-07,3.77634e-07,6.50693e-07,2.13375e-06
61.3977,102.239,78.8729,70.1915,312.701,1.62933e-07,4.55558e-07,3.24136e-08,5.83766e-07,1.23467e-06
49.5578,157.101,87.2776,88.0893,382.026,5.86539e-07,3.4505e-07,2.95909e-07,5.83777e-07,1.81128e-06
29.4954,136.838,40.3388,116.575,323.247,1.03094e-07,3.96695e-07,9.38235e-08,3.26792e-07,9.20404e-07
34.2074,108.422,32.7731,83.5437,258.947,7.45734e-08,3.39738e-07,1.48318e-08,3.54926e-07,7.84069e-07
64.5418,97.2281,42.2339,67.3432,271.347,3.17385e-07,1.98237e-07,5.08321e-08,3.735e-07,9.39954e-07
12.6767,136.949,47.7076,91.992,289.325,6.45282e-07,1.4725e-07,3.48274e-07,3.94589e-07,1.53539e-06
60.5135,158.678,87.4071,74.2881,380.887,5.59847e-07,2.20559e-07,1.89423e-07,5.51151e-07,1.52098e-06
49.268,131.758,97.8661,59.7445,338.637,2.39317e-07,3.81828e-07,9.46259e-09,6.03108e-07,1.23372e-06
56.2474,123.563,18.1317,68.3789,266.321,4.45289e-07,2.18797e-08,1.94161e-07,1.80843e-07,8.42173e-07
26.6927,108.878,57.1694,105.449,298.189,1.18218e-07,5.30066e-07,1.03885e-07,4.81591e-07,1.23376e-06
41.9992,97.4844,9.52005,73.1162,222.12,7.6677e-08,2.09113e-07,5.13926e-08,2.62051e-07,5.99233e-07
53.8829,60.7032,52.0881,24.104,190.778,1.76127e-07,1.15496e-07,4.22981e-07,3.22513e-07,1.03712e-06
41.0252,119.608,55.6254,75.8615,292.12,3.88318e-07,2.87367e-07,1.31152e-07,4.84243e-07,1.29108e-06
53.6093,128.757,56.8544,76.1435,315.364,4.83034e-07,2.22441e-07,1.71181e-07,4.70552e-07,1.34721e-06
71.9416,141.249,54.0473,104.213,371.451,7.31745e-07,2.10895e-07,3.49775e-07,5.09957e-07,1.80237e-06
77.7541,137.085,5.81519,78.0883,298.743,6.53382e-07,8.14108e-08,3.42388e-07,1.56727e-07,1.23391e-06
30.7236,134.096,45.6154,85.6297,296.065,2.96935e-07,2.78413e-07,1.5298e-07,3.66193e-07,1.09452e-06
52.7487,103.33,6.4416,54.0234,216.544,2.08915e-07,2.44815e-08,1.93189e-08,2.03846e-07,4.56562e-07
41.5247,113.933,47.5055,52.7935,255.757,2.89954e-07,1.36704e-07,8.54198e-10,3.86943e-07,8.14455e-07
73.8185,144.714,43.3282,71.4152,333.275,5.90403e-07,1.25472e-09,2.11045e-07,3.17179e-07,1.11988e-06
14.6758,107.681,46.9206,87.5562,256.834,1.48025e-07,3.77716e-07,2.82774e-08,4.39206e-07,9.93225e-07
17.5785,139.241,66.3302,113.809,336.959,3.92159e-07,3.69933e-07,2.90968e-07,4.17396e-07,1.47046e-06
60.5238,80.1508,66.3762,59.4045,266.455,4.26685e-08,4.00279e-07,1.61561e-07,5.52173e-07,1.15668e-06
55.6002,94.4721,78.8756,57.4777,286.426,3.44238e-08,4.06703e-07,1.49209e-07,5.35489e-07,1.12582e-06
59.676,117.196,3.45971,79.7032,260.035,2.54769e-07,1.60746e-07,9.55126e-08,2.26334e-07,7.37362e-07
65.2865,111.51,4.89301,63.7673,245.457,1.16304e-07,6.49152e-08,3.64954e-08,1.6752e-07,3.85235e-07
71.3176,121.618,11.9602,81.1668,286.062,7.14547e-08,1.15134e-07,1.42915e-07,1.47603e-07,4.77107e-07
73.4523,140.103,29.9487,64.3848,307.888,5.42803e-07,1.13712e-07,8.09332e-08,2.95289e-07,1.03274e-06
31.5718,121.137,30.142,82.9433,265.794,2.59037e-07,2.19614e-07,1.12439e-07,3.09447e-07,9.00537e-07
50.2148,136.759,73.2435,80.0403,340.258,5.15263e-07,2.79701e-07,1.90999e-07,5.64481e-07,1.55044e-06
53.8769,85.8562,39.802,54.0458,233.581,1.84022e-07,1.82071e-07,7.21024e-08,3.6941e-07,8.07605e-07
134.306,128.264,89.4301,63.4184,415.418,3.86321e-07,3.49797e-07,1.28639e-07,1.72627e-07,1.03738e-06
45.3628,95.3167,34.9897,57.8104,233.48,2.56661e-08,2.02413e-07,1.72175e-07,3.00241e-07,7.00495e-07
50.5696,105.036,39.1892,60.3925,255.187,3.02815e-07,1.63371e-07,3.55262e-08,3.6864e-07,8.70353e-07
35.0021,95.5512,41.4796,83.2027,255.236,1.84309e-07,3.84596e-07,3.28363e-08,4.56979e-07,1.05872e-06
6.25181,120.162,62.8076,78.7114,267.933,1.59908e-07,3.06034e-07,1.712e-09,4.41479e-07,9.09133e-07
70.4865,79.3566,46.5647,21.3244,217.732,3.28414e-08,9.58642e-09,2.99927e-07,2.20048e-07,5.62404e-07
70.4641,81.7569,23.2165,42.7941,218.232,4.30957e-08,1.56865e-08,2.46518e-07,1.28069e-07,4.33369e-07
63.4592,127.221,10.8127,57.1221,258.615,4.57401e-07,6.3809e-08,1.44494e-07,2.0247e-07,8.68174e-07
137.134,166.002,54.5285,108.857,466.522,1.07472e-07,2.76476e-08,1.27486e-07,6.78219e-08,3.30428e-07
22.9069,135.782,47.6799,121.997,328.366,2.10221e-08,4.58294e-07,5.25612e-08,3.64591e-07,8.96468e-07
78.3092,94.5903,35.0868,65.6021,273.588,4.06434e-07,4.16915e-09,8.39206e-08,2.1999e-07,7.14514e-07
15.5357,99.9385,32.5883,99.3307,247.393,2.05886e-07,4.72288e-07,1.99721e-07,3.92312e-07,1.27021e-06
38.7616,135.044,23.4066,70.5544,267.766,6.29192e-07,8.02963e-08,2.39006e-07,2.80292e-07,1.22879e-06
63.2457,81.467,30.8443,46.3261,221.883,8.74186e-08,8.32847e-08,1.09216e-07,2.20044e-07,4.99964e-07
44.3953,135.036,61.0288,70.2034,310.663,4.71655e-07,1.9423e-07,1.67374e-07,4.56814e-07,1.29007e-06
60.5107,92.7025,30.1593,60.276,243.648,1.79283e-07,1.67851e-07,2.45098e-08,2.84076e-07,6.55719e-07
28.4722,105.391,70.9753,87.3237,292.162,2.72208e-08,5.14826e-07,9.51655e-08,5.26628e-07,1.16384e-06
94.6747,160.538,64.8139,112.218,432.244,7.94533e-07,5.52403e-08,2.86997e-07,5.01762e-07,1.63853e-06
53.3642,78.634,32.3478,61.2163,225.562,2.35208e-07,1.97754e-07,3.83912e-08,4.24758e-07,8.96111e-07
91.1893,121.757,109.727,97.8912,420.565,3.23972e-07,6.70667e-07,1.38392e-07,7.91144e-07,1.92418e-06
53.3326,179.042,79.1184,172.325,483.818,5.10464e-08,6.40479e-07,1.54162e-07,3.74458e-07,1.22015e-06
39.1634,121.941,52.0494,69.1721,282.326,2.48566e-07,2.7471e-07,5.75322e-08,4.07086e-07,9.87894e-07
35.1084,139.535,50.293,90.9871,315.923,4.11953e-07,3.32032e-07,2.30195e-07,4.28281e-07,1.40246e-06
41.4399,160.771,101.946,97.671,401.828,5.64413e-07,4.53362e-07,3.32996e-07,6.45222e-07,1.99599e-06
106.93,114.795,60.4508,63.3421,345.517,3.79137e-07,3.44987e-07,1.22932e-07,1.15717e-07,9.62773e-07
22.7157,98.0572,53.0034,55.1994,228.976,4.33431e-08,2.45084e-07,1.5669e-07,4.18393e-07,8.63511e-07
100.42,137.479,4.43032,58.6634,300.993,3.33146e-07,6.62913e-08,1.2724e-07,9.12089e-08,6.17885e-07
52.1802,104.605,53.5884,63.7622,274.135,2.62081e-07,2.59921e-07,4.43329e-08,4.21694e-07,9.88028e-07
60.813,114.614,66.2393,74.9101,316.577,3.86147e-07,3.15716e-07,9.02893e-08,5.59286e-07,1.35144e-06
28.9091,114.409,22.6887,78.7895,244.797,3.67238e-07,1.37889e-07,1.55234e-07,2.88651e-07,9.49012e-07
63.694,103.304,9.31683,55.9798,232.294,3.09263e-07,4.18985e-08,5.68309e-08,1.51826e-07,5.59818e-07
86.6515,118.97,105.912,77.8272,389.361,2.83293e-07,5.34678e-07,7.88044e-08,6.83408e-07,1.58018e-06
87.5914,107.598,106.119,84.5239,385.832,1.81041e-07,6.40132e-07,1.22434e-08,7.50703e-07,1.58412e-06
45.388,115.643,102.692,99.541,363.264,3.77624e-08,6.74245e-07,7.08501e-08,6.56476e-07,1.43933e-06
54.3455,158.072,84.3736,73.9292,370.721,5.35153e-07,2.48595e-07,2.01542e-07,5.33111e-07,1.5184e-06
62.2513,96.8608,28.4954,65.9023,253.51,4.10525e-07,8.49805e-08,8.3073e-09,3.03753e-07,8.07565e-07
53.396,122.603,17.9348,69.5152,263.449,5.07408e-07,2.74812e-08,1.83148e-07,2.86396e-07,1.00443e-06
69.4107,127.61,9.21408,98.0906,304.326,8.16576e-08,2.3251e-07,7.38314e-08,1.61269e-07,5.49267e-07
111.831,72.5339,65.7023,37.1962,287.264,2.17645e-07,2.30974e-07,1.11817e-07,8.86723e-09,5.69303e-07
78.7488,89.5432,28.2698,31.3784,227.94,2.39706e-07,2.1014e-07,1.10025e-07,9.93919e-08,6.59263e-07
98.0905,151.906,114.781,101.789,466.567,5.62529e-07,5.62873e-07,2.64692e-07,7.87896e-07,2.17799e-06
21.2461,157.525,78.1877,100.278,357.236,6.11883e-07,3.46086e-07,3.65251e-07,5.38644e-07,1.86186e-06
66.9519,185.266,71.2396,97.9327,421.39,8.26846e-07,3.60457e-09,3.04269e-07,4.92537e-07,1.62726e-06
39.2949,111.98,62.0406,66.8491,280.164,2.72979e-07,3.03285e-07,3.2171e-08,4.99114e-07,1.10755e-06
49.0139,117.097,34.1562,63.6195,263.886,4.027e-07,1.06132e-07,1.21781e-07,3.33795e-07,9.64409e-07
46.1935,120.023,46.6049,79.0078,291.829,5.11859e-07,1.85761e-07,1.76157e-07,4.7093e-07,1.34471e-06
88.3348,97.7795,100.941,124.851,411.906,1.51073e-07,8.51548e-07,1.07989e-07,7.54841e-07,1.86545e-06
90.2783,154.26,103.211,109.121,456.87,6.48497e-07,5.21626e-07,3.37913e-07,7.54459e-07,2.2625e-06
17.8298,133.285,50.7776,108.733,310.625,4.39644e-07,4.06606e-07,3.42994e-07,4.31729e-07,1.62097e-06
37.8757,145.438,42.3618,116.047,341.723,2.20083e-07,4.19688e-07,2.32376e-07,3.37987e-07,1.21013e-06
89.9218,65.8116,55.906,26.7496,238.389,1.54399e-07,2.95525e-07,1.75448e-07,2.33338e-08,6.48706e-07
53.8891,123.399,36.8086,68.5748,282.671,4.81328e-07,8.5949e-08,1.48132e-07,3.58367e-07,1.07378e-06
22.6263,98.5093,58.9016,74.9629,255,4.54369e-08,3.49516e-07,1.06205e-07,4.70555e-07,9.71713e-07
108.574,196.628,103.731,105.16,514.093,7.40549e-07,8.22095e-09,1.82846e-07,5.05879e-07,1.4375e-06
40.0166,105.609,80.1593,109.378,335.163,6.8804e-08,6.53101e-07,2.17473e-08,5.60989e-07,1.30464e-06
8.49274,136.732,69.0061,83.1286,297.36,3.71042e-07,3.01246e-07,1.72162e-07,4.68827e-07,1.31328e-06
81.64,107.143,30.2831,49.2676,268.334,3.92508e-07,1.58958e-07,1.91358e-08,1.60138e-07,7.30739e-07
62.6917,93.9258,59.1085,65.6679,281.394,1.9529e-07,3.31768e-07,2.10645e-08,4.63408e-07,1.01153e-06
69.7965,143.147,100.321,76.7333,389.998,4.16748e-07,4.20003e-07,1.29445e-07,6.50586e-07,1.61678e-06
69.7178,121.927,44.0543,77.0103,312.71,5.35541e-07,3.77063e-09,1.14852e-07,3.77198e-07,1.03136e-06
107.763,189.742,64.3182,143.674,505.498,1.27414e-07,2.70978e-07,2.28739e-07,1.0679e-07,7.33921e-07
76.3357,132.609,37.3846,57.9361,304.265,4.69787e-07,2.61997e-08,1.01725e-07,2.76373e-07,8.74086e-07
27.2782,132.613,40.9175,107.572,308.381,1.1431e-07,4.21964e-07,8.49956e-08,3.7256e-07,9.9383e-07
69.6261,165.729,70.4822,97.6413,403.479,7.55309e-07,1.31472e-07,2.94263e-07,5.43413e-07,1.72446e-06
53.286,125.7,92.2717,103.507,374.765,2.94056e-07,6.01787e-07,1.70851e-07,6.64846e-07,1.73154e-06
54.8117,114.54,7.96468,71.9521,249.269,4.86193e-07,2.97726e-08,2.18485e-07,2.33874e-07,9.68325e-07
46.4029,117.015,55.109,68.2203,286.747,3.2352e-07,2.61829e-07,1.00128e-07,4.29905e-07,1.11538e-06
51.5746,133.885,26.0043,69.9158,281.38,4.24216e-07,8.72012e-08,1.76901e-07,2.75779e-07,9.64097e-07
69.5344,141.433,13.3449,76.9774,301.289,5.33631e-07,3.32333e-08,2.76563e-07,2.16982e-07,1.06041e-06
19.1013,96.0635,41.0472,74.8195,231.032,1.49279e-07,2.9689e-07,1.91512e-08,4.1841e-07,8.8373e-07
58.714,128.469,62.3733,54.7478,304.304,3.73573e-07,1.08258e-07,1.3346e-08,4.27951e-07,9.23128e-07
56.9397,137.85,72.5494,88.7385,356.078,5.18756e-07,3.60176e-07,2.40542e-07,5.62544e-07,1.68202e-06
57.8585,108.599,18.9331,63.8162,249.206,2.85038e-07,1.11487e-07,8.78525e-08,2.46001e-07,7.30379e-07
95.9314,108.156,21.5458,47.7746,273.408,1.63014e-07,5.62219e-08,3.97956e-08,8.30557e-08,3.42087e-07
31.3834,115.694,36.3455,75.1497,258.573,2.02054e-07,2.52486e-07,4.56618e-08,3.52468e-07,8.5267e-07
80.267,118.428,68.4436,90.4925,357.631,5.02866e-07,3.55045e-07,1.87135e-07,5.98911e-07,1.64396e-06
20.5719,113.7,50.9481,110.248,295.468,2.36627e-07,4.7012e-07,1.82242e-07,4.53998e-07,1.34299e-06
61.6632,102.353,47.9291,77.8276,289.773,3.8744e-07,2.75501e-07,1.09392e-07,4.73695e-07,1.24603e-06
26.8258,116.434,62.1183,86.4415,291.82,8.71394e-08,4.25195e-07,1.28768e-07,4.21353e-07,1.06245e-06
56.0398,122.404,10.3025,103.172,291.918,3.22893e-08,3.05268e-07,3.89872e-08,2.06958e-07,5.83503e-07
82.4882,115.472,118.017,58.2457,374.223,7.79246e-08,5.41692e-07,1.27402e-07,6.81254e-07,1.42827e-06
26.3131,122.538,35.2329,87.5746,271.659,1.53763e-07,3.39495e-07,9.17177e-08,4.26726e-07,1.0117e-06
51.9446,148.043,43.9151,65.9927,309.895,5.55587e-07,4.0008e-08,2.12808e-07,3.41204e-07,1.14961e-06
83.0066,158.248,15.2614,66.4059,322.922,6.5426e-07,1.22437e-07,2.98547e-07,1.83611e-07,1.25885e-06
60.2079,90.8962,19.2594,63.411,233.775,3.81424e-07,1.1799e-08,6.83902e-08,2.17617e-07,6.7923e-07
40.9505,122.333,53.2216,80.4571,296.963,4.51787e-07,2.72113e-07,1.75563e-07,4.87003e-07,1.38647e-06
85.6682,123.802,117.32,149.259,476.049,1.58753e-08,1.0396e-06,1.11454e-07,8.43309e-07,2.01024e-06
58.8094,88.2586,39.2987,36.1668,222.534,1.6265e-07,1.86246e-08,1.56173e-07,2.91955e-07,6.29402e-07
79.0195,105.842,35.2822,65.7523,285.896,1.594e-07,4.87331e-08,7.36728e-09,4.7074e-08,2.62575e-07
74.0607,156.869,39.3919,108.661,378.983,5.99911e-08,2.80736e-07,6.19054e-08,2.32745e-07,6.35378e-07
64.5378,141.209,90.2566,76.1459,372.149,4.2818e-07,3.74914e-07,1.49943e-07,5.91573e-07,1.54461e-06
18.4862,118.424,38.1962,91.5668,266.673,1.82861e-07,3.38183e-07,7.50771e-08,3.78268e-07,9.74389e-07
110.565,186.771,52.4551,104.432,454.224,8.76106e-07,3.43345e-07,2.77788e-07,2.12006e-07,1.70924e-06
57.0524,115.2,38.588,42.2003,253.04,1.98419e-07,5.69588e-08,5.76912e-08,2.78795e-07,5.91864e-07
51.9661,156.623,53.6272,73.9007,336.117,4.96271e-07,2.65947e-07,2.62664e-07,4.83092e-07,1.50797e-06
27.1283,158.859,81.3598,139.227,406.574,3.34801e-07,5.34536e-07,3.61109e-07,4.50907e-07,1.68135e-06
33.3254,98.228,51.7955,79.6143,262.963,8.89459e-08,4.19477e-07,3.47218e-08,4.73437e-07,1.01658e-06
57.8681,66.5692,45.635,37.6632,207.736,1.61905e-07,1.4696e-07,3.46348e-07,2.77577e-07,9.3279e-07
84.3958,91.5243,44.1929,47.0395,267.153,3.01051e-07,1.30652e-07,6.68555e-08,1.74965e-07,6.73524e-07
41.1316,180.768,52.084,90.226,364.209,8.38193e-07,2.09044e-08,4.47309e-07,3.62601e-07,1.66901e-06
