0.594304,-1.75547,4.15251,0.990173,0.0181013,0.13739,-0.0246892,0.942072,-0.0119472,-0.13765,0.00909931,0.990445,17.087,10.5609,8.07467,7.91865,7.83749,7.96582
-0.0604375,-0.85355,2.82982,0.954691,-0.128229,-0.268023,0.14716,0.929979,0.0474057,0.258669,-0.0812792,0.962245,11.7278,7.98579,9.23974,9.59642,8.10218,7.95805
0.38839,-1.85136,4.31832,0.999771,-0.0218043,0.0140633,0.0163374,0.94195,-0.0130436,-0.0138495,0.0128396,0.999816,17.8719,10.8609,7.84605,7.8262,7.8963,7.90848
0.82625,-1.85227,4.32163,0.955323,-0.11581,0.271722,0.112946,0.935128,0.0279941,-0.273132,0.00575305,0.961968,10.7214,6.07349,7.95705,7.69417,7.75168,8.04615
0.388731,-2.06349,3.42038,0.999315,-0.037612,0.0168751,0.0335094,0.940929,-0.0350313,-0.0157016,0.0338665,0.999244,14.2421,10.7926,8.19612,8.18899,8.54238,8.5736
0.313847,-1.63793,2.57417,0.999088,-0.0234548,-0.0387639,0.0182684,0.941951,0.0092577,0.0385901,-0.00939275,0.999206,12.9636,10.7829,9.02486,9.05521,8.79609,8.76646
0.478807,-2.06326,3.02766,0.995526,-0.0554178,0.0789695,0.0545942,0.939989,-0.0326931,-0.0771135,0.0354815,0.996341,12.1403,9.79556,8.46519,8.41177,8.73883,8.83474
0.102085,-2.16955,3.56479,0.985083,0.0545118,-0.159419,-0.0700644,0.940042,-0.027744,0.157168,0.0354826,0.986821,19.6003,15.1037,7.95321,8.04451,8.65229,8.43928
0.523542,-2.32412,4.01739,0.992515,-0.0823411,0.0918584,0.0850933,0.937206,-0.0475629,-0.0875935,0.0526667,0.994636,13.6105,9.2821,7.66736,7.59115,8.36216,8.49207
0.827943,-2.47062,4.44125,0.956964,-0.143551,0.250969,0.153868,0.929947,-0.0130453,-0.246058,0.0500072,0.967907,10.0712,5.98938,7.38834,7.14001,8.18593,8.49498
0.502852,-2.68034,3.78433,0.992206,-0.102941,0.0711111,0.108231,0.932584,-0.0847948,-0.0617588,0.0871782,0.993858,12.5145,9.44679,7.52071,7.48306,8.74902,8.90036
0.0146287,-1.40401,4.09346,0.973423,-0.0987667,-0.207007,0.100283,0.936856,0.000740612,0.205891,-0.0213576,0.978339,16.8288,9.94286,8.18582,8.41962,7.7601,7.56381
0.398732,-1.20995,3.9464,0.99979,0.0104114,0.00968136,-0.0184604,0.941259,0.0455933,-0.00884727,-0.0428182,0.998913,17.4256,10.5139,8.5596,8.50346,7.60702,7.58677
0.388067,-1.89227,3.86105,0.999702,-0.0245858,0.0152236,0.0193691,0.941817,-0.0172848,-0.0148882,0.0169021,0.999735,16.015,10.8465,8.06742,8.0493,8.17153,8.18679
0.11898,-1.85078,3.51239,0.986031,0.0346216,-0.160736,-0.0444977,0.941625,-0.00149824,0.160511,0.00731503,0.986996,18.6917,13.7653,8.22077,8.3262,8.43034,8.24349
0.261306,-2.05784,4.22449,0.998046,0.017456,-0.0570417,-0.0271695,0.941712,-0.0283594,0.056274,0.0280031,0.997969,19.9848,12.9893,7.69804,7.72592,8.15482,8.06177
-0.103449,-1.14568,2.58704,0.942581,-0.0984428,-0.319337,0.11048,0.935551,0.0217859,0.315175,-0.054438,0.947391,12.7294,9.64213,9.18787,9.54273,8.50139,8.31058
0.395194,-1.34335,4.45232,0.999922,-0.000387369,0.0106061,-0.0068855,0.941892,0.0292897,-0.0104087,-0.0273527,0.999515,19.2341,10.5081,8.18867,8.14964,7.42323,7.41578
0.203367,-2.48681,2.6794,0.993667,0.0574203,-0.0895269,-0.0749321,0.937245,-0.0775689,0.083737,0.0786396,0.992959,15.9304,15.2137,8.36376,8.34514,9.38672,9.18731
-0.107195,-1.20676,2.62132,0.941555,-0.0976657,-0.322595,0.107547,0.935989,0.015041,0.319229,-0.0479075,0.946418,12.9395,9.85546,9.12548,9.47674,8.52385,8.32582
0.381653,-2.38967,3.66,0.998265,-0.0615095,0.008208,0.0587166,0.938179,-0.0660099,-0.00432747,0.0628173,0.997785,14.3013,10.8052,7.79249,7.80909,8.64365,8.69619
-0.0771382,-2.27925,3.59217,0.958431,0.0928969,-0.26516,-0.111895,0.93704,-0.00962185,0.262469,0.0351528,0.964156,22.1696,17.4546,7.80099,7.96357,8.78301,8.45132
0.803857,-2.77809,3.28336,0.95467,-0.140485,0.26135,0.16264,0.927079,-0.0570654,-0.249307,0.0932629,0.963556,7.97291,6.37611,7.81494,7.65374,8.9798,9.34186
0.597806,-1.66717,3.38169,0.987787,0.0246626,0.152266,-0.0327037,0.941966,-0.00471692,-0.152338,0.000943122,0.988328,14.7285,10.568,8.58645,8.41643,8.21155,8.32667
0.689285,-2.65635,3.67938,0.974111,-0.128743,0.185047,0.143052,0.929919,-0.0597136,-0.175055,0.0811452,0.980914,9.97691,7.43371,7.64356,7.50745,8.72453,8.99088
0.553006,-1.62556,4.32554,0.993981,0.0155003,0.107032,-0.0235982,0.942159,0.000847445,-0.106982,-0.00222604,0.994255,18.0707,10.548,8.07239,7.94141,7.65694,7.75729
0.288871,-1.06901,3.68984,0.996892,-0.0684766,-0.0434768,0.0682099,0.937978,0.0592411,0.0394074,-0.0584578,0.997296,14.2856,8.67926,8.73592,8.82686,7.65721,7.64187
0.431998,-1.58303,2.5535,0.99895,-0.00349164,0.0456921,-0.00395633,0.942183,0.0150056,-0.0456376,-0.0137502,0.998843,12.835,10.598,9.11583,9.04497,8.73653,8.75016
0.0104619,-2.59894,4.42953,0.979138,0.0968555,-0.171053,-0.119097,0.935339,-0.0457697,0.164635,0.0605791,0.984198,25.6818,17.7053,7.08601,7.22895,8.57997,8.31871
0.513958,-1.53326,4.24821,0.996315,0.011642,0.083567,-0.0202675,0.942155,0.0107502,-0.0833375,-0.0108958,0.996444,17.9065,10.5183,8.17458,8.065,7.63944,7.71162
0.555002,-1.98813,2.66708,0.988642,-0.06563,0.136552,0.0661474,0.939567,-0.0203015,-0.13495,0.0285541,0.990425,10.6479,8.96261,8.77247,8.67868,8.8822,9.02753
-0.0980381,-1.23871,3.96199,0.953533,-0.127144,-0.272653,0.131933,0.933149,-0.00466582,0.270865,-0.0312525,0.962101,15.8702,9.32894,8.34518,8.65887,7.72092,7.48086
0.158467,-1.38586,2.61302,0.98691,-0.0714821,-0.1458,0.073528,0.938908,0.0264217,0.143533,-0.0353759,0.988961,12.4765,9.81307,9.09728,9.26245,8.61141,8.52479
0.326496,-0.947456,3.20754,0.997418,-0.0718859,-0.0188151,0.0706029,0.936447,0.0799317,0.0131676,-0.0762176,0.996623,12.566,8.19151,9.09585,9.18597,7.85739,7.88341
0.434018,-1.81024,3.22651,0.998794,-0.0187605,0.0473582,0.0134196,0.942045,-0.0098445,-0.0472243,0.0104188,0.998829,13.9794,10.5798,8.51972,8.46915,8.46025,8.49945
0.161791,-2.24796,4.12725,0.992399,0.0446172,-0.110427,-0.0588629,0.940318,-0.0383198,0.108073,0.0414883,0.993145,21.2326,14.6618,7.57659,7.64812,8.39164,8.22636
0.188528,-1.7328,3.8538,0.99298,-0.0441128,-0.111366,0.0393397,0.941255,-0.00672439,0.111545,0.00167133,0.993757,16.8089,11.1674,8.12731,8.23501,8.11427,8.00464
0.734865,-1.87989,3.27146,0.963918,-0.0968638,0.248239,0.0960138,0.937209,0.0125786,-0.248282,0.0129058,0.968617,9.72694,7.0296,8.50366,8.30935,8.37523,8.62731
0.65789,-0.998631,3.88989,0.985091,0.0702141,0.151579,-0.0892158,0.938118,0.0457268,-0.147095,-0.0539768,0.987387,17.8428,10.5526,8.84014,8.60978,7.39745,7.51015
0.0891947,-2.6261,3.60857,0.985325,0.0820606,-0.142466,-0.104663,0.935494,-0.0691778,0.134837,0.0776303,0.987379,20.3798,16.8936,7.60012,7.66152,8.99321,8.74375
0.401672,-1.64871,2.72028,0.999658,-0.0145079,0.0247636,0.00822016,0.942153,0.00791791,-0.0248286,-0.00685873,0.999662,13.0645,10.5905,8.94976,8.90773,8.67913,8.6853
0.693784,-2.67007,3.33727,0.9722,-0.128244,0.195177,0.144288,0.929471,-0.0642776,-0.184412,0.0868727,0.978659,9.26109,7.38854,7.8453,7.72292,8.90668,9.19097
0.787858,-1.13171,3.61071,0.964941,0.086137,0.243447,-0.105297,0.937594,0.0167014,-0.240421,-0.0375189,0.96977,16.6427,10.5748,8.92911,8.6162,7.62463,7.79922
0.378154,-1.94913,2.59431,0.999711,-0.0267126,0.0110308,0.0216419,0.941581,-0.0258657,-0.010472,0.0249034,0.999605,12.5884,10.9152,8.81549,8.80743,8.97499,8.99187
0.374161,-1.11901,3.12635,0.998873,-0.0508156,0.00700115,0.0464039,0.939024,0.0640565,-0.00998649,-0.0596747,0.997922,12.8977,8.83787,9.0444,9.08564,8.02848,8.06971
-0.0737823,-2.42059,4.17075,0.964794,0.101006,-0.237015,-0.12191,0.935867,-0.0189319,0.233047,0.0431391,0.971321,25.2116,17.9578,7.34462,7.52662,8.58733,8.27256
-0.116134,-1.40928,4.34313,0.953559,-0.12367,-0.274266,0.123521,0.934023,-0.0209393,0.274713,-0.0146828,0.961426,17.9663,9.99604,8.01825,8.32768,7.66253,7.39156
0.59063,-2.14239,2.75211,0.984287,-0.0813849,0.157649,0.0855393,0.937766,-0.0316928,-0.154471,0.0433591,0.986987,10.1571,8.5512,8.60625,8.50709,8.91599,9.09958
0.415704,-1.14062,2.57745,0.999333,0.0222999,0.0198786,-0.0318965,0.939966,0.0658619,-0.0178068,-0.0622545,0.997631,13.6499,10.5845,9.42034,9.31597,8.44132,8.39942
0.361347,-1.92855,3.20836,0.999986,-0.0115953,-0.000813809,0.00529442,0.941978,-0.0223451,0.000932335,0.0212887,0.99975,14.6273,11.4077,8.43295,8.40215,8.59141,8.56277
0.478001,-2.68511,3.2748,0.993342,-0.0989076,0.0605015,0.103487,0.932245,-0.0946985,-0.0506192,0.0951129,0.993666,11.5686,9.70363,7.83305,7.82471,9.02071,9.17505
-0.108226,-1.83865,2.67843,0.938516,0.0816164,-0.3324,-0.0868981,0.938736,0.0340038,0.334121,-0.00482437,0.942525,18.6817,16.1805,8.69203,8.85562,9.01477,8.66141
0.686979,-0.925765,3.05986,0.979285,0.0779297,0.181632,-0.101566,0.936471,0.0582094,-0.175173,-0.0697013,0.981642,15.3137,10.5597,9.37255,9.08571,7.87687,7.96311
0.264555,-1.81283,3.06744,0.997439,-0.0219733,-0.069628,0.0156232,0.941992,-0.0106522,0.0697894,0.00877032,0.997516,14.5323,11.451,8.5733,8.62281,8.62371,8.55401
0.103501,-2.11427,4.26113,0.987217,0.0529526,-0.146342,-0.066778,0.940407,-0.0200953,0.144717,0.0271894,0.98903,22.7528,14.925,7.58148,7.69603,8.233,8.03865
0.476536,-1.70337,2.58391,0.996778,-0.00118597,0.0800016,-0.00572621,0.942289,0.000225722,-0.079999,0.000126795,0.996795,12.7091,10.6054,9.02343,8.93144,8.78137,8.82943
0.271504,-0.979215,3.51613,0.995751,-0.0779263,-0.052399,0.0792661,0.936533,0.0691625,0.0468709,-0.0688717,0.996228,13.4843,8.33134,8.88621,9.00019,7.69865,7.683
-0.0835185,-1.28305,3.74096,0.954196,-0.121835,-0.272926,0.126185,0.933894,-0.00429527,0.271268,-0.0301411,0.962025,15.2614,9.49002,8.43106,8.73945,7.87699,7.65089
0.0317089,-2.00501,3.30091,0.973643,0.059906,-0.216929,-0.0731659,0.940212,-0.00454903,0.216025,0.0179441,0.976177,19.2965,15.27,8.21375,8.34218,8.70239,8.44632
0.569184,-1.15317,2.5979,0.99056,0.0461304,0.125185,-0.0629037,0.939495,0.0531168,-0.121794,-0.0559534,0.99071,13.6856,10.5582,9.446,9.24084,8.38286,8.4206
0.552116,-2.11109,2.75048,0.988815,-0.0724347,0.1317,0.0749013,0.938613,-0.0326816,-0.128972,0.040837,0.990751,10.6393,8.97635,8.6242,8.5409,8.91104,9.0653
-0.114387,-0.987635,4.4549,0.956184,-0.142901,-0.254392,0.151818,0.930318,0.00764313,0.250328,-0.0446908,0.967071,16.8706,8.41433,8.30104,8.61904,7.26066,6.99812
0.391224,-0.841088,4.20976,0.998997,0.0347125,-0.00919083,-0.0429843,0.938858,0.0775402,0.0125529,-0.0724572,0.996947,19.3605,10.4985,8.7245,8.65596,7.18439,7.13792
0.473326,-2.36035,3.311,0.995042,-0.0750329,0.0678848,0.076862,0.937198,-0.0609984,-0.0631232,0.0627673,0.995827,12.3017,9.80704,8.0554,8.02321,8.77938,8.8952
0.258533,-2.42757,2.8929,0.99726,0.0398943,-0.0551359,-0.053336,0.938685,-0.0738038,0.0512664,0.0720287,0.995747,15.7381,14.2836,8.27204,8.24146,9.19502,9.04741
0.363476,-1.03322,4.23036,0.998531,-0.057618,0.00156964,0.0539798,0.9389,0.0591388,-0.00476799,-0.0552876,0.998249,15.9843,8.58227,8.51446,8.55185,7.29282,7.31467
0.812895,-1.78294,3.11384,0.949679,0.0681837,0.303118,-0.0691402,0.939587,-0.0428875,-0.305498,0.0208753,0.951987,13.9229,10.5985,8.73966,8.42643,8.39463,8.60689
0.315902,-1.63899,3.90557,0.999357,-0.0213996,-0.0322142,0.0159171,0.942027,0.00602083,0.0321149,-0.00612024,0.999463,16.7761,10.857,8.21364,8.2421,7.97606,7.94307
0.452503,-1.24781,4.29758,0.998868,0.0175208,0.0401198,-0.0270547,0.941464,0.0369693,-0.0391325,-0.0353166,0.998511,18.8012,10.5194,8.36233,8.28106,7.41428,7.43441
0.789274,-2.48528,3.31958,0.955458,-0.129357,0.264623,0.143777,0.931073,-0.0306903,-0.257738,0.065414,0.963863,8.43888,6.45916,8.01186,7.8335,8.75793,9.08488
-0.123611,-0.80827,3.5473,0.947849,-0.142272,-0.284187,0.159563,0.928685,0.031223,0.275901,-0.0721975,0.95826,13.3294,7.8527,8.86864,9.2376,7.62529,7.41891
0.610559,-2.29641,4.43688,0.986161,-0.0973059,0.13488,0.10177,0.936166,-0.0334235,-0.130882,0.0450963,0.990298,13.7154,8.34836,7.48013,7.34333,8.11091,8.28364
0.354535,-1.79104,4.07806,0.999959,-0.000799361,-0.00671087,-0.00619718,0.942258,-0.00781217,0.00666253,0.00760033,0.999947,17.8719,11.4572,8.02032,8.01349,7.99364,7.97615
0.168068,-1.86501,3.26586,0.990671,0.0249694,-0.1321,-0.0347351,0.941899,-0.00735871,0.131771,0.0105667,0.991209,17.1946,13.282,8.37789,8.45322,8.57124,8.41388
0.162104,-1.39882,3.93989,0.990085,-0.0699853,-0.123286,0.0701157,0.939329,0.0184831,0.121717,-0.0259481,0.992199,16.1976,9.92254,8.31763,8.46101,7.80417,7.69286
0.189512,-2.15497,2.79031,0.992426,0.0354585,-0.114463,-0.0494008,0.940697,-0.0394568,0.112474,0.0417267,0.992644,15.9053,14.0624,8.49672,8.52561,9.07396,8.90323
0.0287214,-1.14295,2.70536,0.968681,-0.105228,-0.225087,0.11533,0.934682,0.0339184,0.219898,-0.0566307,0.973748,12.1386,8.95333,9.15061,9.42507,8.38892,8.26125
0.130847,-0.98651,3.81362,0.98612,-0.100212,-0.132978,0.107096,0.93488,0.0518328,0.12688,-0.0621757,0.989763,14.432,8.38087,8.6791,8.87168,7.55836,7.45314
0.176488,-2.26488,3.49134,0.992555,0.0423567,-0.110177,-0.0572191,0.940112,-0.0454883,0.107521,0.0480174,0.99287,18.3713,14.5508,7.95696,8.00172,8.74469,8.57302
0.125022,-1.91832,2.98043,0.985272,0.0383115,-0.164237,-0.0496087,0.941399,-0.00820844,0.163639,0.0144606,0.986387,16.9713,13.9792,8.50874,8.59355,8.80042,8.60619
0.519935,-1.31092,4.13854,0.996011,0.027005,0.0818166,-0.0381084,0.941436,0.0292766,-0.0806797,-0.0296394,0.996217,18.0195,10.5364,8.41351,8.28988,7.52825,7.58972
-0.147254,-2.72543,3.22527,0.947417,0.120272,-0.290438,-0.152502,0.931449,-0.0407225,0.281327,0.0764692,0.956027,21.5445,19.8137,7.71453,7.83243,9.36117,8.94067
-0.0590593,-1.11646,3.0367,0.954369,-0.120161,-0.273116,0.130984,0.933112,0.019373,0.268372,-0.0526633,0.961786,12.8802,8.90353,8.94571,9.26944,8.16582,7.99108
0.37543,-2.66468,3.89569,0.996758,-0.0823264,-0.00292677,0.0798022,0.934791,-0.0909967,0.0102215,0.085421,0.995847,14.4792,10.8258,7.4328,7.46719,8.72571,8.79441
-0.09065,-1.23275,2.89403,0.945985,-0.117528,-0.301961,0.125331,0.934001,0.00482373,0.299007,-0.041697,0.953308,12.9613,9.40266,8.94057,9.27829,8.34787,8.15798
0.0946052,-0.817478,3.93029,0.982607,-0.11603,-0.144822,0.126153,0.932137,0.0612896,0.136266,-0.0746181,0.987558,14.2017,7.7647,8.73545,8.95887,7.3665,7.24611
0.772373,-1.74049,3.85256,0.964885,0.0595229,0.253214,-0.0639921,0.940286,-0.0313094,-0.254757,0.0151122,0.966904,16.1583,10.5903,8.31496,8.03898,7.93632,8.15123
0.185937,-0.938835,2.87578,0.989539,-0.0936556,-0.110749,0.100967,0.93421,0.0739626,0.103041,-0.0799368,0.991092,11.835,8.15917,9.2386,9.42887,8.09929,8.05765
0.682424,-0.964687,2.83809,0.978844,0.0749044,0.185523,-0.0984127,0.936807,0.0571447,-0.179387,-0.0684887,0.980977,14.6522,10.5621,9.47429,9.18469,8.05684,8.13507
0.00162713,-2.33145,3.20318,0.970452,0.0797467,-0.223284,-0.100771,0.937684,-0.0305706,0.219246,0.0479495,0.974274,19.628,16.7716,8.04066,8.14965,9.01933,8.7215
0.739818,-2.62183,3.41394,0.965345,-0.131647,0.224531,0.147949,0.929672,-0.0509451,-0.214988,0.0792956,0.973134,8.94307,6.91876,7.84126,7.69063,8.81911,9.12383
0.285551,-2.59935,2.78194,0.997776,0.050353,-0.0281615,-0.0628805,0.936371,-0.0966601,0.0221333,0.0926427,0.994919,15.3984,14.673,8.24941,8.1814,9.38482,9.23056
0.409725,-1.30453,2.64011,0.999605,0.00996508,0.0219394,-0.0185663,0.941214,0.0465895,-0.0210937,-0.0438833,0.998673,13.499,10.5856,9.25696,9.17601,8.50454,8.47856
0.675141,-1.42926,4.42236,0.983793,0.0514425,0.168459,-0.0630623,0.940798,0.00435683,-0.167854,-0.0127023,0.985699,19.0783,10.5644,8.22208,8.01166,7.41163,7.57488
0.172195,-1.13699,4.16593,0.990735,-0.0841614,-0.107983,0.0870327,0.937398,0.03926,0.104256,-0.0459504,0.993377,16.1683,8.95943,8.4032,8.55171,7.46527,7.36627
0.678856,-2.28945,3.25825,0.973526,-0.105784,0.202766,0.114136,0.934885,-0.0312874,-0.19804,0.052051,0.978727,9.82311,7.58469,8.18421,8.04265,8.6881,8.93213
0.33982,-1.47692,3.94217,0.999577,-0.0283247,-0.0177329,0.0234352,0.941653,0.0208516,0.0172432,-0.0199005,0.999625,16.4434,10.2494,8.32135,8.34503,7.81845,7.80722
-0.00847472,-2.71017,2.8163,0.970573,0.0979832,-0.213787,-0.12881,0.932777,-0.0720595,0.203459,0.0907468,0.974219,18.5768,18.2357,8.05539,8.10829,9.54139,9.18666
0.340127,-1.90588,2.87662,0.999869,-0.00853434,-0.0160582,0.00173482,0.942053,-0.0203811,0.0160968,0.0193138,0.999663,13.9874,11.5551,8.65465,8.63416,8.78579,8.74185
0.805525,-2.00859,2.70189,0.94531,-0.107326,0.307993,0.109459,0.935833,0.0105477,-0.307258,0.0246276,0.95133,8.00056,6.41187,8.7689,8.57005,8.78473,9.10135
0.445339,-1.74692,4.41229,0.998898,-0.0154746,0.0459703,0.009662,0.942149,-0.00437741,-0.0459264,0.00508517,0.998933,18.0883,10.5371,7.89428,7.83709,7.74281,7.78636
0.846248,-1.83369,2.93672,0.937006,-0.110036,0.331437,0.10536,0.935822,0.0329364,-0.333045,0.00624858,0.942902,8.03902,5.98995,8.75767,8.52541,8.5092,8.83727
0.0556529,-1.13144,2.84803,0.973698,-0.102415,-0.203823,0.11177,0.934956,0.0378356,0.198546,-0.0572486,0.978276,12.3857,8.89632,9.08265,9.33699,8.2834,8.16326
0.067295,-1.14601,4.00965,0.979948,-0.102103,-0.171488,0.107861,0.935684,0.0283869,0.167538,-0.0445039,0.984777,15.6624,8.98486,8.44095,8.65675,7.58672,7.43177
0.52597,-1.90481,2.7062,0.99191,-0.0547171,0.116172,0.0531779,0.940483,-0.0142952,-0.115265,0.0201839,0.993126,11.1909,9.29622,8.80432,8.71732,8.8151,8.93176
0.31654,-1.38983,3.82126,0.998878,-0.0397586,-0.0316822,0.0361246,0.941023,0.0290181,0.0306266,-0.0283483,0.999077,15.7464,9.90582,8.44245,8.48827,7.82459,7.80509
-0.120616,-1.46198,3.19224,0.940347,-0.118186,-0.318813,0.117687,0.934692,-0.0227336,0.319214,-0.0170823,0.947545,14.229,10.199,8.59792,8.93223,8.34122,8.11352
0.719348,-2.268,4.49459,0.97394,-0.115697,0.194879,0.121581,0.934338,-0.0167437,-0.191463,0.0391924,0.980684,12.2299,7.17261,7.50155,7.30071,8.02957,8.26564
0.0127586,-2.38597,4.35364,0.978181,0.0847783,-0.183796,-0.103937,0.937435,-0.0292475,0.179889,0.0440128,0.982529,25.0151,16.9032,7.2919,7.44279,8.43925,8.18371
0.103459,-1.08781,4.27166,0.984797,-0.0993311,-0.143087,0.104509,0.935842,0.035121,0.138756,-0.0473533,0.989087,16.4239,8.78251,8.36843,8.55893,7.38616,7.24588
0.801031,-2.20069,3.51255,0.953123,-0.122534,0.276254,0.129057,0.933534,-0.00213656,-0.273679,0.0375506,0.961082,8.9005,6.30112,8.11663,7.90722,8.44575,8.75507
0.63349,-2.59518,3.44435,0.980422,-0.116153,0.158779,0.128085,0.931633,-0.0650493,-0.149557,0.0804826,0.985169,10.2709,8.03859,7.82497,7.72155,8.8174,9.0532
0.446179,-1.98487,4.3393,0.998058,-0.0441598,0.0478419,0.0410157,0.940957,-0.0225753,-0.0468887,0.0236324,0.9986,16.6781,10.1988,7.74132,7.69213,7.96773,8.02454
0.581158,-2.60574,2.58819,0.984626,-0.106449,0.138746,0.118336,0.931576,-0.0829392,-0.128488,0.0935074,0.986849,9.32132,8.59615,8.37076,8.3233,9.31478,9.5492
0.453723,-2.31526,4.17893,0.996541,-0.0692334,0.0498051,0.0690361,0.938341,-0.0506124,-0.0462555,0.0513136,0.997476,15.1579,10.0468,7.56375,7.52558,8.29881,8.38146
0.54521,-2.05006,2.91004,0.989944,-0.0675658,0.125733,0.0686841,0.939246,-0.0266659,-0.123663,0.0340678,0.991706,11.1235,9.06611,8.56483,8.47766,8.77595,8.91743
0.596119,-2.20584,4.3805,0.987634,-0.0889157,0.130091,0.0919369,0.937277,-0.0285512,-0.126989,0.0389185,0.991091,13.9409,8.51973,7.58015,7.44976,8.07036,8.23148
0.167888,-0.866472,3.51327,0.988704,-0.101503,-0.11094,0.109056,0.933537,0.0712318,0.102816,-0.0781966,0.991271,13.1309,7.9188,8.93233,9.12166,7.63859,7.57176
0.10167,-0.839227,3.79189,0.982989,-0.113388,-0.144456,0.123409,0.932432,0.0621166,0.136025,-0.0749877,0.98756,13.8546,7.83885,8.7892,9.01167,7.46337,7.35125
-0.117309,-0.818233,3.7964,0.94983,-0.155659,-0.269638,0.171279,0.926934,0.0244417,0.261698,-0.0668813,0.962651,13.575,7.5711,8.73476,9.09129,7.47632,7.26538
0.304832,-2.60615,3.7777,0.998314,0.04664,-0.0133894,-0.057424,0.937596,-0.085704,0.00847728,0.0815318,0.996231,18.3587,14.4782,7.58089,7.53273,8.82046,8.71213
0.704479,-1.56616,4.42849,0.979978,0.0511012,0.189519,-0.0604255,0.940902,-0.00899712,-0.189714,-0.00099307,0.981836,18.7891,10.573,8.118,7.8918,7.50732,7.69291
0.117727,-1.5305,3.79305,0.985533,-0.0714631,-0.154844,0.0704082,0.939457,0.00419863,0.154169,-0.0149462,0.98793,16.0634,10.3989,8.28477,8.4509,8.00368,7.86444
0.524494,-1.35201,3.34893,0.994824,0.026345,0.0954313,-0.0379717,0.941401,0.030669,-0.0942475,-0.0312994,0.994963,15.2182,10.5487,8.8224,8.68231,8.03114,8.08315
-0.116039,-1.58269,3.5228,0.944198,-0.116159,-0.308051,0.111959,0.935088,-0.0327436,0.309766,-0.00517506,0.950806,15.4092,10.5943,8.32226,8.64116,8.24247,7.99712
0.232683,-1.10942,4.38398,0.994843,-0.0750378,-0.0707712,0.0758936,0.93814,0.0441025,0.0672935,-0.046603,0.996517,16.9245,8.87352,8.33876,8.44773,7.30677,7.24048
0.190396,-1.62447,2.92878,0.99133,-0.0511499,-0.122577,0.0482026,0.940846,0.00423472,0.122233,-0.010086,0.99245,13.7525,10.7179,8.75623,8.87393,8.58129,8.48712
-0.0847311,-2.7777,3.01264,0.959213,0.112777,-0.25282,-0.146609,0.931177,-0.0624422,0.241693,0.0900066,0.965496,20.0527,19.3163,7.84849,7.92963,9.50279,9.10337
0.366654,-1.88066,3.15576,0.999947,-0.016087,0.00212392,0.0101174,0.942004,-0.0174119,-0.00194794,0.016683,0.999846,14.3157,11.1753,8.50102,8.47141,8.58532,8.5638
0.146867,-2.47663,4.05966,0.991113,0.0650119,-0.109203,-0.0825111,0.938055,-0.0568391,0.104337,0.0611269,0.992393,21.5475,15.7485,7.44209,7.50336,8.61692,8.42909
0.391307,-2.57563,3.91641,0.997101,-0.0777596,0.00895009,0.0760326,0.935913,-0.0809975,-0.00277492,0.0770029,0.996674,14.5432,10.6709,7.49389,7.5124,8.64467,8.71427
-0.0247155,-2.65225,4.13196,0.973645,0.103947,-0.195667,-0.128857,0.934151,-0.0480403,0.188179,0.0668305,0.979493,24.4108,18.2598,7.21236,7.35378,8.77958,8.48271
0.524971,-0.828636,4.31892,0.995781,0.0578248,0.0612626,-0.0725133,0.938018,0.0691625,-0.0562295,-0.0684668,0.995723,19.9756,10.5219,8.72044,8.57568,7.06152,7.10053
0.608357,-2.14549,4.46446,0.986895,-0.087757,0.136369,0.0901308,0.937595,-0.0223897,-0.133848,0.0335257,0.990405,14.163,8.39876,7.5884,7.44734,7.97914,8.14373
0.236715,-2.31747,4.11374,0.996863,0.03703,-0.0641981,-0.0495446,0.940237,-0.0501436,0.0617175,0.0499342,0.996677,20.2509,14.1477,7.55826,7.58174,8.43128,8.30912
0.280814,-1.76793,2.89838,0.998085,-0.0213725,-0.0598273,0.0153733,0.942037,-0.00571951,0.059909,0.00436142,0.998192,14.0008,11.2801,8.7175,8.75894,8.69151,8.63364
0.114659,-1.65399,2.81567,0.982255,-0.0660756,-0.17658,0.0633078,0.939946,-0.00508937,0.176545,-0.00674576,0.984273,13.5398,10.8083,8.77914,8.94766,8.69014,8.55837
0.014123,-2.79837,4.27784,0.979778,0.106816,-0.159918,-0.132174,0.932776,-0.0660895,0.150215,0.0801822,0.984915,24.7763,18.376,7.02943,7.14908,8.81691,8.54169
-0.0519667,-2.56991,2.66615,0.960479,0.0967803,-0.255912,-0.12619,0.934378,-0.0497175,0.248104,0.0740262,0.965421,18.4999,18.2019,8.23762,8.31128,9.54006,9.16615
0.348741,-2.23457,4.00134,0.999795,0.0124085,-0.00186088,-0.0202262,0.941078,-0.0486756,0.000877014,0.0461296,0.998813,18.0618,12.6714,7.72501,7.68624,8.38755,8.33847
0.142795,-2.77908,2.50814,0.989191,0.0803208,-0.114028,-0.104574,0.932232,-0.107891,0.102788,0.111363,0.987602,16.1824,16.8205,8.2871,8.25643,9.73243,9.44996
-0.067564,-2.58546,3.39703,0.96218,0.103487,-0.246192,-0.130656,0.934224,-0.0414178,0.239039,0.0665218,0.968336,21.3443,18.4486,7.71662,7.83814,9.12845,8.77665
0.0502742,-0.982802,2.79593,0.973094,-0.109709,-0.202687,0.122589,0.933042,0.0527718,0.195091,-0.0728463,0.977821,11.8859,8.36662,9.20931,9.48391,8.20777,8.09939
-0.142653,-0.995743,2.97186,0.937599,-0.12118,-0.325626,0.136149,0.93239,0.0210368,0.319956,-0.0622364,0.945265,12.9262,8.86152,9.04525,9.42965,8.13343,7.93105
0.0166978,-1.63891,3.7389,0.971705,-0.087384,-0.220028,0.0844135,0.938221,-0.0161095,0.220598,-0.00396625,0.97536,16.1776,10.7853,8.2016,8.42848,8.14386,7.94828
0.146507,-1.97668,2.75802,0.987479,0.036446,-0.151007,-0.0486855,0.941335,-0.016648,0.150047,0.0216707,0.988392,16.1369,13.9455,8.62256,8.68715,8.97612,8.78912
0.625009,-1.0395,3.45092,0.987104,0.0621503,0.14256,-0.0807443,0.938524,0.0505848,-0.138228,-0.0567439,0.988493,16.2115,10.5529,9.03812,8.81479,7.71417,7.79645
0.0617679,-2.70813,3.10014,0.981362,0.089127,-0.163184,-0.115717,0.933627,-0.0801519,0.153424,0.0911391,0.983334,18.7945,17.4691,7.87928,7.92075,9.35087,9.05434
0.425196,-2.6374,3.15944,0.995856,-0.0874997,0.0298474,0.0883894,0.933661,-0.0953719,-0.021401,0.0923632,0.994994,11.9896,10.2791,7.933,7.95306,9.069,9.18804
-0.0982544,-0.839199,3.70332,0.952909,-0.148206,-0.263243,0.163694,0.928095,0.028578,0.255281,-0.0677098,0.964306,13.4945,7.72288,8.77148,9.11858,7.5472,7.34586
0.135744,-2.0984,4.3577,0.990576,0.0428066,-0.126553,-0.0556454,0.940932,-0.0223408,0.125155,0.0269058,0.991708,22.637,14.4481,7.55097,7.6515,8.16103,7.98935
0.814937,-2.37936,3.34211,0.949977,-0.127724,0.284442,0.139407,0.932011,-0.0166273,-0.27948,0.0543227,0.958549,8.32694,6.22192,8.08301,7.88539,8.66326,8.99731
0.187726,-1.86891,3.08464,0.99219,0.0212134,-0.1212,-0.0308443,0.941978,-0.00938162,0.120861,0.0117396,0.992584,16.3847,13.0851,8.49589,8.558,8.67822,8.53203
0.37511,-1.15222,2.86452,0.999731,0.0141927,-0.00718195,-0.0215577,0.940329,0.063068,0.00855688,-0.0590777,0.997983,14.2973,10.5794,9.22034,9.15157,8.26509,8.20807
0.189545,-2.60225,3.90961,0.99388,0.0653169,-0.079895,-0.082291,0.93695,-0.0747437,0.0736977,0.0759497,0.993997,20.3967,15.7269,7.45881,7.4813,8.78325,8.60862
0.227477,-1.45213,3.99774,0.995206,-0.0533639,-0.0842619,0.0513874,0.940525,0.0185329,0.0832159,-0.0217641,0.996271,16.5674,10.135,8.26947,8.36719,7.7973,7.72049
0.0445771,-2.4519,4.41844,0.982415,0.0828559,-0.160828,-0.102287,0.937281,-0.0386362,0.156199,0.050478,0.986226,24.9935,16.8002,7.21512,7.348,8.45188,8.21539
0.199665,-2.57285,4.33746,0.994772,0.0628347,-0.0707359,-0.0784431,0.937712,-0.0674332,0.0653894,0.0682485,0.995213,22.3412,15.5396,7.22418,7.25818,8.54233,8.39032
0.504661,-1.81972,3.69726,0.995091,-0.0449753,0.0901654,0.0415952,0.941152,-0.00699091,-0.0898,0.0109237,0.995902,13.973,9.57313,8.25042,8.16304,8.16724,8.25665
0.111471,-1.9549,3.36518,0.984914,0.0418093,-0.165266,-0.0536795,0.941212,-0.00996128,0.164508,0.0167608,0.986199,18.4346,14.2313,8.23393,8.3317,8.59904,8.39975
0.461013,-2.3346,4.31245,0.996196,-0.0721371,0.0524237,0.0722631,0.938103,-0.0506312,-0.048695,0.0516606,0.997341,15.4853,9.96637,7.47551,7.43175,8.24683,8.33272
0.454295,-2.52792,3.4761,0.995357,-0.0840394,0.0500092,0.0859719,0.935335,-0.0776709,-0.0432846,0.0774264,0.995724,12.6112,9.98807,7.81803,7.80553,8.81347,8.92955
0.50894,-0.946262,4.40076,0.996686,0.0472966,0.0578934,-0.0605375,0.93933,0.0585917,-0.0543391,-0.057727,0.996602,20.0632,10.5213,8.57795,8.45145,7.10783,7.1468
0.196862,-2.02376,3.72722,0.994087,0.0271086,-0.102531,-0.0383368,0.941562,-0.0234056,0.101591,0.0252012,0.994454,18.7034,13.5269,7.99041,8.0478,8.41566,8.27532
0.442007,-1.31106,2.56055,0.998726,0.0152247,0.0448526,-0.0251549,0.941184,0.0451482,-0.0437484,-0.0430187,0.997973,13.3116,10.5806,9.31304,9.20912,8.55242,8.54268
-0.0649896,-1.45866,3.79926,0.957828,-0.111536,-0.264781,0.111692,0.935528,-0.0147761,0.264744,-0.0160393,0.964195,15.9491,10.1332,8.27524,8.56223,7.98138,7.753
0.126746,-1.90693,4.08953,0.988726,0.0354091,-0.142959,-0.0459805,0.941549,-0.00686709,0.142499,0.0118944,0.989705,21.1054,13.8799,7.84425,7.95406,8.14816,7.97199
0.00837383,-2.78587,4.0303,0.978207,0.105652,-0.17014,-0.132049,0.932703,-0.0674575,0.160231,0.0825318,0.983108,23.4581,18.3762,7.19006,7.29943,8.92918,8.63907
0.145871,-1.47766,2.86384,0.986117,-0.0688499,-0.152316,0.0691926,0.939452,0.0148604,0.150952,-0.0244919,0.98822,13.2595,10.1627,8.87663,9.03835,8.51936,8.41452
-0.00572116,-1.53098,3.00739,0.963151,-0.0959075,-0.251631,0.095688,0.937268,-0.00946839,0.251365,-0.0155147,0.967777,13.784,10.3732,8.69843,8.95616,8.49448,8.3132
0.0263759,-1.41324,2.63091,0.967217,-0.0936548,-0.236479,0.0970849,0.937151,0.00749617,0.234661,-0.0297735,0.971608,12.6413,9.94338,9.0199,9.2717,8.64007,8.49152
0.837578,-2.11889,4.02856,0.950135,-0.128348,0.283612,0.131512,0.933145,0.0125242,-0.28275,0.0260292,0.958857,9.47317,5.90687,7.89435,7.64573,8.10292,8.41812
0.614083,-2.29754,2.54475,0.980534,-0.0934446,0.173269,0.101684,0.935711,-0.0457133,-0.167967,0.060184,0.983813,9.3396,8.2762,8.63221,8.54085,9.13394,9.35381
0.631277,-2.56115,3.3111,0.980339,-0.11335,0.161422,0.125067,0.932113,-0.0634744,-0.152623,0.0789028,0.984842,10.0868,8.06503,7.93444,7.83431,8.86446,9.10041
0.418012,-1.92983,4.3056,0.999067,-0.0341449,0.0317729,0.0298763,0.941472,-0.0190973,-0.0311941,0.019322,0.999313,17.1333,10.5183,7.7967,7.76233,7.95229,7.98818
0.524977,-2.25186,3.37747,0.991896,-0.0769421,0.102734,0.0797655,0.937743,-0.0456262,-0.0988893,0.0512593,0.993662,12.0255,9.26404,8.10859,8.03929,8.64821,8.78653
0.302571,-2.73648,3.82957,0.997726,0.0565091,-0.00774899,-0.0673872,0.93596,-0.0984134,0.00110497,0.0932486,0.995115,18.7406,14.9704,7.45645,7.39974,8.90048,8.78131
0.704567,-2.73888,4.2972,0.974637,-0.13871,0.174238,0.152391,0.928684,-0.0571575,-0.163887,0.0788307,0.983043,11.0728,7.26521,7.22315,7.05656,8.49454,8.75004
0.0793919,-1.71751,2.74485,0.976841,-0.0707663,-0.2028,0.0665816,0.939628,-0.0148981,0.203344,-0.000110843,0.979107,13.5034,11.0338,8.76955,8.95795,8.78949,8.63825
0.699626,-1.40709,2.72613,0.972338,0.0577729,0.223445,-0.072008,0.940254,0.00958982,-0.222202,-0.0222452,0.974669,13.5997,10.5788,9.22008,8.95356,8.41903,8.54415
0.24763,-0.889591,3.28417,0.994096,-0.0880143,-0.0655804,0.0915689,0.934712,0.0797224,0.0582041,-0.0804752,0.994658,12.5896,7.98527,9.06507,9.2096,7.78259,7.76605
0.129832,-2.18,3.02928,0.986678,0.0527756,-0.150014,-0.0687621,0.939938,-0.0338947,0.147439,0.0405021,0.988103,17.4662,14.9185,8.29961,8.35876,8.96468,8.75565
0.0662929,-2.31546,2.86466,0.978866,0.0667334,-0.189159,-0.0869859,0.938455,-0.0411991,0.185079,0.0525246,0.981082,17.7091,15.9984,8.30013,8.37016,9.18842,8.92306
0.239523,-2.76796,3.77996,0.995917,0.0685177,-0.0424051,-0.0835222,0.934952,-0.0979693,0.034245,0.0952908,0.994286,19.3564,15.7712,7.44354,7.41871,8.97066,8.80814
-0.0171611,-1.26435,4.32756,0.970297,-0.111686,-0.214592,0.115519,0.935185,0.00534639,0.212555,-0.0294081,0.976689,17.3431,9.44431,8.16791,8.42204,7.53005,7.31427
0.659792,-1.63962,2.88588,0.978085,0.039952,0.202315,-0.0485455,0.941442,-0.00812965,-0.202469,-0.00018899,0.979287,13.5358,10.5803,8.93507,8.71442,8.4838,8.61724
-0.121592,-1.78786,4.36303,0.952363,-0.110614,-0.284182,0.101663,0.935689,-0.0462604,0.287523,0.01263,0.957654,19.1422,11.3735,7.70938,8.0136,7.96633,7.68346
0.0963752,-1.87052,2.50408,0.97896,0.0531483,-0.193987,-0.0640338,0.940752,0.00248958,0.193746,0.00837128,0.981001,16.1931,14.3932,8.84675,8.93087,9.07856,8.85756
-0.134741,-1.35779,2.93724,0.936724,-0.10384,-0.334399,0.107387,0.936084,-0.00709462,0.333192,-0.0295399,0.942405,13.9061,10.2924,8.82244,9.17431,8.43285,8.205
-0.043092,-1.47285,2.70572,0.953761,-0.102119,-0.28286,0.10346,0.936492,-0.00851761,0.282198,-0.0215453,0.959123,13.0274,10.224,8.91061,9.20221,8.64484,8.46162
0.742252,-1.86348,4.32446,0.970079,-0.0990355,0.221963,0.0977667,0.937022,0.0137696,-0.222233,0.00956346,0.974958,12.0821,6.98223,7.92792,7.70705,7.78403,8.02539
0.822492,-0.986944,4.31322,0.965943,0.099714,0.23301,-0.119863,0.936121,0.0175648,-0.229317,-0.0405556,0.972316,19.7773,10.5732,8.68686,8.375,7.08317,7.30002
0.328591,-0.81907,3.7798,0.996819,-0.0807899,-0.0121134,0.0795153,0.935349,0.0851255,0.00532586,-0.0806552,0.996297,13.6443,7.7388,8.88358,8.971,7.39826,7.42087
0.410801,-2.16206,3.46915,0.998507,-0.0493989,0.0302973,0.0467564,0.940011,-0.0438248,-0.0282431,0.0429977,0.99858,13.8811,10.5309,8.09453,8.08126,8.57534,8.62945
0.471784,-2.5255,3.51955,0.994532,-0.0867263,0.0605294,0.0895789,0.935166,-0.0755529,-0.0536826,0.0765075,0.995303,12.5127,9.79965,7.79665,7.77304,8.78274,8.90844
0.666192,-1.12034,2.83022,0.979938,0.0645553,0.184526,-0.0845916,0.938585,0.0429202,-0.180461,-0.0529104,0.98189,14.3424,10.5655,9.35655,9.09183,8.16901,8.25574
0.144114,-2.40995,2.50163,0.988196,0.0577149,-0.137177,-0.0776018,0.937957,-0.0644258,0.132084,0.0693915,0.988449,15.9018,15.4781,8.51872,8.53203,9.45933,9.2252
0.686487,-1.9451,2.73314,0.969761,-0.0891975,0.227661,0.0904305,0.93781,-0.000504396,-0.226684,0.021591,0.97374,9.31251,7.53978,8.78251,8.62496,8.76346,8.99502
0.0206701,-2.02167,3.27937,0.971825,0.0627594,-0.223963,-0.0763975,0.940005,-0.0044779,0.222977,0.0189919,0.974587,19.3771,15.4489,8.21223,8.34328,8.73163,8.46695
-0.0271534,-2.20427,2.631,0.960749,0.0776808,-0.26268,-0.0968259,0.93835,-0.0161053,0.259975,0.0370685,0.964748,17.934,16.6147,8.50473,8.60988,9.28215,8.95712
0.214992,-2.10795,2.73605,0.994386,0.0282028,-0.0991626,-0.0407333,0.941104,-0.0368227,0.0976539,0.0379075,0.99439,15.4112,13.6218,8.57282,8.59286,9.06471,8.91442
0.124381,-1.3959,2.59127,0.98261,-0.0772538,-0.169831,0.079924,0.938504,0.0218995,0.167603,-0.0339298,0.98523,12.4621,9.85057,9.09164,9.27941,8.63901,8.53595
0.75232,-0.969676,2.9728,0.968731,0.0859252,0.22798,-0.110702,0.936296,0.0440109,-0.222047,-0.0622536,0.972671,15.0314,10.5684,9.41184,9.08414,7.94444,8.05846
0.673618,-2.41287,4.22037,0.978322,-0.114659,0.172298,0.122798,0.933704,-0.0359361,-0.166753,0.0544027,0.984389,11.8742,7.64217,7.51944,7.35746,8.28435,8.50638
0.414593,-2.15652,4.44923,0.998521,-0.0503832,0.0281808,0.0475296,0.940227,-0.0371841,-0.0264005,0.0366655,0.998911,17.1942,10.5107,7.53282,7.50848,8.05835,8.10329
0.478462,-2.38136,4.12918,0.995098,-0.0783653,0.0630082,0.0797318,0.93729,-0.0551389,-0.0585085,0.0570634,0.996489,14.4809,9.7646,7.54575,7.49681,8.36526,8.46855
0.086973,-1.19587,3.76364,0.981415,-0.0956364,-0.166963,0.100734,0.936427,0.0286971,0.16333,-0.0432209,0.985546,14.9875,9.15683,8.5366,8.74301,7.76227,7.6232
0.643027,-2.16765,2.55222,0.976296,-0.091437,0.196721,0.0977246,0.93672,-0.0285307,-0.193124,0.0458725,0.980044,9.22019,7.9817,8.72783,8.61162,9.036,9.26144
0.575914,-1.68994,3.70665,0.990778,0.0176402,0.133051,-0.0251624,0.94212,-0.00507322,-0.133137,0.00270078,0.991096,15.6283,10.5481,8.36993,8.21947,8.04233,8.15208
0.302648,-1.38213,4.09728,0.998517,-0.042817,-0.0385495,0.0395199,0.940922,0.0274088,0.0374511,-0.0272264,0.998881,16.7267,9.89117,8.29586,8.34895,7.66487,7.63458
0.826927,-2.41473,3.30929,0.947565,-0.128822,0.291852,0.1416,0.931675,-0.0183075,-0.286479,0.057407,0.956288,8.14579,6.13929,8.07809,7.87893,8.70317,9.04795
0.0802023,-1.70426,3.3256,0.979351,-0.0708056,-0.190299,0.0668832,0.939625,-0.0135891,0.190782,-0.000470009,0.981632,15.0044,11.0098,8.41728,8.60202,8.42168,8.26211
0.724,-1.50833,2.92608,0.968432,0.0585955,0.239569,-0.0698895,0.940413,-0.00435054,-0.239281,-0.00999328,0.97087,13.9067,10.5829,9.0277,8.75649,8.34757,8.49825
0.462972,-2.66926,3.36185,0.994202,-0.0956626,0.051154,0.0990465,0.932842,-0.0931378,-0.0418695,0.0925445,0.994338,11.9651,9.86963,7.78528,7.7816,8.96912,9.10922
0.451891,-1.52602,3.78902,0.998678,0.000860691,0.0508019,-0.00869616,0.942174,0.0158112,-0.0506689,-0.0147173,0.998584,16.2039,10.5407,8.41028,8.33511,7.91327,7.94423
0.210926,-1.82881,3.95834,0.995185,0.01422,-0.0955003,-0.0228369,0.942147,-0.00690234,0.0953208,0.00814265,0.995405,19.1061,12.7097,8.00484,8.07113,8.12906,8.00932
0.50245,-0.905804,2.51404,0.995912,0.0502815,0.0672501,-0.0661841,0.936921,0.0888769,-0.061476,-0.0869496,0.99377,13.8935,10.5433,9.66239,9.46981,8.30983,8.28473
0.557277,-2.31161,3.19173,0.988588,-0.0861811,0.124656,0.0913335,0.936556,-0.0494708,-0.119797,0.0578418,0.990966,11.1167,8.89813,8.18667,8.10832,8.78269,8.95126
0.80746,-2.04524,3.66992,0.95274,-0.11839,0.279486,0.120586,0.934533,0.0117752,-0.278829,0.0232568,0.960078,9.29095,6.23953,8.14912,7.9225,8.24468,8.54613
0.145898,-2.51421,4.35424,0.991495,0.0684206,-0.102984,-0.0857351,0.937817,-0.0568674,0.0979128,0.0610456,0.993056,23.1577,15.9159,7.23929,7.30911,8.50205,8.32132
0.780616,-0.874309,3.0813,0.965626,0.0948666,0.236724,-0.121974,0.934957,0.0478936,-0.229541,-0.0690352,0.970396,15.5231,10.5673,9.42973,9.08079,7.79801,7.91926
0.423543,-1.94729,4.08113,0.998838,-0.0364487,0.0362885,0.0324829,0.941343,-0.020972,-0.0355964,0.0213274,0.999121,16.1356,10.4493,7.90732,7.87101,8.08009,8.12169
0.232302,-2.15723,3.80711,0.996472,0.0280027,-0.0754789,-0.0396267,0.941112,-0.0375814,0.0739868,0.037861,0.996439,18.7465,13.62,7.85695,7.88704,8.46571,8.34283
0.835103,-2.25949,4.14248,0.952284,-0.13317,0.27386,0.139576,0.932122,0.00185252,-0.271428,0.0363783,0.961768,9.59592,5.94604,7.7192,7.4726,8.1559,8.47155
0.570277,-1.40569,3.96061,0.992291,0.0318105,0.117067,-0.0431384,0.941514,0.018654,-0.116179,-0.0211921,0.992949,17.1417,10.55,8.44836,8.29352,7.68457,7.77742
0.736083,-1.98013,4.0926,0.969221,-0.102983,0.223806,0.104106,0.93645,0.00497492,-0.223098,0.0191189,0.974621,11.3499,7.02691,7.95363,7.74473,7.99419,8.23906
0.668423,-2.56226,3.05006,0.974601,-0.117543,0.190349,0.131637,0.93143,-0.0607282,-0.181174,0.080812,0.979836,9.20289,7.66982,8.10714,7.99909,8.99475,9.26344
0.814836,-2.36012,4.29329,0.957625,-0.135798,0.253083,0.144255,0.931426,-0.00828328,-0.249288,0.0437536,0.967409,10.0646,6.13283,7.55317,7.31381,8.1686,8.47106
0.727516,-2.23282,3.08738,0.964449,-0.110185,0.240169,0.11835,0.934679,-0.0194977,-0.236285,0.0462955,0.970535,9.03462,7.07617,8.34197,8.18011,8.72971,9.00507
0.0230534,-2.17932,4.27117,0.978227,0.0721549,-0.190013,-0.0878872,0.93909,-0.0149533,0.188008,0.02852,0.981668,24.1467,16.0375,7.49996,7.65398,8.30778,8.06185
-0.0743423,-2.75034,3.70138,0.96475,0.114161,-0.229965,-0.143774,0.932057,-0.0533034,0.220425,0.0783948,0.971738,22.8218,19.131,7.39973,7.52804,9.09614,8.74294
0.498367,-1.82557,2.92427,0.994745,-0.0438121,0.0944269,0.0405049,0.941194,-0.00804596,-0.094028,0.0120081,0.995499,12.1043,9.62083,8.71782,8.63708,8.63665,8.72538
0.349795,-2.4779,4.15335,0.99922,0.0300305,0.00703578,-0.0382661,0.939483,-0.0702331,-0.00974214,0.0661807,0.997506,19.136,13.5487,7.45731,7.40283,8.50871,8.44832
0.523843,-1.64711,3.79576,0.995051,0.00872456,0.0980381,-0.0164517,0.942246,0.0018531,-0.0979946,-0.00236863,0.995181,15.9934,10.5468,8.33479,8.21797,7.9756,8.0551
-0.123524,-1.39992,4.1843,0.950265,-0.126019,-0.284362,0.126063,0.933689,-0.021756,0.284789,-0.0159396,0.95847,17.2378,9.93374,8.10197,8.41971,7.73704,7.46974
-0.084435,-1.90945,3.3027,0.950846,0.0798988,-0.295832,-0.0887515,0.938892,0.0228,0.296674,0.00259079,0.954968,20.6996,16.1897,8.24562,8.42557,8.6697,8.34157
0.78424,-2.26248,3.98091,0.960233,-0.125047,0.249123,0.132192,0.933094,-0.00796884,-0.245924,0.0400976,0.968439,9.93288,6.4609,7.79615,7.57959,8.25216,8.54143
0.566463,-1.05453,2.85492,0.991473,0.0512747,0.114984,-0.0687456,0.938701,0.0617762,-0.110704,-0.0641901,0.991445,14.473,10.5519,9.35927,9.15411,8.14201,8.17596
0.290707,-1.1685,4.14827,0.997477,-0.0605097,-0.0420078,0.0591168,0.93928,0.0450797,0.0393115,-0.0447251,0.9981,16.191,9.08473,8.4271,8.50105,7.4678,7.4393
-0.0491063,-2.27194,4.18416,0.967761,0.0898981,-0.230192,-0.107695,0.937433,-0.0112582,0.227687,0.032363,0.97308,24.8262,17.1524,7.45641,7.63702,8.45155,8.15656
0.26564,-2.05717,3.03593,0.997699,0.0159865,-0.0634234,-0.026119,0.941581,-0.0334648,0.0625644,0.0328525,0.997425,15.5746,12.9043,8.42373,8.42917,8.82424,8.71767
0.669276,-1.41769,4.3827,0.984284,0.050848,0.165796,-0.0626665,0.940812,0.00603133,-0.1651,-0.0140553,0.986142,18.9205,10.5633,8.24955,8.04167,7.4257,7.58417
0.818755,-2.19541,2.89646,0.944992,-0.113304,0.30669,0.120904,0.934547,-0.0044648,-0.303929,0.0411495,0.951799,7.99989,6.34215,8.50628,8.30842,8.78882,9.12338
0.193226,-2.51054,3.3394,0.993698,0.0574369,-0.089164,-0.074501,0.937627,-0.0725988,0.0837489,0.0739265,0.993368,17.9967,15.327,7.89202,7.9004,9.01804,8.83326
-0.0960273,-2.1142,4.11059,0.957813,0.0919176,-0.267791,-0.105752,0.937642,0.00909598,0.267227,0.0169499,0.963434,24.9554,17.0874,7.60432,7.8114,8.37906,8.05697
-0.0976415,-2.02407,3.10718,0.947219,0.0858505,-0.305302,-0.0978139,0.938285,0.015331,0.305302,0.0126765,0.952132,20.2207,16.742,8.28553,8.45094,8.87799,8.53142
0.517156,-1.36603,3.51259,0.995469,0.0239356,0.0894227,-0.03504,0.941534,0.0288025,-0.0883993,-0.0291436,0.995577,15.6756,10.5457,8.71374,8.58255,7.94126,7.99346
0.517703,-2.76597,2.68582,0.990193,-0.109027,0.0876345,0.118022,0.929333,-0.107937,-0.0747622,0.111188,0.990288,9.88208,9.25915,8.17638,8.17296,9.38156,9.59422
0.0939224,-2.11657,3.90702,0.985077,0.0541178,-0.159624,-0.0685119,0.940298,-0.020624,0.157888,0.0286489,0.986962,21.118,15.0173,7.78092,7.8904,8.4239,8.21588
-0.0758458,-0.961841,3.28627,0.953629,-0.132678,-0.269476,0.146809,0.930734,0.0275915,0.262753,-0.0635664,0.962612,12.9552,8.2803,8.90775,9.24725,7.8926,7.71233
0.580898,-0.897552,3.98962,0.992257,0.0629983,0.0999204,-0.080265,0.937915,0.062618,-0.094782,-0.0652362,0.993023,18.412,10.5369,8.84565,8.65947,7.28951,7.35552
0.0783242,-2.23253,3.13528,0.981006,0.0611617,-0.180196,-0.0789801,0.939324,-0.0329006,0.177173,0.0428954,0.98308,18.3797,15.5751,8.17752,8.26048,8.95834,8.71511
0.743376,-1.94116,4.30515,0.969617,-0.103006,0.222073,0.103232,0.936518,0.0087736,-0.221778,0.0152847,0.974991,11.8734,6.9582,7.8742,7.65544,7.85412,8.09873
0.409283,-1.81234,4.01877,0.999467,-0.0233269,0.0273651,0.0180452,0.941948,-0.0096496,-0.0271878,0.00997617,0.999579,16.4552,10.6336,8.04781,8.01365,8.01805,8.04203
-0.0567282,-1.58018,3.97785,0.96081,-0.105235,-0.256594,0.102545,0.936377,-0.0225741,0.257543,-0.00581672,0.966256,16.9183,10.5831,8.09075,8.3644,7.98029,7.74509
0.366658,-2.41143,2.67167,0.998353,-0.0606206,-0.00102403,0.0570968,0.937416,-0.0785768,0.00552592,0.0740703,0.996908,12,10.9443,8.41686,8.45785,9.22323,9.28736
-0.0768605,-1.58714,2.82314,0.946798,-0.104374,-0.304537,0.10145,0.936447,-0.0244615,0.30542,-0.00906824,0.952186,13.5762,10.6602,8.75055,9.05414,8.66061,8.45303
0.0692769,-1.49647,2.78999,0.975219,-0.0828753,-0.205848,0.0838299,0.938388,0.00465108,0.204744,-0.0216438,0.978573,13.1478,10.2294,8.88175,9.09487,8.59408,8.45343
0.143431,-1.84111,3.67311,0.989121,0.0288365,-0.142231,-0.0383744,0.94182,-0.00301613,0.142012,0.00726015,0.989829,18.9453,13.4658,8.13935,8.23631,8.32149,8.15342
0.133883,-0.957539,4.12414,0.987051,-0.101772,-0.12456,0.108103,0.934811,0.0510072,0.118512,-0.0606667,0.9909,15.3671,8.2899,8.54857,8.73236,7.35569,7.24341
0.65243,-1.25621,2.71458,0.980575,0.0555787,0.184781,-0.0728097,0.939786,0.0314458,-0.18213,-0.0402921,0.982276,13.8142,10.5693,9.32283,9.0754,8.34183,8.43196
0.797497,-2.4666,4.39952,0.961668,-0.138872,0.235358,0.149198,0.930569,-0.0185293,-0.230076,0.0516311,0.971732,10.4139,6.30025,7.40706,7.17569,8.20925,8.50179
0.827957,-2.74512,3.90162,0.95373,-0.15277,0.257314,0.171305,0.926437,-0.0399309,-0.247092,0.0792824,0.965503,8.56438,5.9656,7.4645,7.2595,8.64404,8.98963
0.442769,-1.54419,2.80261,0.998661,0.000439094,0.0511857,-0.00837118,0.942139,0.0180987,-0.051041,-0.0168546,0.998525,13.445,10.5841,8.98667,8.90758,8.54204,8.55968
0.156069,-2.07827,3.27234,0.989965,0.0371969,-0.133465,-0.0504219,0.941058,-0.0266696,0.132009,0.030591,0.990695,17.6555,14.1389,8.22023,8.28464,8.73365,8.55566
0.791578,-1.54301,2.53568,0.951725,0.0709815,0.295823,-0.0802347,0.939603,-0.0178135,-0.296282,-0.00420511,0.955077,12.9928,10.5918,9.27579,8.95252,8.61049,8.77422
0.40497,-2.04039,2.87232,0.998974,-0.0390287,0.0293967,0.0354499,0.940873,-0.0344432,-0.0281744,0.0338329,0.998974,12.7138,10.608,8.56763,8.55266,8.84726,8.89144
0.660645,-1.38194,3.22987,0.980631,0.0513693,0.186017,-0.0652541,0.940584,0.015069,-0.184675,-0.023905,0.982431,14.8987,10.5699,8.91451,8.68447,8.0833,8.20446
-0.00387546,-1.01834,3.91207,0.96999,-0.120422,-0.210921,0.130029,0.933001,0.0295967,0.205457,-0.0540083,0.977055,14.9266,8.51664,8.56443,8.83379,7.55663,7.37373
0.124592,-2.53378,3.06991,0.987563,0.0693478,-0.135029,-0.0906224,0.936629,-0.0702821,0.128478,0.076326,0.988346,17.8939,16.1524,8.03506,8.06516,9.21321,8.9729
-0.0660081,-2.56832,3.98537,0.966049,0.105594,-0.229385,-0.130142,0.934534,-0.0345676,0.223186,0.0583624,0.972722,24.1244,18.3968,7.35041,7.50832,8.79872,8.47513
0.0910619,-1.44807,3.57535,0.981441,-0.0813283,-0.174554,0.0822123,0.9385,0.00890378,0.173249,-0.0226569,0.984607,15.1294,10.0808,8.45696,8.6481,8.07012,7.92498
0.208725,-2.13247,2.55417,0.993731,0.0310472,-0.104428,-0.0442834,0.940878,-0.0397612,0.102655,0.0411546,0.993737,15.0535,13.7845,8.67929,8.69548,9.20031,9.03998
0.549819,-2.30041,4.33416,0.991109,-0.0861638,0.102746,0.0891111,0.937136,-0.0407351,-0.0988083,0.0475629,0.993873,14.297,9.0064,7.51572,7.41689,8.18106,8.31917
0.406026,-1.63738,2.9733,0.999611,-0.0134561,0.0269294,0.00707128,0.942164,0.00852829,-0.02699,-0.00743144,0.999601,13.6642,10.5802,8.79785,8.75356,8.50651,8.51514
0.739157,-0.908373,4.34328,0.978197,0.0892338,0.181189,-0.109979,0.936621,0.0373895,-0.176168,-0.0518387,0.982737,20.0472,10.5591,8.7092,8.44432,7.03317,7.20349
0.686439,-2.35377,2.85651,0.970686,-0.108443,0.214539,0.119337,0.93402,-0.03887,-0.208631,0.0612895,0.975942,8.97551,7.50258,8.39282,8.26571,8.95893,9.22439
-0.0927294,-2.16948,3.09243,0.949871,0.0897389,-0.29555,-0.106342,0.937624,0.00123601,0.294,0.0268051,0.955326,20.2216,17.2127,8.19599,8.34646,8.99412,8.64238
0.0443429,-2.57919,4.19085,0.981997,0.0889633,-0.159424,-0.110801,0.935913,-0.0517183,0.152987,0.0637325,0.985855,23.7549,17.2469,7.25301,7.36788,8.66788,8.41782
0.778391,-2.35556,3.9207,0.961009,-0.128097,0.244431,0.137444,0.932284,-0.0165254,-0.239941,0.0484376,0.969526,9.75201,6.51227,7.75448,7.54767,8.35459,8.6466
0.258735,-1.34737,3.47059,0.996313,-0.0544945,-0.0690999,0.0532173,0.940079,0.0328658,0.0672934,-0.034519,0.997068,14.51,9.71634,8.64706,8.73732,8.01474,7.96862
0.593549,-1.61529,3.51499,0.988725,0.0261372,0.145687,-0.0350016,0.94192,9.92848e-05,-0.145594,-0.0036966,0.989331,15.218,10.5643,8.54501,8.37705,8.09469,8.20602
-0.14786,-0.999249,3.61827,0.941874,-0.137513,-0.305739,0.149192,0.9307,0.00919381,0.301024,-0.0528907,0.952071,14.2292,8.58837,8.68697,9.05404,7.73458,7.50186
0.588871,-1.13338,4.43414,0.992228,0.0502773,0.10886,-0.0645195,0.940126,0.0359699,-0.106395,-0.0393044,0.993406,19.81,10.5409,8.4309,8.26536,7.20359,7.30266
0.249574,-2.2797,3.26694,0.997059,0.0317336,-0.0649629,-0.0442156,0.940238,-0.0541722,0.0626009,0.053432,0.996416,16.7636,13.8495,8.11607,8.11458,8.86194,8.73143
-0.115229,-0.90984,4.37632,0.955557,-0.146941,-0.254265,0.157823,0.929331,0.0137481,0.249003,-0.0515949,0.967037,16.2017,8.10574,8.39753,8.72197,7.23792,6.98237
0.725854,-1.24956,3.53028,0.973479,0.0697937,0.214026,-0.0863615,0.939188,0.0166495,-0.211851,-0.0310544,0.976686,16.0956,10.5716,8.86192,8.59088,7.77888,7.93064
0.711233,-2.73002,3.76718,0.971561,-0.136399,0.192411,0.152381,0.928414,-0.0619186,-0.181245,0.0857449,0.979359,9.77495,7.19099,7.53745,7.39172,8.72902,9.01093
0.539086,-2.15206,4.46245,0.992607,-0.0746563,0.0974818,0.0755007,0.938664,-0.0293841,-0.0950364,0.035287,0.994803,15.2604,9.15276,7.56479,7.46478,8.0072,8.12924
0.711799,-2.2906,3.29298,0.968411,-0.111351,0.22306,0.12023,0.93431,-0.0260809,-0.218458,0.0507461,0.974456,9.48821,7.23223,8.16696,8.00939,8.6587,8.92308
0.0657828,-0.820054,3.17751,0.977027,-0.11771,-0.177434,0.131718,0.931049,0.0673237,0.167535,-0.0848655,0.981827,12.2056,7.76162,9.10951,9.37848,7.83579,7.73227
0.107778,-1.28943,3.25311,0.982324,-0.0863879,-0.166896,0.0904187,0.937484,0.0265315,0.163905,-0.0396162,0.985617,13.7661,9.48043,8.75801,8.95505,8.13735,8.01796
-0.0945124,-2.55108,4.38216,0.964128,0.11179,-0.233928,-0.13475,0.934276,-0.0241786,0.228693,0.0503981,0.971953,26.8924,18.6701,7.1158,7.31105,8.59766,8.27503
0.319893,-2.58097,3.99373,0.998627,0.0424967,-0.00551143,-0.0523595,0.938196,-0.0810314,0.00126528,0.0767553,0.996696,19.0096,14.2346,7.4687,7.42003,8.68328,8.59298
0.489743,-1.57798,3.84014,0.997114,0.00533453,0.0748655,-0.0133618,0.94223,0.00950243,-0.0747356,-0.00913469,0.997148,16.276,10.5403,8.35276,8.25581,7.90961,7.96603
-0.0962671,-1.20228,4.03934,0.954738,-0.128588,-0.267671,0.134088,0.932871,-0.00198639,0.265511,-0.0335464,0.963508,16.0272,9.19696,8.33449,8.64655,7.64937,7.4081
0.255237,-2.19405,4.10171,0.997709,0.0266224,-0.0577513,-0.0376122,0.941066,-0.0404423,0.0562378,0.0399399,0.997512,19.7504,13.5254,7.66336,7.68395,8.33103,8.22621
0.0660113,-1.58716,4.3723,0.981952,-0.0789673,-0.172793,0.0768942,0.938947,-0.00671086,0.172793,-0.00720822,0.984935,18.5457,10.6384,7.91824,8.10876,7.74995,7.56996
0.737019,-2.6348,2.89372,0.963544,-0.125084,0.235985,0.143756,0.929846,-0.0592244,-0.225649,0.0874598,0.96995,8.24302,7.04439,8.16626,8.03946,9.10981,9.43387
0.20366,-1.26401,2.77532,0.991578,-0.0704432,-0.110343,0.0728257,0.938454,0.0421869,0.107091,-0.0474515,0.992998,12.5184,9.36591,9.09252,9.23712,8.40467,8.34723
0.289456,-1.45432,2.51991,0.997728,-0.0417638,-0.0560885,0.0390024,0.940903,0.0289816,0.0549403,-0.0294259,0.998005,12.4313,10.079,9.16485,9.23283,8.6999,8.67425
0.434332,-1.39034,3.68786,0.999219,0.00592327,0.0372112,-0.0143666,0.941859,0.0295546,-0.0367991,-0.0278439,0.99887,16.1438,10.5333,8.56862,8.49605,7.88,7.89018
-0.0989469,-1.05797,3.50376,0.949984,-0.134278,-0.281233,0.145027,0.931281,0.0121912,0.276583,-0.0509322,0.959562,13.8084,8.61676,8.71602,9.05483,7.83742,7.6306
0.812286,-2.66105,4.04448,0.957567,-0.144068,0.24834,0.159867,0.928487,-0.0354083,-0.239809,0.0711738,0.968026,9.26274,6.22658,7.44999,7.23605,8.51951,8.84336
0.427024,-2.2613,3.1655,0.997576,-0.0596185,0.0408832,0.0585192,0.938819,-0.0550894,-0.037649,0.0545291,0.997644,12.7017,10.3275,8.21378,8.20192,8.81089,8.88923
0.492146,-1.2391,3.13117,0.996735,0.0271036,0.072421,-0.0390958,0.940824,0.045825,-0.0706529,-0.0449975,0.996321,14.8115,10.5436,9.02835,8.89647,8.10431,8.12486
0.759514,-2.78365,4.16901,0.966848,-0.147332,0.206905,0.163908,0.927064,-0.0534629,-0.195806,0.0821902,0.976899,9.96121,6.6939,7.27137,7.08445,8.57071,8.86634
-0.100593,-1.13362,4.37039,0.957384,-0.132741,-0.255791,0.138888,0.932219,0.00060597,0.253231,-0.0354541,0.966732,17.1094,8.97281,8.22728,8.53488,7.42027,7.16373
-0.0737689,-1.05789,4.02766,0.959294,-0.13088,-0.249592,0.139846,0.932004,0.0133671,0.245351,-0.046352,0.968259,15.4802,8.66311,8.457,8.76259,7.53642,7.31236
-0.114242,-1.13468,3.29876,0.94452,-0.131311,-0.300464,0.140519,0.931983,0.00454639,0.296876,-0.0455524,0.953782,13.5502,8.93537,8.76799,9.11744,8.02106,7.81371
0.0782172,-1.95392,2.91867,0.977681,0.0656571,-0.195646,-0.0784407,0.939878,-0.00183837,0.194902,0.0151096,0.980673,17.855,15.0115,8.50812,8.60099,8.87921,8.64594
0.439092,-1.54668,3.00104,0.998845,-0.000951818,0.0476775,-0.00679003,0.942154,0.0172426,-0.0475666,-0.0159762,0.998714,13.907,10.5755,8.85856,8.78448,8.41597,8.43392
0.0802911,-1.6228,2.56194,0.976136,-0.0748176,-0.204693,0.0729245,0.939261,-0.00559581,0.20455,-0.010027,0.97881,12.9024,10.6847,8.94887,9.1461,8.83517,8.69469
0.515935,-1.57779,3.12288,0.994844,0.0122136,0.0994442,-0.0210133,0.94215,0.0102432,-0.0992133,-0.0106744,0.99499,14.1629,10.5611,8.78447,8.66147,8.33474,8.39719
0.49509,-2.569,4.14363,0.993378,-0.0945124,0.0669361,0.0980446,0.934725,-0.0702431,-0.0598885,0.0725709,0.995282,13.8842,9.55237,7.39254,7.34295,8.49587,8.62191
0.419784,-1.85449,3.72696,0.999093,-0.0286442,0.0355694,0.0239142,0.941751,-0.0134436,-0.0352411,0.0139337,0.999277,15.2021,10.5028,8.18385,8.14564,8.20717,8.24142
0.10285,-2.73013,3.59111,0.986922,0.0861849,-0.127679,-0.109369,0.934126,-0.081944,0.118418,0.0888224,0.988425,20.2048,17.1192,7.54491,7.58915,9.08172,8.8312
0.691682,-1.64594,2.87105,0.97287,0.0465502,0.224438,-0.0546942,0.941137,-0.0126862,-0.224796,0.00178166,0.974406,13.5075,10.5843,8.95075,8.70851,8.48801,8.63547
0.212307,-1.81375,3.04203,0.994134,0.0133098,-0.106081,-0.0218276,0.942169,-0.00566958,0.105934,0.00703765,0.994341,15.8629,12.6289,8.56914,8.6232,8.65528,8.5293
0.0530753,-1.32437,3.51029,0.975922,-0.0948163,-0.196944,0.0986119,0.936921,0.0149974,0.194555,-0.0331334,0.9803,14.6022,9.62166,8.56943,8.79423,8.0194,7.86323
-0.0398274,-2.46536,3.90504,0.968817,0.0959185,-0.222698,-0.118368,0.935963,-0.0308312,0.217676,0.0517876,0.9744,23.3057,17.735,7.48313,7.63284,8.74849,8.44224
0.503883,-1.06634,2.6265,0.99585,0.0401728,0.0763244,-0.0548479,0.939004,0.0685844,-0.0726293,-0.0675797,0.994721,13.8724,10.547,9.47221,9.30216,8.32965,8.32681
0.308526,-1.82974,3.8128,0.999367,-0.00687457,-0.0355706,-9.40596e-05,0.942207,-0.0110564,0.0355717,0.0104243,0.999306,17.0689,11.6478,8.11973,8.13056,8.17889,8.12361
-0.13667,-0.855229,3.40417,0.943613,-0.138881,-0.299657,0.155718,0.929414,0.0266585,0.292142,-0.0693626,0.953675,13.2029,8.08476,8.90559,9.28425,7.74985,7.54291
0.839788,-0.97093,3.24712,0.954501,0.100457,0.275882,-0.12489,0.935419,0.0250694,-0.270797,-0.0529945,0.960864,15.8522,10.5753,9.27825,8.90859,7.73202,7.89354
0.596049,-2.54247,4.40256,0.986659,-0.110089,0.120045,0.117165,0.933575,-0.0546254,-0.113031,0.0650248,0.991264,13.3183,8.46569,7.2953,7.17734,8.3253,8.50221
0.776656,-1.03013,4.32769,0.972483,0.0897523,0.209462,-0.108899,0.937163,0.0216589,-0.205958,-0.0397447,0.977577,19.7035,10.5684,8.62901,8.34568,7.12227,7.3187
0.0182328,-1.89864,2.82578,0.968141,0.0575082,-0.241035,-0.0682659,0.940498,0.00668895,0.240921,0.0080523,0.970493,17.712,15.0225,8.59066,8.71808,8.91964,8.65149
0.0161358,-2.23968,3.49438,0.973585,0.0738825,-0.211807,-0.0921142,0.938619,-0.022635,0.208921,0.038011,0.977049,20.5115,16.2918,7.92005,8.04352,8.77553,8.50167
0.719773,-1.24789,3.42939,0.973868,0.0686717,0.212698,-0.0854567,0.939228,0.0183128,-0.210426,-0.0323068,0.976946,15.78,10.5714,8.91915,8.64877,7.84317,7.98816
0.340464,-2.22669,2.67846,0.999738,0.0135749,-0.00807411,-0.021825,0.940636,-0.0570565,0.00683811,0.0541131,0.998338,14.0464,12.703,8.5775,8.5208,9.14958,9.07324
0.451852,-2.75262,4.1895,0.994296,-0.101236,0.0357146,0.103356,0.93266,-0.0901507,-0.0263173,0.0883561,0.995288,14.2241,9.9916,7.20921,7.1948,8.62825,8.74126
0.628478,-2.00486,3.80528,0.98295,-0.0824319,0.165238,0.0837004,0.938343,-0.0115519,-0.163715,0.0250508,0.986186,12.145,8.18494,8.06986,7.92343,8.19908,8.38051
0.124506,-0.918361,3.94208,0.985707,-0.105484,-0.131724,0.113133,0.934014,0.0556705,0.124826,-0.0663294,0.989722,14.6006,8.13463,8.66357,8.86118,7.43135,7.32189
0.362299,-2.67809,3.29342,0.996766,-0.0815394,-0.0112555,0.0780113,0.933938,-0.101877,0.0192682,0.0949737,0.994733,12.9249,10.9517,7.80005,7.85654,9.04678,9.12693
0.124167,-1.90524,4.40883,0.989403,0.0364492,-0.137836,-0.0469327,0.941518,-0.00617263,0.1374,0.0111868,0.990436,22.8195,13.9225,7.66992,7.78755,7.98158,7.80816
0.196655,-2.18849,3.2352,0.99366,0.03517,-0.103334,-0.0487827,0.940652,-0.0412728,0.101295,0.0429686,0.99379,17.1663,14.0815,8.1813,8.21504,8.82701,8.6679
0.130542,-1.91296,3.31848,0.986941,0.0350852,-0.154904,-0.0460224,0.941536,-0.00835558,0.154365,0.0137121,0.987894,17.9349,13.8563,8.29907,8.39009,8.58857,8.40377
0.706894,-2.57661,3.63307,0.971329,-0.126663,0.200541,0.140303,0.930821,-0.0499636,-0.191924,0.0737445,0.978411,9.78254,7.25355,7.73658,7.58844,8.68433,8.95677
0.00736857,-2.71077,2.82242,0.973074,0.0958375,-0.203325,-0.126014,0.932899,-0.0748937,0.192998,0.0917791,0.976243,18.4343,18.0649,8.05575,8.10343,9.53309,9.1886
0.404242,-2.40505,3.02851,0.997705,-0.0663448,0.0236692,0.0650079,0.937328,-0.0727052,-0.018944,0.0701686,0.997073,12.3702,10.5451,8.18927,8.20366,8.99494,9.07614
-0.00666667,-2.07021,4.17526,0.97307,0.0725577,-0.214716,-0.0864182,0.939307,-0.00252631,0.2137,0.0186311,0.976673,23.9202,15.9604,7.62844,7.80001,8.27897,8.01496
0.405231,-1.5811,2.60084,0.999649,-0.00902657,0.0263637,0.00218409,0.942138,0.0156876,-0.0264011,-0.0143044,0.999529,12.9292,10.5949,9.07777,9.02624,8.71226,8.71259
0.515418,-1.24712,3.44424,0.995628,0.0306827,0.0846454,-0.0430771,0.940899,0.0408359,-0.0828831,-0.0409567,0.995574,15.7073,10.5431,8.84515,8.70593,7.9004,7.94091
0.693323,-2.3462,2.51331,0.968094,-0.106469,0.226933,0.118241,0.934119,-0.0397277,-0.220939,0.0632166,0.9731,8.44281,7.46238,8.62778,8.5079,9.15633,9.43475
0.1027,-2.60348,4.25602,0.987958,0.0809104,-0.123801,-0.100921,0.936345,-0.0609456,0.117281,0.0679774,0.990434,23.316,16.703,7.21581,7.30033,8.63734,8.42321
0.354092,-1.38832,3.95317,0.999592,-0.0321652,-0.00884569,0.0273919,0.94134,0.0291128,0.00804836,-0.027458,0.999537,16.2084,9.91532,8.386,8.40667,7.73726,7.73895
0.432315,-0.825042,4.41733,0.998584,0.0423264,0.011661,-0.05262,0.938753,0.0737905,-0.0077834,-0.0697153,0.997206,20.3991,10.5029,8.64899,8.56183,7.03559,7.01928
0.388022,-2.56757,3.11082,0.997211,-0.0764173,0.00863879,0.0746079,0.935242,-0.0905872,-0.00186392,0.085982,0.995851,12.4242,10.6918,8.00923,8.04524,9.06256,9.15059
0.190623,-1.5269,4.17435,0.993157,-0.0560905,-0.104295,0.0538205,0.940507,0.00934276,0.103648,-0.0144723,0.994502,17.4891,10.4198,8.10721,8.22294,7.77071,7.66722
0.537175,-0.801939,4.01516,0.994935,0.0618442,0.0695518,-0.0777908,0.937243,0.0755249,-0.0636608,-0.07524,0.994715,18.7077,10.5266,8.89742,8.73209,7.22044,7.25473
0.770599,-2.59318,4.37018,0.965905,-0.140937,0.215903,0.153508,0.929552,-0.0332196,-0.208477,0.0630756,0.97585,10.5433,6.57263,7.31464,7.10328,8.32998,8.61312
0.396026,-1.36879,3.00967,0.999859,0.00215815,0.014002,-0.00979348,0.941641,0.0372463,-0.0136461,-0.0348863,0.999208,14.2493,10.5704,8.97348,8.9144,8.30421,8.2826
0.790822,-2.32757,4.25869,0.961437,-0.13018,0.241553,0.138079,0.932276,-0.010451,-0.237852,0.0426997,0.970331,10.386,6.3918,7.59338,7.36568,8.16582,8.45372
0.140051,-1.68674,4.09773,0.989132,-0.0576037,-0.13668,0.0537797,0.940526,-0.0066373,0.136839,-0.00139967,0.990593,17.6297,10.9986,8.00964,8.15079,7.95584,7.8186
0.781022,-2.29724,4.08064,0.96169,-0.126096,0.242862,0.133776,0.932857,-0.0108713,-0.239282,0.0422779,0.97,10.1639,6.50339,7.71269,7.49527,8.23049,8.51646
0.537326,-2.61584,2.67227,0.989064,-0.101417,0.107716,0.110474,0.932026,-0.0885401,-0.0977116,0.0946144,0.990231,9.885,9.06429,8.29874,8.2707,9.28799,9.49239
0.173399,-2.48975,3.93728,0.992905,0.0608846,-0.0949559,-0.0776735,0.938093,-0.0620856,0.0900411,0.0646853,0.993544,20.6185,15.4985,7.51643,7.55775,8.68231,8.50608
0.635025,-1.18055,2.76213,0.983472,0.0561677,0.16843,-0.0743797,0.939352,0.0412605,-0.165078,-0.0487122,0.98485,14.0522,10.5646,9.34361,9.10245,8.26528,8.34165
0.50583,-1.73123,3.93947,0.996215,0.000142188,0.0866388,-0.00671406,0.942278,-0.00467216,-0.086669,0.00465191,0.996229,16.3082,10.5554,8.18193,8.08172,7.96355,8.0392
-0.0870517,-2.33367,2.65156,0.949751,0.0927996,-0.294797,-0.115537,0.936562,-0.0178116,0.290902,0.0463504,0.955394,18.7264,17.7326,8.38827,8.49633,9.38481,9.01024
0.575343,-2.36731,4.27823,0.988747,-0.0949762,0.116442,0.0995974,0.935998,-0.0439908,-0.111619,0.0528901,0.992223,13.5848,8.71639,7.49921,7.38933,8.25162,8.41011
0.773165,-2.2874,2.58909,0.953002,-0.110971,0.281827,0.12215,0.934179,-0.0216031,-0.277248,0.0538977,0.959222,7.90989,6.74968,8.63098,8.47024,9.04751,9.36889
0.526512,-2.35488,2.53359,0.990512,-0.0826736,0.111133,0.0881125,0.936178,-0.0621342,-0.105462,0.0681554,0.991861,10.1575,9.21378,8.58372,8.53899,9.20955,9.37735
0.286427,-1.45531,3.68176,0.998002,-0.0412655,-0.0513606,0.0380135,0.941095,0.0227969,0.0504711,-0.0233662,0.99842,15.4742,10.1405,8.4612,8.52287,7.96606,7.92685
0.4047,-1.5438,4.08037,0.999769,-0.0105278,0.0211033,0.00389125,0.942143,0.0140955,-0.0211601,-0.0128177,0.999678,17.1962,10.5336,8.22079,8.18029,7.77644,7.78347
0.311843,-2.38205,4.31741,0.999112,0.0294457,-0.0177154,-0.0392096,0.940194,-0.0580732,0.0154512,0.0554683,0.998155,20.2744,13.612,7.41842,7.39758,8.3592,8.28474
0.780669,-0.884489,2.79063,0.963835,0.0935791,0.244519,-0.121687,0.934892,0.0499703,-0.237098,-0.0716208,0.968356,14.7286,10.5686,9.5955,9.23332,8.00699,8.11253
0.613801,-1.01112,4.12936,0.989829,0.0619234,0.122337,-0.0788599,0.938815,0.0470696,-0.118402,-0.0519693,0.991372,18.748,10.5444,8.69146,8.49674,7.2772,7.37467
0.525448,-0.922441,3.37947,0.995144,0.0524833,0.0759328,-0.0682418,0.937975,0.073614,-0.0709384,-0.0731996,0.994392,16.1693,10.536,9.13964,8.96664,7.7147,7.73106
0.0511756,-2.43601,2.78167,0.977186,0.0750096,-0.193976,-0.0983234,0.937044,-0.0522229,0.188253,0.0650555,0.979615,17.7103,16.596,8.27406,8.33409,9.33484,9.04589
0.102281,-2.24439,2.5185,0.982418,0.0560867,-0.174475,-0.0746281,0.939334,-0.0408056,0.171132,0.0491556,0.983816,16.2382,15.3414,8.59776,8.64781,9.33996,9.0952
0.258928,-1.713,4.0374,0.997548,-0.0289439,-0.0658379,0.0236493,0.941845,-0.00193952,0.0658654,0.000165687,0.997828,17.4715,11.1258,8.06485,8.1266,7.97808,7.90838
-0.0895346,-2.25413,3.31393,0.953425,0.093029,-0.282592,-0.111784,0.937077,-0.00627138,0.280154,0.0337881,0.95922,21.1084,17.4893,7.99319,8.14716,8.92634,8.57888
0.0696782,-2.27707,2.71346,0.978598,0.0638885,-0.191746,-0.0835795,0.938804,-0.0386628,0.188043,0.0497524,0.980683,17.1762,15.8198,8.43041,8.49718,9.2519,8.98762
0.754964,-0.997485,3.96496,0.973516,0.086986,0.206036,-0.107724,0.937039,0.0311959,-0.201646,-0.0479627,0.978047,18.2031,10.5655,8.83296,8.5471,7.3189,7.48538
0.828427,-1.44104,3.82316,0.956314,0.082179,0.276875,-0.0926519,0.938677,-0.0173599,-0.277271,-0.0064676,0.960749,16.7458,10.5886,8.58307,8.26362,7.70968,7.93189
0.618285,-1.72406,3.09915,0.984364,0.0268709,0.172564,-0.0338471,0.941882,-0.0116735,-0.172866,0.00670335,0.984929,13.8772,10.5756,8.72441,8.54002,8.42,8.54518
-0.040116,-1.34143,2.88591,0.956076,-0.107693,-0.272682,0.112612,0.935527,0.00298398,0.270625,-0.0331706,0.9621,13.1077,9.72456,8.88823,9.18507,8.43008,8.25178
0.731054,-1.75295,3.6555,0.97043,0.0500842,0.233837,-0.0551309,0.940851,-0.0267879,-0.235002,0.0141331,0.971907,15.4555,10.5863,8.40452,8.1529,8.07102,8.26247
0.584776,-1.48191,3.11635,0.988981,0.0314663,0.142458,-0.0427426,0.941594,0.0143239,-0.141737,-0.0179103,0.989697,14.3586,10.564,8.8829,8.70694,8.24994,8.33941
0.743066,-2.74969,4.4092,0.970219,-0.145654,0.191877,0.160154,0.927832,-0.0502237,-0.181729,0.076307,0.980133,10.794,6.84837,7.16174,6.96977,8.44433,8.71773
0.352578,-2.37561,3.92091,0.999532,0.0218555,0.00495129,-0.0298104,0.940156,-0.0629941,-0.00684052,0.0594792,0.998002,17.9469,13.1355,7.67229,7.61894,8.54333,8.4862
0.298949,-2.54937,4.04938,0.99843,0.043092,-0.0189255,-0.0540128,0.938492,-0.0760958,0.0148314,0.0726989,0.996921,19.4703,14.3359,7.44956,7.41759,8.63524,8.53607
0.393859,-1.10953,2.97042,0.999604,0.0197081,0.0035924,-0.0280803,0.940026,0.0662338,-0.00173493,-0.0622252,0.997798,14.633,10.5639,9.19404,9.11099,8.15893,8.10989
-0.137755,-1.60376,3.47569,0.938577,-0.119253,-0.323563,0.113666,0.934709,-0.0382096,0.32581,-0.00277829,0.945435,15.3419,10.6849,8.32741,8.66013,8.28804,8.0355
0.309644,-1.37908,3.95146,0.998683,-0.0417968,-0.0351513,0.0383895,0.940932,0.0289048,0.0340306,-0.028452,0.998964,16.1708,9.87155,8.37757,8.42758,7.7428,7.71841
0.157544,-2.24913,2.96533,0.989848,0.0480651,-0.129774,-0.0642732,0.939776,-0.0449618,0.126768,0.0492021,0.990524,16.9314,14.7831,8.30542,8.34445,9.04718,8.85045
0.266051,-2.55373,3.31044,0.99749,0.047324,-0.0417273,-0.0605464,0.937605,-0.0836831,0.0367167,0.0810357,0.995618,17.0552,14.6595,7.90806,7.87295,9.0462,8.90346
0.533846,-2.16807,2.96582,0.990827,-0.0727368,0.115413,0.0752478,0.938366,-0.0391202,-0.112247,0.0456885,0.992547,11.1717,9.17195,8.4367,8.36366,8.82519,8.96917
0.0811146,-0.932163,2.76963,0.977596,-0.108166,-0.180725,0.12098,0.932684,0.0628922,0.17225,-0.0794305,0.981521,11.662,8.16615,9.26787,9.52939,8.18317,8.0943
0.473752,-1.34306,4.04295,0.998079,0.0160561,0.0571222,-0.0257381,0.941712,0.02983,-0.0563619,-0.0288242,0.997921,17.5352,10.5298,8.42364,8.32879,7.62286,7.65758
0.0433692,-1.44448,3.20322,0.97295,-0.0905937,-0.213066,0.0923846,0.937619,0.00460739,0.211741,-0.0239279,0.977027,14.0601,10.0526,8.65737,8.8857,8.29976,8.14036
-0.0538332,-1.29304,3.07086,0.954758,-0.112901,-0.27505,0.118717,0.934814,0.00390788,0.272661,-0.0358451,0.961422,13.4232,9.54118,8.80689,9.11228,8.27863,8.0916
0.513182,-1.65256,3.33183,0.995171,0.00737614,0.0970439,-0.0150932,0.942256,0.00269105,-0.0969927,-0.00302154,0.995276,14.583,10.5655,8.59955,8.4854,8.25838,8.32771
0.0472324,-0.948406,4.02763,0.977604,-0.115904,-0.175517,0.125292,0.933186,0.0420447,0.169095,-0.0603251,0.983578,15.0452,8.26354,8.57578,8.81496,7.42468,7.26724
-0.0845652,-2.61729,3.96739,0.963364,0.110817,-0.237601,-0.136631,0.933717,-0.0356404,0.230787,0.0616586,0.970709,24.2862,18.7748,7.32027,7.48114,8.85383,8.51599
-0.142932,-1.86022,3.9587,0.944315,0.0919579,-0.312082,-0.0976006,0.937772,0.0369783,0.314234,-0.00604068,0.949335,24.5399,16.6701,7.87154,8.10379,8.27699,7.92632
0.239295,-2.49609,4.29975,0.996735,0.0507081,-0.0531347,-0.0641685,0.938782,-0.0642216,0.0490107,0.0634495,0.99652,21.4616,14.8256,7.31742,7.33191,8.48444,8.35922
0.684624,-2.06881,3.94797,0.976024,-0.0971981,0.195162,0.100076,0.936835,-0.00914185,-0.193293,0.0283238,0.980728,11.5915,7.5664,7.95027,7.77466,8.15266,8.37116
0.689311,-2.19229,3.98556,0.975416,-0.104546,0.194192,0.109709,0.9357,-0.0178956,-0.191124,0.0380212,0.9808,11.4126,7.50087,7.83107,7.65768,8.22521,8.45194
0.690891,-1.48236,4.16587,0.980506,0.0523882,0.186318,-0.0633879,0.940789,-0.000683715,-0.185986,-0.00903159,0.982489,17.8491,10.57,8.31705,8.09273,7.58758,7.75584
0.503345,-2.64868,3.74305,0.992293,-0.100822,0.0730654,0.105998,0.933033,-0.08219,-0.0641795,0.0848112,0.993935,12.457,9.44227,7.57054,7.53172,8.74615,8.8963
0.463435,-2.31865,4.41809,0.996199,-0.0715865,0.0531319,0.0715977,0.938266,-0.0482184,-0.0496055,0.0494167,0.997423,15.8879,9.94501,7.43121,7.38365,8.18377,8.26826
-0.0495288,-1.05612,3.63956,0.960674,-0.125239,-0.24738,0.135491,0.932478,0.0211096,0.242381,-0.0520514,0.968689,14.2248,8.64975,8.66152,8.96512,7.75162,7.55725
0.340864,-2.55791,4.4417,0.998873,0.0378689,0.00527242,-0.0466558,0.938964,-0.0737001,-0.00872888,0.0694361,0.997267,20.7901,13.9574,7.22623,7.17854,8.43793,8.37468
0.728905,-1.62891,2.98627,0.967067,0.0550632,0.246048,-0.063063,0.940677,-0.0162986,-0.246588,0.00209233,0.96912,13.8372,10.5869,8.90299,8.63665,8.39075,8.55535
0.069649,-1.32804,4.16752,0.981032,-0.0920065,-0.171298,0.0943866,0.937358,0.0132461,0.169316,-0.0283542,0.98513,16.861,9.66788,8.22343,8.42501,7.64522,7.47959
0.831083,-2.76293,2.6023,0.946097,-0.10213,0.307452,0.129323,0.931135,-0.0702831,-0.296945,0.102309,0.948965,7.64246,6.95719,8.30887,8.14234,9.34967,9.74297
0.849059,-1.26252,2.72572,0.943673,0.0904544,0.3146,-0.107373,0.937524,-0.00189145,-0.312974,-0.0278538,0.949223,13.9352,10.5852,9.37671,9.00125,8.27783,8.439
0.111369,-2.79959,4.01902,0.988449,0.0908853,-0.11081,-0.112969,0.933613,-0.0839237,0.10103,0.0895367,0.990292,22.0815,17.3015,7.2226,7.27681,8.91366,8.68245
0.0612674,-1.02527,4.22047,0.980034,-0.110003,-0.165734,0.117237,0.934408,0.035452,0.160592,-0.051864,0.985533,16.0117,8.55047,8.42857,8.64902,7.37488,7.21457
0.506976,-1.85041,3.69392,0.994838,-0.0474972,0.0916962,0.0445337,0.940993,-0.00952405,-0.091187,0.0136196,0.995741,13.8671,9.54182,8.22845,8.1414,8.19044,8.2834
0.519951,-2.07479,3.72194,0.993246,-0.0648809,0.0981103,0.064976,0.939468,-0.0280846,-0.0961247,0.0331674,0.994779,13.3092,9.35827,8.03684,7.95423,8.33304,8.44914
0.456226,-2.42374,2.79766,0.995526,-0.0761785,0.0588709,0.0781572,0.936286,-0.073618,-0.0530901,0.0739859,0.995547,11.2758,9.97205,8.34035,8.33237,9.12188,9.24479
0.679173,-1.16378,3.37778,0.979942,0.0651527,0.184241,-0.0832662,0.939057,0.0323013,-0.181051,-0.0428486,0.98235,15.7666,10.5642,9.00063,8.74927,7.83,7.94713
0.688013,-1.22599,3.44792,0.978679,0.0638442,0.191388,-0.0807386,0.939439,0.0247373,-0.18886,-0.0358886,0.981203,15.8618,10.567,8.91488,8.66393,7.82605,7.95494
0.342937,-2.08152,4.27705,0.999909,0.00299664,-0.00889414,-0.0104615,0.941764,-0.0329487,0.00855362,0.031319,0.999417,19.0109,12.1976,7.67898,7.65825,8.12183,8.08077
0.391584,-1.51653,2.58661,0.999882,-0.00748128,0.0153104,0.000596777,0.942014,0.0232393,-0.0153284,-0.0215413,0.999613,13.0086,10.5943,9.12976,9.08172,8.6841,8.67059
0.0480906,-1.87834,2.88062,0.970901,0.0821947,-0.220228,-0.0932347,0.938684,0.0142355,0.220585,0.00510907,0.975345,18.3942,15.4046,8.57385,8.67665,8.85623,8.60373
-0.00638684,-2.01029,3.66331,0.969517,0.0685324,-0.231744,-0.0814941,0.939669,0.0012744,0.231074,0.0153464,0.972776,21.286,15.7158,7.97365,8.13059,8.50935,8.23583
0.264683,-1.59842,2.56397,0.99673,-0.0369961,-0.0740759,0.0332572,0.94146,0.0120662,0.0736401,-0.0138954,0.99718,12.849,10.6205,9.0359,9.10557,8.78315,8.73199
0.604639,-1.44753,3.0276,0.986695,0.0372567,0.155818,-0.049498,0.94132,0.0160742,-0.154861,-0.0209507,0.987655,14.2052,10.5666,8.96977,8.7765,8.27701,8.37145
0.64889,-1.33988,2.5622,0.98005,0.0510042,0.189181,-0.0666648,0.940341,0.024081,-0.187238,-0.0326484,0.981647,13.3216,10.5729,9.35722,9.11521,8.5022,8.59438
0.348929,-1.79072,3.68248,0.999934,-0.00250678,-0.010612,-0.00441556,0.942256,-0.00771182,0.0105782,0.00748475,0.999914,16.3858,11.4333,8.24529,8.24004,8.2169,8.19498
0.300152,-0.918283,4.22967,0.996746,-0.0770641,-0.0300112,0.076678,0.936886,0.0668972,0.0248509,-0.0649184,0.997308,15.5427,8.14678,8.58124,8.66535,7.21929,7.20703
0.30231,-2.01071,3.39196,0.999183,0.00602378,-0.0381287,-0.0144995,0.941859,-0.0290069,0.0377203,0.0278263,0.998852,16.0999,12.3508,8.24039,8.23609,8.56372,8.49006
0.593263,-0.924413,3.18552,0.989966,0.0633088,0.120332,-0.0827957,0.937331,0.069133,-0.114509,-0.0728796,0.990324,15.6211,10.5477,9.27036,9.04754,7.82197,7.86791
-0.0252093,-1.20725,2.54149,0.957652,-0.10652,-0.267595,0.116125,0.934919,0.021185,0.263472,-0.0498975,0.963299,12.1051,9.29561,9.19146,9.49791,8.55258,8.40231
0.181116,-1.45326,4.27003,0.992426,-0.0626174,-0.107476,0.0613382,0.939999,0.0139943,0.10643,-0.0197567,0.994109,17.6615,10.1491,8.11109,8.23563,7.66199,7.55419
0.783487,-1.84259,3.72985,0.957981,-0.105898,0.266624,0.103433,0.936291,0.0227883,-0.267534,0.0074131,0.963531,10.0147,6.51612,8.27403,8.04569,8.06997,8.34576
0.395683,-1.85374,2.86073,0.999592,-0.0231507,0.0224886,0.0179186,0.941892,-0.0146638,-0.0222247,0.0145818,0.99964,13.1628,10.7499,8.71513,8.68964,8.73661,8.75537
0.569701,-1.11128,3.18449,0.991544,0.0485633,0.115865,-0.0648243,0.939442,0.0521064,-0.112418,-0.0547774,0.991897,15.2443,10.5503,9.11903,8.92754,7.95621,8.00742
0.357124,-2.75631,3.96709,0.997929,0.0496018,0.024184,-0.056883,0.936257,-0.101076,-0.0300461,0.094188,0.994585,18.6295,14.4534,7.3756,7.28895,8.83079,8.74822
-0.101662,-2.13131,3.98273,0.955667,0.0932025,-0.274838,-0.107452,0.937486,0.00859502,0.274145,0.0185158,0.961452,24.3371,17.2037,7.66405,7.86623,8.46209,8.13254
-0.0909064,-1.84957,4.40583,0.95987,0.0814724,-0.264491,-0.0892933,0.938754,0.026948,0.26585,-0.0036355,0.964012,26.3739,16.0921,7.6487,7.87915,8.01348,7.70468
0.182592,-1.75794,3.64812,0.992189,-0.0442129,-0.118176,0.039143,0.941244,-0.00917815,0.118447,0.00368417,0.99295,16.1452,11.2476,8.22528,8.3359,8.25251,8.1399
0.200517,-1.59614,2.66343,0.991828,-0.0508701,-0.118598,0.0483526,0.940815,0.0083677,0.118062,-0.013759,0.992907,13.0605,10.6023,8.94711,9.06187,8.72851,8.64453
0.002642,-1.36976,4.49611,0.974242,-0.103015,-0.200882,0.104605,0.936408,5.15041e-05,0.199774,-0.0209243,0.979616,18.4462,9.84124,8.00968,8.24471,7.52488,7.31178
0.426562,-1.86617,3.80464,0.998881,-0.0310239,0.0395261,0.0265325,0.941661,-0.0142556,-0.0391382,0.0149075,0.999117,15.3281,10.4272,8.13099,8.08952,8.16935,8.20881
0.273413,-2.09367,4.35086,0.998515,0.0174979,-0.0481116,-0.0270893,0.941629,-0.0313274,0.0472695,0.0306354,0.998351,20.4834,12.9947,7.60467,7.62543,8.11609,8.03106
0.013812,-2.28489,3.13029,0.971714,0.0752582,-0.219661,-0.095244,0.938219,-0.0284956,0.216102,0.044619,0.97516,19.1807,16.4686,8.12462,8.22984,9.02264,8.73356
0.371791,-2.03479,4.4755,0.999611,-0.0324767,0.0048123,0.0276037,0.941346,-0.0281328,-0.0040355,0.0268941,0.999593,18.3324,11.0048,7.60664,7.60372,7.96538,7.97645
0.0811111,-1.2605,2.67165,0.976723,-0.0916225,-0.194546,0.0979608,0.936676,0.0298056,0.190831,-0.0464065,0.98044,12.3278,9.36265,9.11302,9.34198,8.49161,8.37794
-0.0993289,-1.4684,4.26179,0.955776,-0.117891,-0.269225,0.116816,0.934815,-0.021816,0.2699,-0.0115298,0.96283,17.7884,10.2073,8.01687,8.31604,7.74901,7.48752
0.0322512,-1.40902,2.51231,0.967721,-0.0923301,-0.234958,0.0960267,0.93724,0.00932936,0.233012,-0.0310644,0.971961,12.3862,9.93102,9.09937,9.34961,8.71404,8.5716
0.0558065,-2.6003,4.00926,0.982746,0.0874836,-0.155751,-0.109809,0.935719,-0.0573189,0.148833,0.0684535,0.986132,22.6431,17.1865,7.35219,7.45109,8.77256,8.52098
0.630742,-2.66138,4.39064,0.983113,-0.123219,0.134648,0.13296,0.931283,-0.0602464,-0.125739,0.0737486,0.98906,12.5344,8.07251,7.21541,7.08273,8.41397,8.6183
0.0939622,-2.40692,4.16135,0.986582,0.070575,-0.141275,-0.0887861,0.938219,-0.0436206,0.137012,0.0517087,0.989009,22.7408,16.0806,7.41474,7.51349,8.52524,8.31177
0.594054,-1.031,3.27378,0.98975,0.0573142,0.125739,-0.0753339,0.93857,0.0568698,-0.121327,-0.0609216,0.990432,15.6709,10.5502,9.13655,8.92586,7.83451,7.8939
0.0789161,-2.33198,2.76302,0.98041,0.0651117,-0.181711,-0.085573,0.938387,-0.0454079,0.177405,0.0556712,0.982303,17.2702,15.9174,8.36337,8.42252,9.25911,8.99751
0.241688,-2.12363,3.214,0.996568,0.0241134,-0.0761007,-0.0355555,0.941211,-0.0380998,0.0747561,0.0380773,0.996372,16.4846,13.3905,8.25461,8.26994,8.77518,8.6502
0.385184,-2.33711,3.19742,0.998441,-0.0579037,0.0121913,0.0551518,0.938473,-0.0647449,-0.00862023,0.0618458,0.997827,13.1221,10.7688,8.12587,8.14287,8.85984,8.91777
0.245568,-2.21662,3.73012,0.9971,0.0290455,-0.0660489,-0.0407964,0.940809,-0.0444109,0.0642494,0.0440847,0.996828,18.3556,13.6848,7.86537,7.88199,8.551,8.43186
-0.0137804,-2.1051,2.97978,0.964573,0.0722682,-0.250252,-0.0881653,0.93915,-0.00745023,0.248648,0.0261594,0.968152,18.8226,16.118,8.33841,8.46427,8.98712,8.68779
0.754391,-2.46301,4.47784,0.968854,-0.132114,0.208571,0.141778,0.931505,-0.0252405,-0.203028,0.0524824,0.977681,11.2841,6.76394,7.35943,7.14675,8.18337,8.44769
0.831877,-2.19503,2.92284,0.94233,-0.11386,0.314553,0.121293,0.934507,-0.00258443,-0.311934,0.040532,0.949236,7.93315,6.24439,8.49193,8.28751,8.76935,9.1114
0.766606,-1.38912,3.4431,0.96512,0.0717209,0.248369,-0.0850657,0.93941,-0.00161011,-0.247602,-0.0165759,0.968664,15.568,10.5811,8.81845,8.52587,7.92067,8.0978
0.277817,-1.63825,2.80522,0.997662,-0.0311314,-0.063179,0.0265902,0.941732,0.00776982,0.0629523,-0.0090581,0.997972,13.4907,10.786,8.86015,8.91584,8.65259,8.60332
-0.0524266,-1.94893,3.45125,0.959163,0.0750017,-0.269344,-0.0858467,0.939267,0.0137558,0.269512,0.00781468,0.962946,20.9276,15.9882,8.13417,8.30623,8.60032,8.29472
0.331038,-1.37671,4.47917,0.99926,-0.0370356,-0.0208565,0.0328507,0.94123,0.025981,0.0199987,-0.0249962,0.999445,18.3311,9.90227,8.11717,8.14977,7.44592,7.4294
0.26685,-1.90392,4.28083,0.998286,0.00700137,-0.056723,-0.0153341,0.942138,-0.0156291,0.056484,0.0153927,0.998268,19.84,12.3869,7.78679,7.82123,7.9989,7.91593
0.503199,-1.53829,2.94294,0.995594,0.0122137,0.0916349,-0.0214066,0.942082,0.0154966,-0.0912945,-0.0155413,0.995672,13.7867,10.5663,8.92176,8.80231,8.42686,8.47689
0.29836,-2.60533,3.04834,0.998153,0.0477777,-0.0190291,-0.0592412,0.936723,-0.0948462,0.0134381,0.0904221,0.99531,15.9837,14.5333,8.06393,7.99725,9.22755,9.09071
0.217929,-1.28377,4.42584,0.994629,-0.066087,-0.0819961,0.0657078,0.939414,0.0287429,0.0799695,-0.0322983,0.996218,17.7591,9.52943,8.1777,8.28572,7.43053,7.34807
0.0256571,-1.29747,4.30485,0.976143,-0.102046,-0.191986,0.105125,0.936315,0.00916675,0.189984,-0.0284608,0.981355,17.3386,9.56302,8.16561,8.39291,7.55831,7.36551
0.0717661,-1.53271,4.37319,0.982517,-0.0806349,-0.168739,0.0794195,0.938764,-0.00226738,0.168384,-0.011397,0.985658,18.3835,10.4381,7.96211,8.15092,7.7031,7.52776
0.356479,-2.27481,2.7215,0.999745,0.0142393,0.00461697,-0.0217673,0.940312,-0.0627799,-0.00599423,0.0593288,0.998017,14.0458,12.7042,8.52261,8.45306,9.15387,9.08419
0.0497618,-2.0347,3.0295,0.975375,0.0571059,-0.209975,-0.0712449,0.940288,-0.0104155,0.208727,0.0225321,0.977651,18.15,15.1724,8.37342,8.48287,8.88245,8.63104
0.583956,-2.08226,3.23006,0.986346,-0.0773419,0.146505,0.0796772,0.93845,-0.0247713,-0.144131,0.0352127,0.9889,11.2557,8.64419,8.34432,8.2351,8.59302,8.7589
0.575778,-0.966553,3.10763,0.991251,0.0579869,0.11286,-0.0763705,0.937879,0.0674971,-0.107653,-0.0702141,0.991316,15.31,10.5475,9.27786,9.06709,7.90857,7.94683
0.393422,-2.62458,4.43511,0.996734,-0.0823182,0.00757262,0.0807415,0.935737,-0.078288,-0.00123062,0.0743549,0.996902,16.2416,10.6473,7.1548,7.16409,8.43845,8.49951
0.31498,-2.57733,2.83572,0.99853,0.043618,-0.0100098,-0.053987,0.936935,-0.0952397,0.00487575,0.0903294,0.995404,15.1911,14.2582,8.23596,8.157,9.32676,9.19681
0.0828366,-2.60484,3.28033,0.983777,0.0806741,-0.153689,-0.104243,0.935483,-0.0699344,0.146002,0.0792026,0.985641,19.1512,16.8726,7.83067,7.88212,9.16039,8.89519
0.596834,-1.78358,3.23203,0.987181,0.0197432,0.157161,-0.0257252,0.94201,-0.0153113,-0.157516,0.0117117,0.987454,14.1164,10.5909,8.59027,8.42506,8.38684,8.50779
0.816458,-1.57223,2.86311,0.948503,0.0752319,0.30476,-0.0826242,0.939281,-0.0252714,-0.305804,0.00110642,0.952094,13.694,10.5934,9.05244,8.722,8.40511,8.59237
0.453866,-2.78858,3.37421,0.993883,-0.103374,0.0404258,0.106558,0.930766,-0.106671,-0.0290012,0.10439,0.993472,11.8765,9.95058,7.68517,7.69612,9.0477,9.19588
0.148861,-1.10641,2.5851,0.985525,-0.0887798,-0.145331,0.0961249,0.935855,0.0549001,0.139646,-0.0648239,0.987859,11.7244,8.77826,9.28899,9.49162,8.42439,8.35816
0.805959,-2.4667,2.82456,0.949174,-0.117918,0.291559,0.133969,0.932354,-0.0333134,-0.284817,0.0687093,0.955973,7.82156,6.53562,8.34951,8.17906,9.01888,9.36923
0.671952,-2.30424,4.24221,0.978759,-0.108302,0.174174,0.114627,0.934932,-0.0275971,-0.169975,0.045624,0.984328,12.156,7.67677,7.59461,7.42832,8.18998,8.40518
0.687974,-1.44026,3.4804,0.977631,0.0540784,0.200297,-0.0665754,0.940603,0.0052635,-0.199512,-0.01586,0.979721,15.5278,10.5731,8.73088,8.49211,7.9588,8.10473
-0.0345894,-1.38104,2.66055,0.955605,-0.103439,-0.276051,0.107672,0.936078,0.00169117,0.274272,-0.031102,0.961141,12.7269,9.89559,9.00176,9.2961,8.60414,8.43249
0.434724,-1.46526,4.07769,0.999277,0.000471318,0.0372853,-0.00824193,0.942098,0.0203999,-0.0371237,-0.0190092,0.999096,17.3693,10.5276,8.29461,8.231,7.70834,7.72816
0.544366,-1.31505,3.7151,0.993953,0.0320026,0.101914,-0.0441734,0.941215,0.0302055,-0.100533,-0.0316264,0.994335,16.4529,10.5461,8.64717,8.49955,7.77158,7.83902
0.773123,-2.06511,2.95123,0.954257,-0.109163,0.278311,0.113102,0.935473,0.00223589,-0.276768,0.0297076,0.960488,8.53263,6.63646,8.56202,8.37336,8.6803,8.97561
-0.0403787,-2.22953,2.6198,0.958253,0.0809514,-0.270485,-0.100823,0.937999,-0.0163305,0.267557,0.0389143,0.962586,18.0626,16.8497,8.49204,8.59783,9.31223,8.97601
0.531006,-2.5113,4.19949,0.991488,-0.0965955,0.0883835,0.101206,0.93497,-0.0612206,-0.0819101,0.066406,0.994203,13.6793,9.17303,7.41601,7.34067,8.41402,8.5562
0.231514,-0.89173,4.23887,0.99383,-0.0902376,-0.0664583,0.0930895,0.935608,0.0644856,0.0603044,-0.0663712,0.995703,15.4897,8.04711,8.57513,8.70183,7.21226,7.15829
-0.0416555,-0.927297,3.41611,0.961183,-0.128995,-0.243306,0.143036,0.931022,0.0361354,0.235942,-0.0668374,0.969276,13.1807,8.16798,8.8737,9.1899,7.78395,7.61241
0.239115,-1.09059,4.0236,0.994838,-0.0752984,-0.0705564,0.0765687,0.937817,0.0501961,0.0665989,-0.0523399,0.996244,15.4655,8.78071,8.53097,8.64438,7.49052,7.43698
0.102492,-1.46253,3.98299,0.984328,-0.0782775,-0.159056,0.078323,0.938832,0.00742704,0.157998,-0.0194269,0.987242,16.5565,10.156,8.22721,8.40453,7.84638,7.69813
-0.0379123,-1.6505,4.21917,0.966235,-0.098094,-0.238592,0.0941867,0.93717,-0.0243883,0.239832,-0.000313337,0.970814,18.0845,10.8587,7.91547,8.17149,7.90684,7.67218
0.51827,-2.49233,3.65435,0.991907,-0.0921718,0.0886332,0.096971,0.935063,-0.0666899,-0.0819547,0.0712124,0.993829,12.3387,9.30309,7.74962,7.69424,8.6729,8.82103
0.604421,-2.31748,3.56507,0.984411,-0.0954433,0.148376,0.101683,0.935869,-0.0419504,-0.143514,0.0543153,0.988041,11.3391,8.3923,7.95953,7.84821,8.56483,8.75559
0.424706,-2.70421,2.87878,0.995442,-0.0924243,0.0281049,0.0936397,0.932067,-0.106829,-0.018084,0.103044,0.99388,11.2814,10.2694,8.0716,8.10513,9.26762,9.40448
-0.07525,-1.38805,3.51475,0.953514,-0.115388,-0.278244,0.117541,0.934909,-0.0101837,0.277479,-0.0232606,0.960457,14.8594,9.87419,8.47989,8.78276,8.08836,7.86953
0.189539,-1.05496,3.86148,0.991367,-0.0863068,-0.100138,0.0900828,0.936616,0.0511577,0.0952695,-0.056673,0.993658,14.801,8.63526,8.62323,8.77338,7.56936,7.49242
0.525488,-0.834354,2.9502,0.994836,0.0583394,0.0745725,-0.0754246,0.936329,0.0892658,-0.0679156,-0.0882877,0.993212,15.1049,10.5385,9.45755,9.25865,7.94791,7.94116
0.0568542,-1.61221,3.64854,0.977299,-0.0801071,-0.196934,0.0779213,0.938849,-0.00882711,0.197017,-0.00738925,0.980377,15.7973,10.686,8.28553,8.48845,8.1652,7.99285
0.565042,-1.67895,3.01815,0.990287,0.0178037,0.136629,-0.0256359,0.942121,-0.00283569,-0.136656,0.000487838,0.990618,13.7436,10.5786,8.79062,8.63916,8.45586,8.55018
